{
    "type":  "Feature",
    "properties":  {
                       "Name":  "Bro Dysynni ED",
                       "Area_Code":  "UTE",
                       "Area_Description":  "Unitary Authority Electoral Division",
                       "File_Name":  "GWYNEDD_-_GWYNEDD",
                       "Feature_Serial_Number":  246,
                       "Collection_Serial_Number":  246,
                       "Global_Polygon_ID":  142523,
                       "Admin_Unit_ID":  182768,
                       "Census_Code":  "W05001515",
                       "Hectares":  13231.168,
                       "Non_Inland_Area":  2.33,
                       "Area_Type_Code":  "VA",
                       "Area_Type_Description":  "CIVIL VOTING AREA",
                       "Non_Area_Type_Code":  null,
                       "Non_Area_Type_Description":  null
                   },
    "geometry":  {
                     "type":  "MultiPolygon",
                     "coordinates":  [
                                         [
                                             [
                                                 [
                                                     -4.097723732423395,
                                                     52.607114641180388
                                                 ],
                                                 [
                                                     -4.09763220713169,
                                                     52.607271306828402
                                                 ],
                                                 [
                                                     -4.097581527173082,
                                                     52.607354899912089
                                                 ],
                                                 [
                                                     -4.097530932916287,
                                                     52.607440289721488
                                                 ],
                                                 [
                                                     -4.09728794845091,
                                                     52.607701763795639
                                                 ],
                                                 [
                                                     -4.097116074977887,
                                                     52.607846023642431
                                                 ],
                                                 [
                                                     -4.096980244751434,
                                                     52.607969777570958
                                                 ],
                                                 [
                                                     -4.096930035108923,
                                                     52.608032689134312
                                                 ],
                                                 [
                                                     -4.096719997147529,
                                                     52.608178519864936
                                                 ],
                                                 [
                                                     -4.09668983160362,
                                                     52.608197033167784
                                                 ],
                                                 [
                                                     -4.096677209756724,
                                                     52.608241299867871
                                                 ],
                                                 [
                                                     -4.096684983744475,
                                                     52.608251050869079
                                                 ],
                                                 [
                                                     -4.096683653048025,
                                                     52.608253771836637
                                                 ],
                                                 [
                                                     -4.096700772272569,
                                                     52.60827054860993
                                                 ],
                                                 [
                                                     -4.096782446950003,
                                                     52.608374268449062
                                                 ],
                                                 [
                                                     -4.096937595637263,
                                                     52.608499251578571
                                                 ],
                                                 [
                                                     -4.096972533363051,
                                                     52.608519305657204
                                                 ],
                                                 [
                                                     -4.097057123563051,
                                                     52.608559156745358
                                                 ],
                                                 [
                                                     -4.097209736658575,
                                                     52.608631061808175
                                                 ],
                                                 [
                                                     -4.097269608222853,
                                                     52.608678538283044
                                                 ],
                                                 [
                                                     -4.097283814471566,
                                                     52.608912086614524
                                                 ],
                                                 [
                                                     -4.0972839057007,
                                                     52.609038826908076
                                                 ],
                                                 [
                                                     -4.097397260831667,
                                                     52.609186120911019
                                                 ],
                                                 [
                                                     -4.097404080408067,
                                                     52.609265099601821
                                                 ],
                                                 [
                                                     -4.097431552138715,
                                                     52.609345513392839
                                                 ],
                                                 [
                                                     -4.097504648069731,
                                                     52.609453071170549
                                                 ],
                                                 [
                                                     -4.097573448597021,
                                                     52.609626235676402
                                                 ],
                                                 [
                                                     -4.097584359560819,
                                                     52.609762762858573
                                                 ],
                                                 [
                                                     -4.097581186872476,
                                                     52.609943492811283
                                                 ],
                                                 [
                                                     -4.09734342172028,
                                                     52.609975569158777
                                                 ],
                                                 [
                                                     -4.097110755442217,
                                                     52.609989579229705
                                                 ],
                                                 [
                                                     -4.096976040733732,
                                                     52.610045087942559
                                                 ],
                                                 [
                                                     -4.096786001166438,
                                                     52.610117668111556
                                                 ],
                                                 [
                                                     -4.096790980073719,
                                                     52.610221847966571
                                                 ],
                                                 [
                                                     -4.096832304493321,
                                                     52.610281340072284
                                                 ],
                                                 [
                                                     -4.096931968017109,
                                                     52.610389329495689
                                                 ],
                                                 [
                                                     -4.097183952798416,
                                                     52.610562842584685
                                                 ],
                                                 [
                                                     -4.09729147014574,
                                                     52.610649116983701
                                                 ],
                                                 [
                                                     -4.097448901097898,
                                                     52.610791049071771
                                                 ],
                                                 [
                                                     -4.097530660124703,
                                                     52.610863306222818
                                                 ],
                                                 [
                                                     -4.097462077640992,
                                                     52.610880702931468
                                                 ],
                                                 [
                                                     -4.097417395140781,
                                                     52.610903965648454
                                                 ],
                                                 [
                                                     -4.09743688982768,
                                                     52.611034047718427
                                                 ],
                                                 [
                                                     -4.097565273460831,
                                                     52.611370739464057
                                                 ],
                                                 [
                                                     -4.09772876777867,
                                                     52.611578271553064
                                                 ],
                                                 [
                                                     -4.097858636404243,
                                                     52.611512959219134
                                                 ],
                                                 [
                                                     -4.098068990184208,
                                                     52.611526309049644
                                                 ],
                                                 [
                                                     -4.098393860930492,
                                                     52.611647383487295
                                                 ],
                                                 [
                                                     -4.098695418353535,
                                                     52.611744510965273
                                                 ],
                                                 [
                                                     -4.098810962864923,
                                                     52.611751448722359
                                                 ],
                                                 [
                                                     -4.098976252065712,
                                                     52.611718856125357
                                                 ],
                                                 [
                                                     -4.099082385824399,
                                                     52.611681920880962
                                                 ],
                                                 [
                                                     -4.09918805742755,
                                                     52.61166836132216
                                                 ],
                                                 [
                                                     -4.099288841190344,
                                                     52.61170792374223
                                                 ],
                                                 [
                                                     -4.099417092244171,
                                                     52.611764076279734
                                                 ],
                                                 [
                                                     -4.099906320335295,
                                                     52.612077288410873
                                                 ],
                                                 [
                                                     -4.099932201315867,
                                                     52.612093906630534
                                                 ],
                                                 [
                                                     -4.099559200587155,
                                                     52.612295668785016
                                                 ],
                                                 [
                                                     -4.099534780863377,
                                                     52.612309583431411
                                                 ],
                                                 [
                                                     -4.099904942656917,
                                                     52.612481087770405
                                                 ],
                                                 [
                                                     -4.100550499009813,
                                                     52.612759971254825
                                                 ],
                                                 [
                                                     -4.100966388514361,
                                                     52.612932459306649
                                                 ],
                                                 [
                                                     -4.10153161356668,
                                                     52.613168809693953
                                                 ],
                                                 [
                                                     -4.102174056606628,
                                                     52.613412776878704
                                                 ],
                                                 [
                                                     -4.1028976720579,
                                                     52.613655207226394
                                                 ],
                                                 [
                                                     -4.103199429518737,
                                                     52.61375600357399
                                                 ],
                                                 [
                                                     -4.103077165611344,
                                                     52.613885815537088
                                                 ],
                                                 [
                                                     -4.103018536102995,
                                                     52.613925509807508
                                                 ],
                                                 [
                                                     -4.102811077144663,
                                                     52.614066813281184
                                                 ],
                                                 [
                                                     -4.103280562725504,
                                                     52.614338114743447
                                                 ],
                                                 [
                                                     -4.103298729868694,
                                                     52.614379138697025
                                                 ],
                                                 [
                                                     -4.103314325271231,
                                                     52.614457963871459
                                                 ],
                                                 [
                                                     -4.103311093075561,
                                                     52.614636986726651
                                                 ],
                                                 [
                                                     -4.103350701431623,
                                                     52.614845720186004
                                                 ],
                                                 [
                                                     -4.103380425517012,
                                                     52.6149729231186
                                                 ],
                                                 [
                                                     -4.103344513771479,
                                                     52.615026596500982
                                                 ],
                                                 [
                                                     -4.103292579267436,
                                                     52.615081450940139
                                                 ],
                                                 [
                                                     -4.103181672895343,
                                                     52.61514094853716
                                                 ],
                                                 [
                                                     -4.102989296853648,
                                                     52.615165038486992
                                                 ],
                                                 [
                                                     -4.102857611430107,
                                                     52.615192548610281
                                                 ],
                                                 [
                                                     -4.102677601721608,
                                                     52.615258756832411
                                                 ],
                                                 [
                                                     -4.10230890655563,
                                                     52.615423506484262
                                                 ],
                                                 [
                                                     -4.101742907026253,
                                                     52.615697912791276
                                                 ],
                                                 [
                                                     -4.101443091259638,
                                                     52.615820985867039
                                                 ],
                                                 [
                                                     -4.101340823287154,
                                                     52.615908286940204
                                                 ],
                                                 [
                                                     -4.1012458485595,
                                                     52.616053790676787
                                                 ],
                                                 [
                                                     -4.10120627445289,
                                                     52.616120111744294
                                                 ],
                                                 [
                                                     -4.101243663668155,
                                                     52.616130236019693
                                                 ],
                                                 [
                                                     -4.101184619068953,
                                                     52.61625541822113
                                                 ],
                                                 [
                                                     -4.10062446228649,
                                                     52.616372322030585
                                                 ],
                                                 [
                                                     -4.10043375427552,
                                                     52.616400875643777
                                                 ],
                                                 [
                                                     -4.100365622511196,
                                                     52.616394892998578
                                                 ],
                                                 [
                                                     -4.10022985543005,
                                                     52.61639820045496
                                                 ],
                                                 [
                                                     -4.099904619403143,
                                                     52.61639497953049
                                                 ],
                                                 [
                                                     -4.099798549727949,
                                                     52.616400456295949
                                                 ],
                                                 [
                                                     -4.099681105011803,
                                                     52.616415124219252
                                                 ],
                                                 [
                                                     -4.099563918048535,
                                                     52.616435178657611
                                                 ],
                                                 [
                                                     -4.099345740782468,
                                                     52.616508261642402
                                                 ],
                                                 [
                                                     -4.099101626865155,
                                                     52.616561127573981
                                                 ],
                                                 [
                                                     -4.099025984726766,
                                                     52.616492355069241
                                                 ],
                                                 [
                                                     -4.098634235137965,
                                                     52.616888604135106
                                                 ],
                                                 [
                                                     -4.098178528519851,
                                                     52.617338207739287
                                                 ],
                                                 [
                                                     -4.097801525885141,
                                                     52.61782407976613
                                                 ],
                                                 [
                                                     -4.097640347401453,
                                                     52.61797623719314
                                                 ],
                                                 [
                                                     -4.097591065154294,
                                                     52.61799508662304
                                                 ],
                                                 [
                                                     -4.097293762680564,
                                                     52.618082152600977
                                                 ],
                                                 [
                                                     -4.097071832972241,
                                                     52.618135520433761
                                                 ],
                                                 [
                                                     -4.096901593451165,
                                                     52.618345368298314
                                                 ],
                                                 [
                                                     -4.096634633415252,
                                                     52.618600971705135
                                                 ],
                                                 [
                                                     -4.096574536271151,
                                                     52.618704505480693
                                                 ],
                                                 [
                                                     -4.096567753818187,
                                                     52.618715413367219
                                                 ],
                                                 [
                                                     -4.096624462016639,
                                                     52.61876025240592
                                                 ],
                                                 [
                                                     -4.096710575444869,
                                                     52.618828928215329
                                                 ],
                                                 [
                                                     -4.096705168756991,
                                                     52.618871272392802
                                                 ],
                                                 [
                                                     -4.096658806089789,
                                                     52.618920630335161
                                                 ],
                                                 [
                                                     -4.096554755251132,
                                                     52.61900157573843
                                                 ],
                                                 [
                                                     -4.096407772014134,
                                                     52.619170560865321
                                                 ],
                                                 [
                                                     -4.096302000716459,
                                                     52.619276701413128
                                                 ],
                                                 [
                                                     -4.09626744273181,
                                                     52.619356415302477
                                                 ],
                                                 [
                                                     -4.096200949193436,
                                                     52.619448468692667
                                                 ],
                                                 [
                                                     -4.096192578215907,
                                                     52.619459403778258
                                                 ],
                                                 [
                                                     -4.096086934476529,
                                                     52.619568238359889
                                                 ],
                                                 [
                                                     -4.095791032490821,
                                                     52.619898960259945
                                                 ],
                                                 [
                                                     -4.095672204138687,
                                                     52.620162723501693
                                                 ],
                                                 [
                                                     -4.095534224530074,
                                                     52.620397975985803
                                                 ],
                                                 [
                                                     -4.095521995664189,
                                                     52.620419854298071
                                                 ],
                                                 [
                                                     -4.09555342375218,
                                                     52.620430085879356
                                                 ],
                                                 [
                                                     -4.095555012375834,
                                                     52.620432754261273
                                                 ],
                                                 [
                                                     -4.095590856821148,
                                                     52.620441109408404
                                                 ],
                                                 [
                                                     -4.095683887695481,
                                                     52.620470923528345
                                                 ],
                                                 [
                                                     -4.095867618176106,
                                                     52.620512613769954
                                                 ],
                                                 [
                                                     -4.096200872835401,
                                                     52.620621771976758
                                                 ],
                                                 [
                                                     -4.096398219584035,
                                                     52.620700974009758
                                                 ],
                                                 [
                                                     -4.096398181730584,
                                                     52.620701047509648
                                                 ],
                                                 [
                                                     -4.096235739197819,
                                                     52.621012253825086
                                                 ],
                                                 [
                                                     -4.09607865893952,
                                                     52.621217372578755
                                                 ],
                                                 [
                                                     -4.095756777701984,
                                                     52.621346306064126
                                                 ],
                                                 [
                                                     -4.095397621180002,
                                                     52.621434458208896
                                                 ],
                                                 [
                                                     -4.095103123982707,
                                                     52.621550232921038
                                                 ],
                                                 [
                                                     -4.095026235616072,
                                                     52.621516537095438
                                                 ],
                                                 [
                                                     -4.094796084701372,
                                                     52.621648248833878
                                                 ],
                                                 [
                                                     -4.094730494214206,
                                                     52.621698036937914
                                                 ],
                                                 [
                                                     -4.094684944517034,
                                                     52.621733899882535
                                                 ],
                                                 [
                                                     -4.094672663242505,
                                                     52.621754789979057
                                                 ],
                                                 [
                                                     -4.094639900622771,
                                                     52.621811101334814
                                                 ],
                                                 [
                                                     -4.094587954943354,
                                                     52.62192977232926
                                                 ],
                                                 [
                                                     -4.09462015289576,
                                                     52.622047943897101
                                                 ],
                                                 [
                                                     -4.094555835242879,
                                                     52.622060767653743
                                                 ],
                                                 [
                                                     -4.094536431804455,
                                                     52.622118638228464
                                                 ],
                                                 [
                                                     -4.094364574466496,
                                                     52.622450754875821
                                                 ],
                                                 [
                                                     -4.094323742218174,
                                                     52.622460466605531
                                                 ],
                                                 [
                                                     -4.094322453828276,
                                                     52.622464085020823
                                                 ],
                                                 [
                                                     -4.094290171277204,
                                                     52.622469150760111
                                                 ],
                                                 [
                                                     -4.094139696337536,
                                                     52.622504171834862
                                                 ],
                                                 [
                                                     -4.094055468824745,
                                                     52.622505661414642
                                                 ],
                                                 [
                                                     -4.093896965675506,
                                                     52.62246441865279
                                                 ],
                                                 [
                                                     -4.093324243122859,
                                                     52.622909689563848
                                                 ],
                                                 [
                                                     -4.093282598961076,
                                                     52.622996809816698
                                                 ],
                                                 [
                                                     -4.093189081875941,
                                                     52.623109922019026
                                                 ],
                                                 [
                                                     -4.093107169944377,
                                                     52.623190471961856
                                                 ],
                                                 [
                                                     -4.093049033354429,
                                                     52.623240936549415
                                                 ],
                                                 [
                                                     -4.092841711289186,
                                                     52.623386711433781
                                                 ],
                                                 [
                                                     -4.092565262265539,
                                                     52.623539015149817
                                                 ],
                                                 [
                                                     -4.092801680715974,
                                                     52.623630207763227
                                                 ],
                                                 [
                                                     -4.092981688402249,
                                                     52.623718710577201
                                                 ],
                                                 [
                                                     -4.09316551785269,
                                                     52.623792763060038
                                                 ],
                                                 [
                                                     -4.093249110086949,
                                                     52.623811062654489
                                                 ],
                                                 [
                                                     -4.093527257520929,
                                                     52.623880749815804
                                                 ],
                                                 [
                                                     -4.093814739616848,
                                                     52.623962049889776
                                                 ],
                                                 [
                                                     -4.093913649250605,
                                                     52.623989964116518
                                                 ],
                                                 [
                                                     -4.094066445326992,
                                                     52.624003440137024
                                                 ],
                                                 [
                                                     -4.094337301531153,
                                                     52.6240121340972
                                                 ],
                                                 [
                                                     -4.094607308927193,
                                                     52.624005560814616
                                                 ],
                                                 [
                                                     -4.094618941810636,
                                                     52.624218477065746
                                                 ],
                                                 [
                                                     -4.09456114589608,
                                                     52.624306689095143
                                                 ],
                                                 [
                                                     -4.094366012443339,
                                                     52.624552026733006
                                                 ],
                                                 [
                                                     -4.094385076803742,
                                                     52.624611916953036
                                                 ],
                                                 [
                                                     -4.094342099130057,
                                                     52.6246711044558
                                                 ],
                                                 [
                                                     -4.094258544557507,
                                                     52.624684265559353
                                                 ],
                                                 [
                                                     -4.094218148270252,
                                                     52.624705655533241
                                                 ],
                                                 [
                                                     -4.094118540484188,
                                                     52.624785617284786
                                                 ],
                                                 [
                                                     -4.094169106557205,
                                                     52.624977173074868
                                                 ],
                                                 [
                                                     -4.094181728872769,
                                                     52.624994029741508
                                                 ],
                                                 [
                                                     -4.094063362448943,
                                                     52.625053650366013
                                                 ],
                                                 [
                                                     -4.094226676316891,
                                                     52.625131659671844
                                                 ],
                                                 [
                                                     -4.094152013755472,
                                                     52.62517531841042
                                                 ],
                                                 [
                                                     -4.094131617609219,
                                                     52.62521253270986
                                                 ],
                                                 [
                                                     -4.093999638161931,
                                                     52.625295765127042
                                                 ],
                                                 [
                                                     -4.093633370289343,
                                                     52.625330105674955
                                                 ],
                                                 [
                                                     -4.093381002213953,
                                                     52.625336365734462
                                                 ],
                                                 [
                                                     -4.093259651693483,
                                                     52.625703542014712
                                                 ],
                                                 [
                                                     -4.093167326363212,
                                                     52.625997398836702
                                                 ],
                                                 [
                                                     -4.093110732773283,
                                                     52.626174670243067
                                                 ],
                                                 [
                                                     -4.092840733916768,
                                                     52.626584924452324
                                                 ],
                                                 [
                                                     -4.092903543155543,
                                                     52.626632352134656
                                                 ],
                                                 [
                                                     -4.092986275242324,
                                                     52.626693811044412
                                                 ],
                                                 [
                                                     -4.093044795652284,
                                                     52.626712550362839
                                                 ],
                                                 [
                                                     -4.093221906041244,
                                                     52.626770632533251
                                                 ],
                                                 [
                                                     -4.093366243208075,
                                                     52.626821117123704
                                                 ],
                                                 [
                                                     -4.093478348071034,
                                                     52.626880258169933
                                                 ],
                                                 [
                                                     -4.093507071496233,
                                                     52.626895030189743
                                                 ],
                                                 [
                                                     -4.093528928437964,
                                                     52.626888353448976
                                                 ],
                                                 [
                                                     -4.09358573257501,
                                                     52.62687116839831
                                                 ],
                                                 [
                                                     -4.093632313656427,
                                                     52.626823604406709
                                                 ],
                                                 [
                                                     -4.093633609329691,
                                                     52.626758862951576
                                                 ],
                                                 [
                                                     -4.093662759566863,
                                                     52.626718796582921
                                                 ],
                                                 [
                                                     -4.093819775904154,
                                                     52.626697950468618
                                                 ],
                                                 [
                                                     -4.093988551974522,
                                                     52.626703955539597
                                                 ],
                                                 [
                                                     -4.094121184005908,
                                                     52.626759228174301
                                                 ],
                                                 [
                                                     -4.094366033318809,
                                                     52.626779168986204
                                                 ],
                                                 [
                                                     -4.094499439753753,
                                                     52.626789391827323
                                                 ],
                                                 [
                                                     -4.094531721084197,
                                                     52.626814888443796
                                                 ],
                                                 [
                                                     -4.094611621349125,
                                                     52.626878193687773
                                                 ],
                                                 [
                                                     -4.094783106519964,
                                                     52.627035249592204
                                                 ],
                                                 [
                                                     -4.094967676856649,
                                                     52.627249512047719
                                                 ],
                                                 [
                                                     -4.095047278159496,
                                                     52.627306530173733
                                                 ],
                                                 [
                                                     -4.095297297828115,
                                                     52.627375905346334
                                                 ],
                                                 [
                                                     -4.095089913560585,
                                                     52.627581822574314
                                                 ],
                                                 [
                                                     -4.094932976748954,
                                                     52.627790529785997
                                                 ],
                                                 [
                                                     -4.094807390066606,
                                                     52.627946457960114
                                                 ],
                                                 [
                                                     -4.094789704790241,
                                                     52.627979220452858
                                                 ],
                                                 [
                                                     -4.094880297440616,
                                                     52.628049528521792
                                                 ],
                                                 [
                                                     -4.095032886283033,
                                                     52.62818076174905
                                                 ],
                                                 [
                                                     -4.095169727985406,
                                                     52.628293486061196
                                                 ],
                                                 [
                                                     -4.095204205581879,
                                                     52.628364786732959
                                                 ],
                                                 [
                                                     -4.095207338602251,
                                                     52.628430348978398
                                                 ],
                                                 [
                                                     -4.095146754117602,
                                                     52.62858521816726
                                                 ],
                                                 [
                                                     -4.095003079803079,
                                                     52.628793600849562
                                                 ],
                                                 [
                                                     -4.094906219176704,
                                                     52.628994955665817
                                                 ],
                                                 [
                                                     -4.094769063706855,
                                                     52.6294010647512
                                                 ],
                                                 [
                                                     -4.09468795604362,
                                                     52.629590454685221
                                                 ],
                                                 [
                                                     -4.094688981771264,
                                                     52.629673131393304
                                                 ],
                                                 [
                                                     -4.094688850286215,
                                                     52.629700998679589
                                                 ],
                                                 [
                                                     -4.094672404426214,
                                                     52.629759718699489
                                                 ],
                                                 [
                                                     -4.094655316011238,
                                                     52.629774401668712
                                                 ],
                                                 [
                                                     -4.094584509071756,
                                                     52.62983767616354
                                                 ],
                                                 [
                                                     -4.094488800796862,
                                                     52.629968896883746
                                                 ],
                                                 [
                                                     -4.094289090490052,
                                                     52.630274539619762
                                                 ],
                                                 [
                                                     -4.094120111612925,
                                                     52.630478876571473
                                                 ],
                                                 [
                                                     -4.094014870191485,
                                                     52.630596781199145
                                                 ],
                                                 [
                                                     -4.093958048176221,
                                                     52.630766774853555
                                                 ],
                                                 [
                                                     -4.093273439259181,
                                                     52.630697978387488
                                                 ],
                                                 [
                                                     -4.093212589523417,
                                                     52.630722426896433
                                                 ],
                                                 [
                                                     -4.093001712656564,
                                                     52.630855682050239
                                                 ],
                                                 [
                                                     -4.092620576328177,
                                                     52.631013428557807
                                                 ],
                                                 [
                                                     -4.092319779445315,
                                                     52.631087956879526
                                                 ],
                                                 [
                                                     -4.091716176679352,
                                                     52.631136371095614
                                                 ],
                                                 [
                                                     -4.091644071359796,
                                                     52.631203352239631
                                                 ],
                                                 [
                                                     -4.09200861018617,
                                                     52.63150441623236
                                                 ],
                                                 [
                                                     -4.092147679334769,
                                                     52.631599937561184
                                                 ],
                                                 [
                                                     -4.092342107238117,
                                                     52.631680998164342
                                                 ],
                                                 [
                                                     -4.092533055995546,
                                                     52.631717172415051
                                                 ],
                                                 [
                                                     -4.092686994938891,
                                                     52.631754003089242
                                                 ],
                                                 [
                                                     -4.09278253312309,
                                                     52.631835998571425
                                                 ],
                                                 [
                                                     -4.092783176329683,
                                                     52.631849472358446
                                                 ],
                                                 [
                                                     -4.092794201619044,
                                                     52.632019165457351
                                                 ],
                                                 [
                                                     -4.092834774647514,
                                                     52.632062491411929
                                                 ],
                                                 [
                                                     -4.092679501179327,
                                                     52.632153414029965
                                                 ],
                                                 [
                                                     -4.092566648700533,
                                                     52.632203948692528
                                                 ],
                                                 [
                                                     -4.092522975379547,
                                                     52.632248763405556
                                                 ],
                                                 [
                                                     -4.092581887674983,
                                                     52.632275590933851
                                                 ],
                                                 [
                                                     -4.092488444264433,
                                                     52.632393285631373
                                                 ],
                                                 [
                                                     -4.092356044628741,
                                                     52.632560119083607
                                                 ],
                                                 [
                                                     -4.092129511340599,
                                                     52.632860837907202
                                                 ],
                                                 [
                                                     -4.092168631916084,
                                                     52.632876328406802
                                                 ],
                                                 [
                                                     -4.092012826178853,
                                                     52.633048156924993
                                                 ],
                                                 [
                                                     -4.091939694378464,
                                                     52.633096190997826
                                                 ],
                                                 [
                                                     -4.091796731808977,
                                                     52.63322815509779
                                                 ],
                                                 [
                                                     -4.091618209833286,
                                                     52.633324790885659
                                                 ],
                                                 [
                                                     -4.091550188896536,
                                                     52.633418665584074
                                                 ],
                                                 [
                                                     -4.091449734389543,
                                                     52.633542686327822
                                                 ],
                                                 [
                                                     -4.09130835850036,
                                                     52.63370796960654
                                                 ],
                                                 [
                                                     -4.091331745987449,
                                                     52.633858566316945
                                                 ],
                                                 [
                                                     -4.090941136111667,
                                                     52.63437530443472
                                                 ],
                                                 [
                                                     -4.090421842627512,
                                                     52.63501206453504
                                                 ],
                                                 [
                                                     -4.089793691312314,
                                                     52.635817032653563
                                                 ],
                                                 [
                                                     -4.089814656802709,
                                                     52.635824753047437
                                                 ],
                                                 [
                                                     -4.09059684750205,
                                                     52.636111262827264
                                                 ],
                                                 [
                                                     -4.090562056395681,
                                                     52.636155919947043
                                                 ],
                                                 [
                                                     -4.09056652625788,
                                                     52.636157638399879
                                                 ],
                                                 [
                                                     -4.089300769192809,
                                                     52.637784912257146
                                                 ],
                                                 [
                                                     -4.088281130799059,
                                                     52.637666266579473
                                                 ],
                                                 [
                                                     -4.088244091438641,
                                                     52.637755910069103
                                                 ],
                                                 [
                                                     -4.08823210241532,
                                                     52.637783088140033
                                                 ],
                                                 [
                                                     -4.088192126172134,
                                                     52.637782893906611
                                                 ],
                                                 [
                                                     -4.088079823169411,
                                                     52.637783974928169
                                                 ],
                                                 [
                                                     -4.088060745649659,
                                                     52.637879681872477
                                                 ],
                                                 [
                                                     -4.088050296717017,
                                                     52.637939190610609
                                                 ],
                                                 [
                                                     -4.088060355833509,
                                                     52.638150337251773
                                                 ],
                                                 [
                                                     -4.087998168673989,
                                                     52.638364466022892
                                                 ],
                                                 [
                                                     -4.087934878692211,
                                                     52.638555333058179
                                                 ],
                                                 [
                                                     -4.087915706305281,
                                                     52.638649154365197
                                                 ],
                                                 [
                                                     -4.087842082743821,
                                                     52.638717867197649
                                                 ],
                                                 [
                                                     -4.087725988499733,
                                                     52.638826072133021
                                                 ],
                                                 [
                                                     -4.087537252192748,
                                                     52.638959735891767
                                                 ],
                                                 [
                                                     -4.087476625619049,
                                                     52.639111903965244
                                                 ],
                                                 [
                                                     -4.087466268492822,
                                                     52.639175906656746
                                                 ],
                                                 [
                                                     -4.087452503333026,
                                                     52.639257944791616
                                                 ],
                                                 [
                                                     -4.087359876342901,
                                                     52.6394547233323
                                                 ],
                                                 [
                                                     -4.087262980970224,
                                                     52.639500476707909
                                                 ],
                                                 [
                                                     -4.087066253324263,
                                                     52.639619897159186
                                                 ],
                                                 [
                                                     -4.086544144237867,
                                                     52.64001570238942
                                                 ],
                                                 [
                                                     -4.087012409181078,
                                                     52.640260124396413
                                                 ],
                                                 [
                                                     -4.087561163476896,
                                                     52.640485146863071
                                                 ],
                                                 [
                                                     -4.087684545777246,
                                                     52.640529714032667
                                                 ],
                                                 [
                                                     -4.087826732896322,
                                                     52.640628778404867
                                                 ],
                                                 [
                                                     -4.087860959222438,
                                                     52.640697478027036
                                                 ],
                                                 [
                                                     -4.087873477889354,
                                                     52.640804224817877
                                                 ],
                                                 [
                                                     -4.087855165953772,
                                                     52.640885444010628
                                                 ],
                                                 [
                                                     -4.087804976091258,
                                                     52.641041923846316
                                                 ],
                                                 [
                                                     -4.087797229006799,
                                                     52.641127451520703
                                                 ],
                                                 [
                                                     -4.087819378815756,
                                                     52.641188187374325
                                                 ],
                                                 [
                                                     -4.087900805341699,
                                                     52.641285715323399
                                                 ],
                                                 [
                                                     -4.088043240751309,
                                                     52.641420733002825
                                                 ],
                                                 [
                                                     -4.088086680858439,
                                                     52.64152423630739
                                                 ],
                                                 [
                                                     -4.088082158155882,
                                                     52.641646652323928
                                                 ],
                                                 [
                                                     -4.088019206493101,
                                                     52.641847309315644
                                                 ],
                                                 [
                                                     -4.087950881014619,
                                                     52.642024784376098
                                                 ],
                                                 [
                                                     -4.087925009014852,
                                                     52.642134002622257
                                                 ],
                                                 [
                                                     -4.087918908303786,
                                                     52.642161974154234
                                                 ],
                                                 [
                                                     -4.08791561450698,
                                                     52.642341000063134
                                                 ],
                                                 [
                                                     -4.087746809793591,
                                                     52.642397008265618
                                                 ],
                                                 [
                                                     -4.087665028302257,
                                                     52.642417324387395
                                                 ],
                                                 [
                                                     -4.087625894917155,
                                                     52.64243239845181
                                                 ],
                                                 [
                                                     -4.087497333972369,
                                                     52.642496686385975
                                                 ],
                                                 [
                                                     -4.087059511762826,
                                                     52.642643818705942
                                                 ],
                                                 [
                                                     -4.085574535416766,
                                                     52.643028715597517
                                                 ],
                                                 [
                                                     -4.085310923341879,
                                                     52.643110661715333
                                                 ],
                                                 [
                                                     -4.085192494888954,
                                                     52.643170273954645
                                                 ],
                                                 [
                                                     -4.085066673864797,
                                                     52.643258869222571
                                                 ],
                                                 [
                                                     -4.084940406461121,
                                                     52.64340221648375
                                                 ],
                                                 [
                                                     -4.084742169634775,
                                                     52.643646692051881
                                                 ],
                                                 [
                                                     -4.084650132949642,
                                                     52.643794826696173
                                                 ],
                                                 [
                                                     -4.084600014036643,
                                                     52.64395310200333
                                                 ],
                                                 [
                                                     -4.084555621210171,
                                                     52.644231722690591
                                                 ],
                                                 [
                                                     -4.084527356148088,
                                                     52.644413794430825
                                                 ],
                                                 [
                                                     -4.084369639754527,
                                                     52.644733961230273
                                                 ],
                                                 [
                                                     -4.08426703120824,
                                                     52.644875180276387
                                                 ],
                                                 [
                                                     -4.084121125683688,
                                                     52.645195139744672
                                                 ],
                                                 [
                                                     -4.084117251894114,
                                                     52.645239253449958
                                                 ],
                                                 [
                                                     -4.08410644064279,
                                                     52.645352700437506
                                                 ],
                                                 [
                                                     -4.084032744837263,
                                                     52.645481726318387
                                                 ],
                                                 [
                                                     -4.083919129633988,
                                                     52.645827183881153
                                                 ],
                                                 [
                                                     -4.083847795926249,
                                                     52.645944392200839
                                                 ],
                                                 [
                                                     -4.083820641912118,
                                                     52.645996107608873
                                                 ],
                                                 [
                                                     -4.083999094652505,
                                                     52.646081145993577
                                                 ],
                                                 [
                                                     -4.084221397881988,
                                                     52.646185995267857
                                                 ],
                                                 [
                                                     -4.084359689018158,
                                                     52.646264461429801
                                                 ],
                                                 [
                                                     -4.084550453796714,
                                                     52.646421193594819
                                                 ],
                                                 [
                                                     -4.084678249663907,
                                                     52.646558267585938
                                                 ],
                                                 [
                                                     -4.084644745371295,
                                                     52.646568745905569
                                                 ],
                                                 [
                                                     -4.083800107165738,
                                                     52.646838079526987
                                                 ],
                                                 [
                                                     -4.082932854924699,
                                                     52.647129376589646
                                                 ],
                                                 [
                                                     -4.082523624181706,
                                                     52.647258819030533
                                                 ],
                                                 [
                                                     -4.082158853951831,
                                                     52.647390264818995
                                                 ],
                                                 [
                                                     -4.082047540664332,
                                                     52.647443459283515
                                                 ],
                                                 [
                                                     -4.081797382981531,
                                                     52.647529652800024
                                                 ],
                                                 [
                                                     -4.081472991832175,
                                                     52.647641421416502
                                                 ],
                                                 [
                                                     -4.081298181159492,
                                                     52.647725480456636
                                                 ],
                                                 [
                                                     -4.080830374809982,
                                                     52.647897294393225
                                                 ],
                                                 [
                                                     -4.080087065742506,
                                                     52.64815313490471
                                                 ],
                                                 [
                                                     -4.079969517943504,
                                                     52.64819834653354
                                                 ],
                                                 [
                                                     -4.079918697571492,
                                                     52.648219012581428
                                                 ],
                                                 [
                                                     -4.079896486929053,
                                                     52.648218503494448
                                                 ],
                                                 [
                                                     -4.079747215261419,
                                                     52.648219327379522
                                                 ],
                                                 [
                                                     -4.079492816910632,
                                                     52.648247163410943
                                                 ],
                                                 [
                                                     -4.079391523094394,
                                                     52.648262426914805
                                                 ],
                                                 [
                                                     -4.079320713103376,
                                                     52.648296029615089
                                                 ],
                                                 [
                                                     -4.079305246672956,
                                                     52.648314276467659
                                                 ],
                                                 [
                                                     -4.079245255302099,
                                                     52.648388228981297
                                                 ],
                                                 [
                                                     -4.079099349964628,
                                                     52.648460004113474
                                                 ],
                                                 [
                                                     -4.0789950322321,
                                                     52.648504082492487
                                                 ],
                                                 [
                                                     -4.07877331212875,
                                                     52.648568198518475
                                                 ],
                                                 [
                                                     -4.078636699182211,
                                                     52.648586774140391
                                                 ],
                                                 [
                                                     -4.078381830921132,
                                                     52.648604731919697
                                                 ],
                                                 [
                                                     -4.078217387596856,
                                                     52.648630087500301
                                                 ],
                                                 [
                                                     -4.078098982975712,
                                                     52.648657332462584
                                                 ],
                                                 [
                                                     -4.077736995719334,
                                                     52.648755457830184
                                                 ],
                                                 [
                                                     -4.077585380891652,
                                                     52.648799466421956
                                                 ],
                                                 [
                                                     -4.077108415192018,
                                                     52.648935470968624
                                                 ],
                                                 [
                                                     -4.077028234476002,
                                                     52.648989910201863
                                                 ],
                                                 [
                                                     -4.076816228727099,
                                                     52.649133043538136
                                                 ],
                                                 [
                                                     -4.076711402767418,
                                                     52.649169038452989
                                                 ],
                                                 [
                                                     -4.076613999942373,
                                                     52.649202206647487
                                                 ],
                                                 [
                                                     -4.076385049063258,
                                                     52.6492682422708
                                                 ],
                                                 [
                                                     -4.07618387095156,
                                                     52.649297835489648
                                                 ],
                                                 [
                                                     -4.076085087191342,
                                                     52.649366174259029
                                                 ],
                                                 [
                                                     -4.075864025088267,
                                                     52.649475214210426
                                                 ],
                                                 [
                                                     -4.075630405440849,
                                                     52.649597062457353
                                                 ],
                                                 [
                                                     -4.075017580399495,
                                                     52.649863168959733
                                                 ],
                                                 [
                                                     -4.074437210670827,
                                                     52.650155669452509
                                                 ],
                                                 [
                                                     -4.073800321122812,
                                                     52.650413201542932
                                                 ],
                                                 [
                                                     -4.07369156651542,
                                                     52.650456451925145
                                                 ],
                                                 [
                                                     -4.073548541466132,
                                                     52.650496708374277
                                                 ],
                                                 [
                                                     -4.073355307264275,
                                                     52.650506384101895
                                                 ],
                                                 [
                                                     -4.072933540061893,
                                                     52.650495790251924
                                                 ],
                                                 [
                                                     -4.072703748955999,
                                                     52.650513293215305
                                                 ],
                                                 [
                                                     -4.072605493691647,
                                                     52.650531193254629
                                                 ],
                                                 [
                                                     -4.072444070681745,
                                                     52.650587050923889
                                                 ],
                                                 [
                                                     -4.072225306657606,
                                                     52.650714112547149
                                                 ],
                                                 [
                                                     -4.072190584227254,
                                                     52.650730002451112
                                                 ],
                                                 [
                                                     -4.07198247712916,
                                                     52.650829818913294
                                                 ],
                                                 [
                                                     -4.071903935754927,
                                                     52.650857262965957
                                                 ],
                                                 [
                                                     -4.071828272002,
                                                     52.650883753908857
                                                 ],
                                                 [
                                                     -4.07156226670532,
                                                     52.650981079381317
                                                 ],
                                                 [
                                                     -4.071105468426773,
                                                     52.65122996306129
                                                 ],
                                                 [
                                                     -4.070982958459328,
                                                     52.651296824177955
                                                 ],
                                                 [
                                                     -4.07080265005634,
                                                     52.651391751242592
                                                 ],
                                                 [
                                                     -4.070372586781551,
                                                     52.651615896335095
                                                 ],
                                                 [
                                                     -4.06985307323376,
                                                     52.651915400438895
                                                 ],
                                                 [
                                                     -4.069712179145512,
                                                     52.651967388075192
                                                 ],
                                                 [
                                                     -4.069511642940595,
                                                     52.652041904014382
                                                 ],
                                                 [
                                                     -4.068935714473803,
                                                     52.652336995839327
                                                 ],
                                                 [
                                                     -4.068804306637089,
                                                     52.652404010067187
                                                 ],
                                                 [
                                                     -4.068692326462227,
                                                     52.652443718313634
                                                 ],
                                                 [
                                                     -4.068592772261922,
                                                     52.652465231458493
                                                 ],
                                                 [
                                                     -4.068303091157199,
                                                     52.65252871622495
                                                 ],
                                                 [
                                                     -4.068160690384581,
                                                     52.65258244022391
                                                 ],
                                                 [
                                                     -4.068156390773547,
                                                     52.652584313546413
                                                 ],
                                                 [
                                                     -4.068056950949186,
                                                     52.652639171837357
                                                 ],
                                                 [
                                                     -4.067928429403417,
                                                     52.652671976971178
                                                 ],
                                                 [
                                                     -4.067834507691146,
                                                     52.652686201741169
                                                 ],
                                                 [
                                                     -4.067765384534274,
                                                     52.652696395223785
                                                 ],
                                                 [
                                                     -4.067698391643776,
                                                     52.652715543613105
                                                 ],
                                                 [
                                                     -4.067359610718175,
                                                     52.652836510872461
                                                 ],
                                                 [
                                                     -4.066888526715292,
                                                     52.653005720342883
                                                 ],
                                                 [
                                                     -4.066565220625743,
                                                     52.653111135550262
                                                 ],
                                                 [
                                                     -4.066253427070726,
                                                     52.653207360493731
                                                 ],
                                                 [
                                                     -4.065726961204887,
                                                     52.65336045073424
                                                 ],
                                                 [
                                                     -4.064950674296644,
                                                     52.653579828453708
                                                 ],
                                                 [
                                                     -4.063438810830397,
                                                     52.654000956623676
                                                 ],
                                                 [
                                                     -4.061800928316003,
                                                     52.654446642570925
                                                 ],
                                                 [
                                                     -4.060079816696419,
                                                     52.654979234505198
                                                 ],
                                                 [
                                                     -4.059829509566873,
                                                     52.655033024074925
                                                 ],
                                                 [
                                                     -4.059575522556655,
                                                     52.655070699192393
                                                 ],
                                                 [
                                                     -4.059371424330471,
                                                     52.655101212539698
                                                 ],
                                                 [
                                                     -4.059020098260319,
                                                     52.655176533768376
                                                 ],
                                                 [
                                                     -4.058613285861903,
                                                     52.655264504187194
                                                 ],
                                                 [
                                                     -4.058025151177488,
                                                     52.655335937503423
                                                 ],
                                                 [
                                                     -4.057446317324867,
                                                     52.655413407571857
                                                 ],
                                                 [
                                                     -4.057049097192313,
                                                     52.655487719132353
                                                 ],
                                                 [
                                                     -4.056229720283176,
                                                     52.655608912735282
                                                 ],
                                                 [
                                                     -4.055639742104804,
                                                     52.655701037840331
                                                 ],
                                                 [
                                                     -4.055449024530088,
                                                     52.65570254927222
                                                 ],
                                                 [
                                                     -4.055139482906739,
                                                     52.655691742450962
                                                 ],
                                                 [
                                                     -4.054604428868568,
                                                     52.655663182416482
                                                 ],
                                                 [
                                                     -4.053912265867408,
                                                     52.655692356176274
                                                 ],
                                                 [
                                                     -4.053516135264649,
                                                     52.655693830595339
                                                 ],
                                                 [
                                                     -4.052931704134004,
                                                     52.655685892503115
                                                 ],
                                                 [
                                                     -4.052577325608713,
                                                     52.655696528670937
                                                 ],
                                                 [
                                                     -4.051794564508631,
                                                     52.6556498663262
                                                 ],
                                                 [
                                                     -4.05171427770906,
                                                     52.655736738254262
                                                 ],
                                                 [
                                                     -4.051018705743375,
                                                     52.655628247488771
                                                 ],
                                                 [
                                                     -4.050919460502754,
                                                     52.655622777465474
                                                 ],
                                                 [
                                                     -4.050737481945079,
                                                     52.655651994645311
                                                 ],
                                                 [
                                                     -4.050520399343103,
                                                     52.655720471545848
                                                 ],
                                                 [
                                                     -4.049760992114706,
                                                     52.655953926979421
                                                 ],
                                                 [
                                                     -4.047778487538518,
                                                     52.656560970452631
                                                 ],
                                                 [
                                                     -4.046758785731016,
                                                     52.65685733449051
                                                 ],
                                                 [
                                                     -4.046399748787631,
                                                     52.656990274225898
                                                 ],
                                                 [
                                                     -4.046027731450692,
                                                     52.657127127055148
                                                 ],
                                                 [
                                                     -4.045061500643111,
                                                     52.657493559721694
                                                 ],
                                                 [
                                                     -4.044664253835567,
                                                     52.657630753865845
                                                 ],
                                                 [
                                                     -4.044351741779134,
                                                     52.65869536632708
                                                 ],
                                                 [
                                                     -4.044110148559873,
                                                     52.659508692662676
                                                 ],
                                                 [
                                                     -4.043844248411116,
                                                     52.660336906365195
                                                 ],
                                                 [
                                                     -4.043711909920126,
                                                     52.660510872865324
                                                 ],
                                                 [
                                                     -4.041570770216463,
                                                     52.664003106910322
                                                 ],
                                                 [
                                                     -4.041089179919691,
                                                     52.664741551779407
                                                 ],
                                                 [
                                                     -4.040936108388161,
                                                     52.66552008479789
                                                 ],
                                                 [
                                                     -4.040757692494924,
                                                     52.66676753942059
                                                 ],
                                                 [
                                                     -4.040680027060537,
                                                     52.667165366670716
                                                 ],
                                                 [
                                                     -4.039884454981957,
                                                     52.668245476957402
                                                 ],
                                                 [
                                                     -4.038759813309539,
                                                     52.669662922199365
                                                 ],
                                                 [
                                                     -4.038412998533805,
                                                     52.670155354804351
                                                 ],
                                                 [
                                                     -4.037802527444211,
                                                     52.67095703343103
                                                 ],
                                                 [
                                                     -4.036673371434851,
                                                     52.672437545929995
                                                 ],
                                                 [
                                                     -4.036553793026338,
                                                     52.672601395802225
                                                 ],
                                                 [
                                                     -4.03610489912593,
                                                     52.673191751594217
                                                 ],
                                                 [
                                                     -4.034973663592202,
                                                     52.674692956578255
                                                 ],
                                                 [
                                                     -4.034764147799717,
                                                     52.67495821409215
                                                 ],
                                                 [
                                                     -4.033609913273322,
                                                     52.675648758298941
                                                 ],
                                                 [
                                                     -4.032361568948916,
                                                     52.676448773121685
                                                 ],
                                                 [
                                                     -4.031362235329917,
                                                     52.677098888043233
                                                 ],
                                                 [
                                                     -4.031136283998732,
                                                     52.677268253971071
                                                 ],
                                                 [
                                                     -4.02924683174318,
                                                     52.677895840147009
                                                 ],
                                                 [
                                                     -4.021865239833024,
                                                     52.680395652923337
                                                 ],
                                                 [
                                                     -4.020454368142363,
                                                     52.68085584590257
                                                 ],
                                                 [
                                                     -4.019583693666728,
                                                     52.68179947568018
                                                 ],
                                                 [
                                                     -4.019174616458125,
                                                     52.682167879524549
                                                 ],
                                                 [
                                                     -4.019078579408259,
                                                     52.682267492453185
                                                 ],
                                                 [
                                                     -4.018881502639405,
                                                     52.682773490550424
                                                 ],
                                                 [
                                                     -4.018692287873803,
                                                     52.683579569684319
                                                 ],
                                                 [
                                                     -4.018523831545989,
                                                     52.684608391411693
                                                 ],
                                                 [
                                                     -4.018476308482819,
                                                     52.685341948556079
                                                 ],
                                                 [
                                                     -4.018004902340541,
                                                     52.685904837394865
                                                 ],
                                                 [
                                                     -4.017998090533977,
                                                     52.685912956405573
                                                 ],
                                                 [
                                                     -4.017919522457869,
                                                     52.685878339937069
                                                 ],
                                                 [
                                                     -4.017337709024767,
                                                     52.685099682236576
                                                 ],
                                                 [
                                                     -4.013721677128236,
                                                     52.686257260211448
                                                 ],
                                                 [
                                                     -4.011862277820629,
                                                     52.686910133401703
                                                 ],
                                                 [
                                                     -4.010628367051973,
                                                     52.687362617229681
                                                 ],
                                                 [
                                                     -4.008270571759966,
                                                     52.688311612835221
                                                 ],
                                                 [
                                                     -4.005786664376179,
                                                     52.689322019680404
                                                 ],
                                                 [
                                                     -4.00400319897193,
                                                     52.690023820445113
                                                 ],
                                                 [
                                                     -4.001509247560334,
                                                     52.689459067100451
                                                 ],
                                                 [
                                                     -4.000923896194191,
                                                     52.689309856853477
                                                 ],
                                                 [
                                                     -4.000266519513035,
                                                     52.689042222423893
                                                 ],
                                                 [
                                                     -3.999322962237689,
                                                     52.688697620760372
                                                 ],
                                                 [
                                                     -3.999140638346999,
                                                     52.68862420267682
                                                 ],
                                                 [
                                                     -3.998861434483523,
                                                     52.688441053275028
                                                 ],
                                                 [
                                                     -3.998743207450311,
                                                     52.688315320272757
                                                 ],
                                                 [
                                                     -3.998584017082126,
                                                     52.688166100169319
                                                 ],
                                                 [
                                                     -3.998295966396297,
                                                     52.687917392716344
                                                 ],
                                                 [
                                                     -3.997959118507105,
                                                     52.687572429744279
                                                 ],
                                                 [
                                                     -3.99756769127394,
                                                     52.687196927077203
                                                 ],
                                                 [
                                                     -3.997444905543627,
                                                     52.687035319697955
                                                 ],
                                                 [
                                                     -3.99730951770033,
                                                     52.686760662102827
                                                 ],
                                                 [
                                                     -3.99727629128481,
                                                     52.686583251707752
                                                 ],
                                                 [
                                                     -3.997221722620764,
                                                     52.686392625405588
                                                 ],
                                                 [
                                                     -3.99710486614505,
                                                     52.686005305270328
                                                 ],
                                                 [
                                                     -3.997039853299607,
                                                     52.685813057597763
                                                 ],
                                                 [
                                                     -3.996826513202253,
                                                     52.685482187397341
                                                 ],
                                                 [
                                                     -3.996767180259865,
                                                     52.685155018883798
                                                 ],
                                                 [
                                                     -3.996618754630505,
                                                     52.684754744529378
                                                 ],
                                                 [
                                                     -3.993006354067137,
                                                     52.684109991994134
                                                 ],
                                                 [
                                                     -3.991793326131312,
                                                     52.683883650326734
                                                 ],
                                                 [
                                                     -3.991444837737205,
                                                     52.683801053850388
                                                 ],
                                                 [
                                                     -3.991058713976714,
                                                     52.683733056450563
                                                 ],
                                                 [
                                                     -3.989675993253819,
                                                     52.683649207653964
                                                 ],
                                                 [
                                                     -3.988346815147281,
                                                     52.683732042430805
                                                 ],
                                                 [
                                                     -3.98681796076382,
                                                     52.683808174878862
                                                 ],
                                                 [
                                                     -3.986120698673377,
                                                     52.683888247464196
                                                 ],
                                                 [
                                                     -3.9852601055017,
                                                     52.683963792429566
                                                 ],
                                                 [
                                                     -3.984613907586799,
                                                     52.683938663591476
                                                 ],
                                                 [
                                                     -3.984159365289839,
                                                     52.683897738889996
                                                 ],
                                                 [
                                                     -3.984157617627179,
                                                     52.684045471687632
                                                 ],
                                                 [
                                                     -3.983863357712801,
                                                     52.684190368431643
                                                 ],
                                                 [
                                                     -3.983479935495076,
                                                     52.684381104624158
                                                 ],
                                                 [
                                                     -3.982959116113511,
                                                     52.684641572111602
                                                 ],
                                                 [
                                                     -3.982474843592616,
                                                     52.684892434699549
                                                 ],
                                                 [
                                                     -3.982026508447228,
                                                     52.685120216438484
                                                 ],
                                                 [
                                                     -3.981577761749935,
                                                     52.685339012256478
                                                 ],
                                                 [
                                                     -3.9810209757274,
                                                     52.685622550191262
                                                 ],
                                                 [
                                                     -3.98089998657206,
                                                     52.685727970237586
                                                 ],
                                                 [
                                                     -3.980622875555475,
                                                     52.685979857012633
                                                 ],
                                                 [
                                                     -3.98040225626855,
                                                     52.686172357003336
                                                 ],
                                                 [
                                                     -3.980210594275249,
                                                     52.686350886027206
                                                 ],
                                                 [
                                                     -3.979932865569574,
                                                     52.686589294838704
                                                 ],
                                                 [
                                                     -3.979570490300953,
                                                     52.686919027796705
                                                 ],
                                                 [
                                                     -3.979379634579856,
                                                     52.687115524060808
                                                 ],
                                                 [
                                                     -3.979155066146193,
                                                     52.687384511600285
                                                 ],
                                                 [
                                                     -3.978973630908335,
                                                     52.687625805113676
                                                 ],
                                                 [
                                                     -3.978855272612515,
                                                     52.68778962091136
                                                 ],
                                                 [
                                                     -3.97863252595825,
                                                     52.688099036724324
                                                 ],
                                                 [
                                                     -3.978594452675875,
                                                     52.688111091140023
                                                 ],
                                                 [
                                                     -3.978121950484592,
                                                     52.688260409593951
                                                 ],
                                                 [
                                                     -3.977735218531205,
                                                     52.688379253450144
                                                 ],
                                                 [
                                                     -3.977254004042455,
                                                     52.688535636925948
                                                 ],
                                                 [
                                                     -3.976846104062428,
                                                     52.688677308708733
                                                 ],
                                                 [
                                                     -3.976525493383424,
                                                     52.68878605434481
                                                 ],
                                                 [
                                                     -3.976445999999069,
                                                     52.688827840082446
                                                 ],
                                                 [
                                                     -3.976315163243325,
                                                     52.688879473191491
                                                 ],
                                                 [
                                                     -3.976148985743845,
                                                     52.688967659775173
                                                 ],
                                                 [
                                                     -3.976048125004108,
                                                     52.689027783702493
                                                 ],
                                                 [
                                                     -3.976043647003659,
                                                     52.689030196055079
                                                 ],
                                                 [
                                                     -3.975903718939158,
                                                     52.68910661579946
                                                 ],
                                                 [
                                                     -3.975645287839133,
                                                     52.68928175500637
                                                 ],
                                                 [
                                                     -3.975393233345027,
                                                     52.689434309694903
                                                 ],
                                                 [
                                                     -3.975098239607521,
                                                     52.689619048260155
                                                 ],
                                                 [
                                                     -3.97482562481832,
                                                     52.689807908620004
                                                 ],
                                                 [
                                                     -3.97472597691778,
                                                     52.689894984325349
                                                 ],
                                                 [
                                                     -3.974355939576693,
                                                     52.690220332868954
                                                 ],
                                                 [
                                                     -3.973802393386207,
                                                     52.690742044695099
                                                 ],
                                                 [
                                                     -3.97337704732867,
                                                     52.691153726279317
                                                 ],
                                                 [
                                                     -3.972881407989941,
                                                     52.691647496044006
                                                 ],
                                                 [
                                                     -3.972576666313621,
                                                     52.69194477844713
                                                 ],
                                                 [
                                                     -3.972188871433173,
                                                     52.692369316975117
                                                 ],
                                                 [
                                                     -3.972075538020726,
                                                     52.692645430019759
                                                 ],
                                                 [
                                                     -3.972020877987981,
                                                     52.692798468139124
                                                 ],
                                                 [
                                                     -3.971983573475173,
                                                     52.692903205234067
                                                 ],
                                                 [
                                                     -3.971944271373101,
                                                     52.693344420348367
                                                 ],
                                                 [
                                                     -3.971913172190297,
                                                     52.693803480991647
                                                 ],
                                                 [
                                                     -3.971884085740693,
                                                     52.694280939730028
                                                 ],
                                                 [
                                                     -3.971883287517351,
                                                     52.69428949450149
                                                 ],
                                                 [
                                                     -3.97159047378103,
                                                     52.694523638306627
                                                 ],
                                                 [
                                                     -3.971155045423477,
                                                     52.694877037278253
                                                 ],
                                                 [
                                                     -3.970706036772226,
                                                     52.695257633544394
                                                 ],
                                                 [
                                                     -3.9702939905174,
                                                     52.695581779123195
                                                 ],
                                                 [
                                                     -3.970291561584881,
                                                     52.695583707627051
                                                 ],
                                                 [
                                                     -3.970185104831,
                                                     52.695684379048181
                                                 ],
                                                 [
                                                     -3.970049678900861,
                                                     52.695799018540299
                                                 ],
                                                 [
                                                     -3.969875755669521,
                                                     52.696044667850792
                                                 ],
                                                 [
                                                     -3.969723607933997,
                                                     52.696280963893379
                                                 ],
                                                 [
                                                     -3.969542893814017,
                                                     52.696540212101624
                                                 ],
                                                 [
                                                     -3.969334623840409,
                                                     52.696844873126032
                                                 ],
                                                 [
                                                     -3.969206181762078,
                                                     52.696950404496704
                                                 ],
                                                 [
                                                     -3.968985053159609,
                                                     52.697133899601511
                                                 ],
                                                 [
                                                     -3.968799275935587,
                                                     52.697280842816212
                                                 ],
                                                 [
                                                     -3.968515437578195,
                                                     52.697550793666508
                                                 ],
                                                 [
                                                     -3.96812432030224,
                                                     52.697903444861275
                                                 ],
                                                 [
                                                     -3.967676871431909,
                                                     52.698319967283737
                                                 ],
                                                 [
                                                     -3.967509989470651,
                                                     52.698472618624209
                                                 ],
                                                 [
                                                     -3.966966123887534,
                                                     52.69897012979331
                                                 ],
                                                 [
                                                     -3.966567991055952,
                                                     52.699331883072659
                                                 ],
                                                 [
                                                     -3.965957302886383,
                                                     52.699903954969386
                                                 ],
                                                 [
                                                     -3.965488638549176,
                                                     52.700343298231594
                                                 ],
                                                 [
                                                     -3.964979008976808,
                                                     52.700365236289393
                                                 ],
                                                 [
                                                     -3.964603233278296,
                                                     52.700731107482383
                                                 ],
                                                 [
                                                     -3.964105370646092,
                                                     52.701179920133249
                                                 ],
                                                 [
                                                     -3.963594476072575,
                                                     52.701632093382138
                                                 ],
                                                 [
                                                     -3.963309750827113,
                                                     52.701755042715313
                                                 ],
                                                 [
                                                     -3.962844942003809,
                                                     52.701951553740763
                                                 ],
                                                 [
                                                     -3.961894537338635,
                                                     52.702376382903488
                                                 ],
                                                 [
                                                     -3.961393344426928,
                                                     52.702586976983433
                                                 ],
                                                 [
                                                     -3.960878766440487,
                                                     52.70282925892581
                                                 ],
                                                 [
                                                     -3.960516662134246,
                                                     52.70300607916456
                                                 ],
                                                 [
                                                     -3.960299438416384,
                                                     52.703113069222816
                                                 ],
                                                 [
                                                     -3.959838976687275,
                                                     52.70324206372959
                                                 ],
                                                 [
                                                     -3.959568372950008,
                                                     52.703313971148127
                                                 ],
                                                 [
                                                     -3.959116308464587,
                                                     52.70346530148565
                                                 ],
                                                 [
                                                     -3.958737187624882,
                                                     52.703592946939921
                                                 ],
                                                 [
                                                     -3.958357662177115,
                                                     52.703711606840969
                                                 ],
                                                 [
                                                     -3.957868612615782,
                                                     52.70386354352469
                                                 ],
                                                 [
                                                     -3.957282414460237,
                                                     52.703994605185684
                                                 ],
                                                 [
                                                     -3.957062765153154,
                                                     52.704047683229007
                                                 ],
                                                 [
                                                     -3.956769764549528,
                                                     52.704115458538439
                                                 ],
                                                 [
                                                     -3.955780150018448,
                                                     52.703996929444081
                                                 ],
                                                 [
                                                     -3.954976428694622,
                                                     52.70389780318844
                                                 ],
                                                 [
                                                     -3.953897477290014,
                                                     52.70376724563986
                                                 ],
                                                 [
                                                     -3.953123546091453,
                                                     52.703672111204028
                                                 ],
                                                 [
                                                     -3.95247573963344,
                                                     52.703583884844086
                                                 ],
                                                 [
                                                     -3.951977245457519,
                                                     52.703524664196081
                                                 ],
                                                 [
                                                     -3.951717006152867,
                                                     52.703497481870151
                                                 ],
                                                 [
                                                     -3.951673613684994,
                                                     52.703354340505356
                                                 ],
                                                 [
                                                     -3.951291238646005,
                                                     52.703306691106079
                                                 ],
                                                 [
                                                     -3.950877308062277,
                                                     52.703255064449472
                                                 ],
                                                 [
                                                     -3.950119751442504,
                                                     52.703178252296567
                                                 ],
                                                 [
                                                     -3.94973242748279,
                                                     52.703139040951477
                                                 ],
                                                 [
                                                     -3.949033669528421,
                                                     52.703069616116466
                                                 ],
                                                 [
                                                     -3.948914744994382,
                                                     52.703058085447317
                                                 ],
                                                 [
                                                     -3.94869188677216,
                                                     52.703039272748036
                                                 ],
                                                 [
                                                     -3.948317229173997,
                                                     52.703001916440734
                                                 ],
                                                 [
                                                     -3.948305332750409,
                                                     52.703000673462817
                                                 ],
                                                 [
                                                     -3.947094508118062,
                                                     52.702899195172996
                                                 ],
                                                 [
                                                     -3.946277234417653,
                                                     52.70282720580208
                                                 ],
                                                 [
                                                     -3.945883688791363,
                                                     52.702797704457815
                                                 ],
                                                 [
                                                     -3.945623657138497,
                                                     52.702775000885801
                                                 ],
                                                 [
                                                     -3.945378216305573,
                                                     52.702747561732757
                                                 ],
                                                 [
                                                     -3.945053027057195,
                                                     52.702757394964316
                                                 ],
                                                 [
                                                     -3.944336290864176,
                                                     52.702782642978505
                                                 ],
                                                 [
                                                     -3.943250391417456,
                                                     52.702827427115182
                                                 ],
                                                 [
                                                     -3.942681557445693,
                                                     52.702850239764132
                                                 ],
                                                 [
                                                     -3.942134908531063,
                                                     52.702872686106268
                                                 ],
                                                 [
                                                     -3.941587860073262,
                                                     52.70288614548231
                                                 ],
                                                 [
                                                     -3.941341008687002,
                                                     52.702993585868469
                                                 ],
                                                 [
                                                     -3.940941048452102,
                                                     52.703152983875412
                                                 ],
                                                 [
                                                     -3.940286833547973,
                                                     52.703419939882849
                                                 ],
                                                 [
                                                     -3.940280669300495,
                                                     52.70342111972495
                                                 ],
                                                 [
                                                     -3.939325614214834,
                                                     52.703606502217653
                                                 ],
                                                 [
                                                     -3.938549270720016,
                                                     52.703766603979538
                                                 ],
                                                 [
                                                     -3.938496906468724,
                                                     52.703777402757574
                                                 ],
                                                 [
                                                     -3.938481351672052,
                                                     52.703780444395669
                                                 ],
                                                 [
                                                     -3.938407827167065,
                                                     52.703794683950406
                                                 ],
                                                 [
                                                     -3.938298791564788,
                                                     52.70381588786806
                                                 ],
                                                 [
                                                     -3.938061787177306,
                                                     52.703861931690803
                                                 ],
                                                 [
                                                     -3.938041974828276,
                                                     52.703865762175646
                                                 ],
                                                 [
                                                     -3.937498724816803,
                                                     52.703798221647773
                                                 ],
                                                 [
                                                     -3.936538349307361,
                                                     52.703670063216329
                                                 ],
                                                 [
                                                     -3.935868387853309,
                                                     52.703582108305106
                                                 ],
                                                 [
                                                     -3.935473648541828,
                                                     52.703525618954963
                                                 ],
                                                 [
                                                     -3.935135130966803,
                                                     52.703234444887535
                                                 ],
                                                 [
                                                     -3.934811607255999,
                                                     52.702947520564578
                                                 ],
                                                 [
                                                     -3.934596390881054,
                                                     52.702766719064208
                                                 ],
                                                 [
                                                     -3.933917506819077,
                                                     52.702476601942337
                                                 ],
                                                 [
                                                     -3.933072760846661,
                                                     52.702117258804613
                                                 ],
                                                 [
                                                     -3.932319151800229,
                                                     52.701810369564797
                                                 ],
                                                 [
                                                     -3.931497180218678,
                                                     52.701805917794324
                                                 ],
                                                 [
                                                     -3.930137511185382,
                                                     52.701843240204589
                                                 ],
                                                 [
                                                     -3.928161802446526,
                                                     52.701816078931735
                                                 ],
                                                 [
                                                     -3.927625507308592,
                                                     52.701803230525329
                                                 ],
                                                 [
                                                     -3.927096405021511,
                                                     52.701787477326107
                                                 ],
                                                 [
                                                     -3.926230087200246,
                                                     52.701743137509958
                                                 ],
                                                 [
                                                     -3.925350872923814,
                                                     52.701707988263898
                                                 ],
                                                 [
                                                     -3.924857542114376,
                                                     52.701631511440006
                                                 ],
                                                 [
                                                     -3.924535710088285,
                                                     52.701616964542417
                                                 ],
                                                 [
                                                     -3.923844732902687,
                                                     52.701519333878956
                                                 ],
                                                 [
                                                     -3.923588692072753,
                                                     52.701555039454121
                                                 ],
                                                 [
                                                     -3.923385188578287,
                                                     52.701603284735022
                                                 ],
                                                 [
                                                     -3.923138994413428,
                                                     52.701627054956013
                                                 ],
                                                 [
                                                     -3.922239112936463,
                                                     52.701796254389144
                                                 ],
                                                 [
                                                     -3.921640463389006,
                                                     52.701880657398235
                                                 ],
                                                 [
                                                     -3.921303950309844,
                                                     52.701901393723304
                                                 ],
                                                 [
                                                     -3.921126747648431,
                                                     52.701945613205467
                                                 ],
                                                 [
                                                     -3.920808105377314,
                                                     52.702037066299411
                                                 ],
                                                 [
                                                     -3.92041387016771,
                                                     52.702057837449999
                                                 ],
                                                 [
                                                     -3.920051314831032,
                                                     52.702127528993444
                                                 ],
                                                 [
                                                     -3.919648294303773,
                                                     52.702151136314065
                                                 ],
                                                 [
                                                     -3.919631861119562,
                                                     52.701979724695242
                                                 ],
                                                 [
                                                     -3.919631401760336,
                                                     52.701866388545547
                                                 ],
                                                 [
                                                     -3.919595731499625,
                                                     52.701762700916852
                                                 ],
                                                 [
                                                     -3.91955040607154,
                                                     52.701675348895122
                                                 ],
                                                 [
                                                     -3.919502192303098,
                                                     52.701586155538671
                                                 ],
                                                 [
                                                     -3.919429092080156,
                                                     52.701508242503337
                                                 ],
                                                 [
                                                     -3.919242352507798,
                                                     52.701332398140096
                                                 ],
                                                 [
                                                     -3.919153275658138,
                                                     52.701224092611071
                                                 ],
                                                 [
                                                     -3.919050963886942,
                                                     52.701017218596938
                                                 ],
                                                 [
                                                     -3.919002985360801,
                                                     52.700936111293721
                                                 ],
                                                 [
                                                     -3.918922925213868,
                                                     52.700866399818906
                                                 ],
                                                 [
                                                     -3.918697538479682,
                                                     52.700688483115734
                                                 ],
                                                 [
                                                     -3.918629736306648,
                                                     52.700628370426422
                                                 ],
                                                 [
                                                     -3.91856629303997,
                                                     52.700564681556322
                                                 ],
                                                 [
                                                     -3.918462552636149,
                                                     52.700425242566688
                                                 ],
                                                 [
                                                     -3.91835856167341,
                                                     52.700316279694086
                                                 ],
                                                 [
                                                     -3.91826232457664,
                                                     52.700247727846836
                                                 ],
                                                 [
                                                     -3.917978909244061,
                                                     52.700062659935945
                                                 ],
                                                 [
                                                     -3.917750639148701,
                                                     52.699885598215374
                                                 ],
                                                 [
                                                     -3.917560695121068,
                                                     52.699772721820331
                                                 ],
                                                 [
                                                     -3.917116706875605,
                                                     52.699604542057692
                                                 ],
                                                 [
                                                     -3.916910221798647,
                                                     52.699520694293369
                                                 ],
                                                 [
                                                     -3.916468531010751,
                                                     52.699368654190238
                                                 ],
                                                 [
                                                     -3.916337393740205,
                                                     52.699350101973266
                                                 ],
                                                 [
                                                     -3.916054987204732,
                                                     52.699321410876109
                                                 ],
                                                 [
                                                     -3.915910872231789,
                                                     52.699310258984688
                                                 ],
                                                 [
                                                     -3.915667861071729,
                                                     52.699303401134543
                                                 ],
                                                 [
                                                     -3.915477193901067,
                                                     52.699274124729868
                                                 ],
                                                 [
                                                     -3.915291238483674,
                                                     52.699218706193776
                                                 ],
                                                 [
                                                     -3.915012756055264,
                                                     52.699145817104515
                                                 ],
                                                 [
                                                     -3.914734276956656,
                                                     52.699073016322735
                                                 ],
                                                 [
                                                     -3.914514460497094,
                                                     52.699021739163662
                                                 ],
                                                 [
                                                     -3.914135662556391,
                                                     52.69895415313664
                                                 ],
                                                 [
                                                     -3.913730985971921,
                                                     52.698905860326995
                                                 ],
                                                 [
                                                     -3.913380782947579,
                                                     52.698850303943217
                                                 ],
                                                 [
                                                     -3.913183720986146,
                                                     52.698777983139756
                                                 ],
                                                 [
                                                     -3.912893145198402,
                                                     52.698699082387314
                                                 ],
                                                 [
                                                     -3.912647229532437,
                                                     52.698625751095015
                                                 ],
                                                 [
                                                     -3.912412324321156,
                                                     52.698636733171625
                                                 ],
                                                 [
                                                     -3.911868455195325,
                                                     52.698686855518751
                                                 ],
                                                 [
                                                     -3.910579257857156,
                                                     52.698954917476328
                                                 ],
                                                 [
                                                     -3.910451905300865,
                                                     52.698986632670199
                                                 ],
                                                 [
                                                     -3.910143694598136,
                                                     52.699112943748041
                                                 ],
                                                 [
                                                     -3.909857838513256,
                                                     52.699211928992
                                                 ],
                                                 [
                                                     -3.909658555113124,
                                                     52.699289833709869
                                                 ],
                                                 [
                                                     -3.909169722497555,
                                                     52.699482870447788
                                                 ],
                                                 [
                                                     -3.909062876706993,
                                                     52.699579059585339
                                                 ],
                                                 [
                                                     -3.90860087252807,
                                                     52.700048593586004
                                                 ],
                                                 [
                                                     -3.908331847598783,
                                                     52.700293005818523
                                                 ],
                                                 [
                                                     -3.908040830567522,
                                                     52.700508917770215
                                                 ],
                                                 [
                                                     -3.907766152424527,
                                                     52.700727353144245
                                                 ],
                                                 [
                                                     -3.90750923458245,
                                                     52.700843843215409
                                                 ],
                                                 [
                                                     -3.907233450113533,
                                                     52.7008663492634
                                                 ],
                                                 [
                                                     -3.906791495927786,
                                                     52.700912110531469
                                                 ],
                                                 [
                                                     -3.906333632841767,
                                                     52.700968014294318
                                                 ],
                                                 [
                                                     -3.906057318288154,
                                                     52.701012007272226
                                                 ],
                                                 [
                                                     -3.905786412096608,
                                                     52.701079282772213
                                                 ],
                                                 [
                                                     -3.905476645247237,
                                                     52.701170552635951
                                                 ],
                                                 [
                                                     -3.905337125337593,
                                                     52.701231309808023
                                                 ],
                                                 [
                                                     -3.904748155127299,
                                                     52.701437623433819
                                                 ],
                                                 [
                                                     -3.90423437314567,
                                                     52.701602367447236
                                                 ],
                                                 [
                                                     -3.903943733563673,
                                                     52.701723886090122
                                                 ],
                                                 [
                                                     -3.903378451435574,
                                                     52.702000908936149
                                                 ],
                                                 [
                                                     -3.903223954340916,
                                                     52.702020468508607
                                                 ],
                                                 [
                                                     -3.902947139852286,
                                                     52.702019521010527
                                                 ],
                                                 [
                                                     -3.902593979169325,
                                                     52.702000023932548
                                                 ],
                                                 [
                                                     -3.902424663994263,
                                                     52.701984764711348
                                                 ],
                                                 [
                                                     -3.901963675795419,
                                                     52.701935537401027
                                                 ],
                                                 [
                                                     -3.901902950046899,
                                                     52.701933815603446
                                                 ],
                                                 [
                                                     -3.901842179650399,
                                                     52.701933891778523
                                                 ],
                                                 [
                                                     -3.901678623395564,
                                                     52.701949999241911
                                                 ],
                                                 [
                                                     -3.901582918480373,
                                                     52.701960523191815
                                                 ],
                                                 [
                                                     -3.901049313543697,
                                                     52.701944815873567
                                                 ],
                                                 [
                                                     -3.900634258978063,
                                                     52.702031470023677
                                                 ],
                                                 [
                                                     -3.900461702826287,
                                                     52.702079178503787
                                                 ],
                                                 [
                                                     -3.900225448585529,
                                                     52.702127009918257
                                                 ],
                                                 [
                                                     -3.899827726554604,
                                                     52.702272796252082
                                                 ],
                                                 [
                                                     -3.899724033925033,
                                                     52.702338276120237
                                                 ],
                                                 [
                                                     -3.899647922586662,
                                                     52.702459939544724
                                                 ],
                                                 [
                                                     -3.899585902105784,
                                                     52.702498684795572
                                                 ],
                                                 [
                                                     -3.899517874229618,
                                                     52.702533930830356
                                                 ],
                                                 [
                                                     -3.899284335799374,
                                                     52.702607873216259
                                                 ],
                                                 [
                                                     -3.898932747704574,
                                                     52.702793274684453
                                                 ],
                                                 [
                                                     -3.898176954309484,
                                                     52.703217229094761
                                                 ],
                                                 [
                                                     -3.898056998158483,
                                                     52.70328206886208
                                                 ],
                                                 [
                                                     -3.897940450843124,
                                                     52.703394491425115
                                                 ],
                                                 [
                                                     -3.897850514751287,
                                                     52.703470535705634
                                                 ],
                                                 [
                                                     -3.897692254815147,
                                                     52.703608883303346
                                                 ],
                                                 [
                                                     -3.897483001035205,
                                                     52.703733577165252
                                                 ],
                                                 [
                                                     -3.897302236147928,
                                                     52.703730179418251
                                                 ],
                                                 [
                                                     -3.897070368416003,
                                                     52.703707824804788
                                                 ],
                                                 [
                                                     -3.89666205425277,
                                                     52.703677508234414
                                                 ],
                                                 [
                                                     -3.896434744408553,
                                                     52.703588565495657
                                                 ],
                                                 [
                                                     -3.896268237283663,
                                                     52.703503054098881
                                                 ],
                                                 [
                                                     -3.896084513436786,
                                                     52.703431390623408
                                                 ],
                                                 [
                                                     -3.896042309643583,
                                                     52.703414987591962
                                                 ],
                                                 [
                                                     -3.895784076968324,
                                                     52.703364290327308
                                                 ],
                                                 [
                                                     -3.895653212878952,
                                                     52.703349305404608
                                                 ],
                                                 [
                                                     -3.895544578810823,
                                                     52.703337561144437
                                                 ],
                                                 [
                                                     -3.895261979248447,
                                                     52.703338485450992
                                                 ],
                                                 [
                                                     -3.894596296574188,
                                                     52.703381487747151
                                                 ],
                                                 [
                                                     -3.894101881898701,
                                                     52.703481970289182
                                                 ],
                                                 [
                                                     -3.894015052846528,
                                                     52.703460887004915
                                                 ],
                                                 [
                                                     -3.893784132832803,
                                                     52.703392670636234
                                                 ],
                                                 [
                                                     -3.89348339235681,
                                                     52.703419947055444
                                                 ],
                                                 [
                                                     -3.893329895164232,
                                                     52.703462846875404
                                                 ],
                                                 [
                                                     -3.893222830317657,
                                                     52.703521183896356
                                                 ],
                                                 [
                                                     -3.89277943784724,
                                                     52.703638913036364
                                                 ],
                                                 [
                                                     -3.89259451528145,
                                                     52.703640967266949
                                                 ],
                                                 [
                                                     -3.892431362239979,
                                                     52.703632787174165
                                                 ],
                                                 [
                                                     -3.892240259124977,
                                                     52.703697857974944
                                                 ],
                                                 [
                                                     -3.892126795224601,
                                                     52.703743712476466
                                                 ],
                                                 [
                                                     -3.891891044968274,
                                                     52.703733094325145
                                                 ],
                                                 [
                                                     -3.891683448569877,
                                                     52.703792136570328
                                                 ],
                                                 [
                                                     -3.891562453965283,
                                                     52.703802156961594
                                                 ],
                                                 [
                                                     -3.891278265457989,
                                                     52.703803097106274
                                                 ],
                                                 [
                                                     -3.891014253553605,
                                                     52.703858543915018
                                                 ],
                                                 [
                                                     -3.890857055158503,
                                                     52.703920375083882
                                                 ],
                                                 [
                                                     -3.890759054237123,
                                                     52.7039795542292
                                                 ],
                                                 [
                                                     -3.890612327379931,
                                                     52.704009758795664
                                                 ],
                                                 [
                                                     -3.890391894593211,
                                                     52.704082485407007
                                                 ],
                                                 [
                                                     -3.890311921306664,
                                                     52.704149375826724
                                                 ],
                                                 [
                                                     -3.889989650499458,
                                                     52.704328080816268
                                                 ],
                                                 [
                                                     -3.889674018446207,
                                                     52.704457152617117
                                                 ],
                                                 [
                                                     -3.889178173931806,
                                                     52.70462963464994
                                                 ],
                                                 [
                                                     -3.88891307789009,
                                                     52.704694081313953
                                                 ],
                                                 [
                                                     -3.888620468568136,
                                                     52.704774246785746
                                                 ],
                                                 [
                                                     -3.888314099483797,
                                                     52.70484384527407
                                                 ],
                                                 [
                                                     -3.88768835861818,
                                                     52.705057938928974
                                                 ],
                                                 [
                                                     -3.887553765072367,
                                                     52.705095137330211
                                                 ],
                                                 [
                                                     -3.887124478057514,
                                                     52.705195452275042
                                                 ],
                                                 [
                                                     -3.886864493624143,
                                                     52.705242735584953
                                                 ],
                                                 [
                                                     -3.886434608359256,
                                                     52.705433930413591
                                                 ],
                                                 [
                                                     -3.885982424068638,
                                                     52.70555527842852
                                                 ],
                                                 [
                                                     -3.88585638209616,
                                                     52.705584249674686
                                                 ],
                                                 [
                                                     -3.885840277530337,
                                                     52.705587202311634
                                                 ],
                                                 [
                                                     -3.885501610231104,
                                                     52.70566368823556
                                                 ],
                                                 [
                                                     -3.885100278187984,
                                                     52.705727598189192
                                                 ],
                                                 [
                                                     -3.884828324756549,
                                                     52.705704059918233
                                                 ],
                                                 [
                                                     -3.884701847154906,
                                                     52.705652141207729
                                                 ],
                                                 [
                                                     -3.884689784295066,
                                                     52.705646940297534
                                                 ],
                                                 [
                                                     -3.884614271916516,
                                                     52.705579739239148
                                                 ],
                                                 [
                                                     -3.884397605106439,
                                                     52.705462741474193
                                                 ],
                                                 [
                                                     -3.884170334696925,
                                                     52.705306362717351
                                                 ],
                                                 [
                                                     -3.88373045295183,
                                                     52.70529978266147
                                                 ],
                                                 [
                                                     -3.883550017049567,
                                                     52.705236136708216
                                                 ],
                                                 [
                                                     -3.883469739788899,
                                                     52.705194268802217
                                                 ],
                                                 [
                                                     -3.883275430590814,
                                                     52.705080508252401
                                                 ],
                                                 [
                                                     -3.883062267892714,
                                                     52.704942688805225
                                                 ],
                                                 [
                                                     -3.882965920324709,
                                                     52.704870514931422
                                                 ],
                                                 [
                                                     -3.882712368981748,
                                                     52.704687496454561
                                                 ],
                                                 [
                                                     -3.882538055870951,
                                                     52.704559036103944
                                                 ],
                                                 [
                                                     -3.88236798601389,
                                                     52.704424216271434
                                                 ],
                                                 [
                                                     -3.882123503085884,
                                                     52.704315654521224
                                                 ],
                                                 [
                                                     -3.881970742836331,
                                                     52.704239882092175
                                                 ],
                                                 [
                                                     -3.881760259321839,
                                                     52.7041641269374
                                                 ],
                                                 [
                                                     -3.88163683056071,
                                                     52.704151705760566
                                                 ],
                                                 [
                                                     -3.881265900128597,
                                                     52.704130629912363
                                                 ],
                                                 [
                                                     -3.880908268343413,
                                                     52.70414349647212
                                                 ],
                                                 [
                                                     -3.88057394614824,
                                                     52.7041479038581
                                                 ],
                                                 [
                                                     -3.880333071430392,
                                                     52.704157118612152
                                                 ],
                                                 [
                                                     -3.879989194111964,
                                                     52.704180550543207
                                                 ],
                                                 [
                                                     -3.879620592118975,
                                                     52.704315829278741
                                                 ],
                                                 [
                                                     -3.879383613879608,
                                                     52.704415762285365
                                                 ],
                                                 [
                                                     -3.878967112884363,
                                                     52.704680421401392
                                                 ],
                                                 [
                                                     -3.878685169090114,
                                                     52.704835984972391
                                                 ],
                                                 [
                                                     -3.878661586984498,
                                                     52.704838156977146
                                                 ],
                                                 [
                                                     -3.878495504285528,
                                                     52.704830003224295
                                                 ],
                                                 [
                                                     -3.878354387661376,
                                                     52.704783702573074
                                                 ],
                                                 [
                                                     -3.878285865490816,
                                                     52.704739757689588
                                                 ],
                                                 [
                                                     -3.878116773985358,
                                                     52.70466154189242
                                                 ],
                                                 [
                                                     -3.877929952646885,
                                                     52.704551250369377
                                                 ],
                                                 [
                                                     -3.877771068603372,
                                                     52.704471974148696
                                                 ],
                                                 [
                                                     -3.877583246194449,
                                                     52.704406548128347
                                                 ],
                                                 [
                                                     -3.877468490722816,
                                                     52.70438858706877
                                                 ],
                                                 [
                                                     -3.877348071149696,
                                                     52.70437522006177
                                                 ],
                                                 [
                                                     -3.877035404416046,
                                                     52.704366689848314
                                                 ],
                                                 [
                                                     -3.876819533253842,
                                                     52.704338649552881
                                                 ],
                                                 [
                                                     -3.876471183326819,
                                                     52.704326189296275
                                                 ],
                                                 [
                                                     -3.875636606410072,
                                                     52.704401419864759
                                                 ],
                                                 [
                                                     -3.875536806327764,
                                                     52.704385022920718
                                                 ],
                                                 [
                                                     -3.875264673826011,
                                                     52.704322815570819
                                                 ],
                                                 [
                                                     -3.874773134645892,
                                                     52.70438631970665
                                                 ],
                                                 [
                                                     -3.874495141473318,
                                                     52.704497678046437
                                                 ],
                                                 [
                                                     -3.874407630737942,
                                                     52.704528813015649
                                                 ],
                                                 [
                                                     -3.873951494733317,
                                                     52.704592652860271
                                                 ],
                                                 [
                                                     -3.873526339920097,
                                                     52.704653304804673
                                                 ],
                                                 [
                                                     -3.873169005939648,
                                                     52.704741646034172
                                                 ],
                                                 [
                                                     -3.872999025384273,
                                                     52.704816238987455
                                                 ],
                                                 [
                                                     -3.872940836571698,
                                                     52.704839629526028
                                                 ],
                                                 [
                                                     -3.872771820855041,
                                                     52.704936767733273
                                                 ],
                                                 [
                                                     -3.872616052823903,
                                                     52.705066862851915
                                                 ],
                                                 [
                                                     -3.872431845883721,
                                                     52.705191205162677
                                                 ],
                                                 [
                                                     -3.872225175533663,
                                                     52.705306824848464
                                                 ],
                                                 [
                                                     -3.872133612111384,
                                                     52.705346022225804
                                                 ],
                                                 [
                                                     -3.871947131465789,
                                                     52.705417278827852
                                                 ],
                                                 [
                                                     -3.871844893727871,
                                                     52.705449453670461
                                                 ],
                                                 [
                                                     -3.871597269123303,
                                                     52.705506485326332
                                                 ],
                                                 [
                                                     -3.871361888202502,
                                                     52.705541661391031
                                                 ],
                                                 [
                                                     -3.871001297798053,
                                                     52.705659709239406
                                                 ],
                                                 [
                                                     -3.870581627454219,
                                                     52.705814640331191
                                                 ],
                                                 [
                                                     -3.870093319842642,
                                                     52.706025572899385
                                                 ],
                                                 [
                                                     -3.869992697380602,
                                                     52.706061316087919
                                                 ],
                                                 [
                                                     -3.869707750996595,
                                                     52.706147605451036
                                                 ],
                                                 [
                                                     -3.869522851007575,
                                                     52.706218923152058
                                                 ],
                                                 [
                                                     -3.869164050830316,
                                                     52.706413337095327
                                                 ],
                                                 [
                                                     -3.869018137986124,
                                                     52.706531677277681
                                                 ],
                                                 [
                                                     -3.868894851325715,
                                                     52.706591146931196
                                                 ],
                                                 [
                                                     -3.868348109080208,
                                                     52.7067516691924
                                                 ],
                                                 [
                                                     -3.868023890811431,
                                                     52.706853045262925
                                                 ],
                                                 [
                                                     -3.867737805035076,
                                                     52.706984288680488
                                                 ],
                                                 [
                                                     -3.867387707651763,
                                                     52.70713991089297
                                                 ],
                                                 [
                                                     -3.867247188369845,
                                                     52.707244681131122
                                                 ],
                                                 [
                                                     -3.867088270209249,
                                                     52.707373021128426
                                                 ],
                                                 [
                                                     -3.866862749177066,
                                                     52.70760226990965
                                                 ],
                                                 [
                                                     -3.86659217191944,
                                                     52.707851103308819
                                                 ],
                                                 [
                                                     -3.866360289734103,
                                                     52.708037217749506
                                                 ],
                                                 [
                                                     -3.866173316654891,
                                                     52.708166088171609
                                                 ],
                                                 [
                                                     -3.865902288654724,
                                                     52.708301584474292
                                                 ],
                                                 [
                                                     -3.86582239281251,
                                                     52.708336997735472
                                                 ],
                                                 [
                                                     -3.865685915725058,
                                                     52.708399367990914
                                                 ],
                                                 [
                                                     -3.865341948194351,
                                                     52.708490261114633
                                                 ],
                                                 [
                                                     -3.865073122070893,
                                                     52.708574487242977
                                                 ],
                                                 [
                                                     -3.864796832213581,
                                                     52.708621080217831
                                                 ],
                                                 [
                                                     -3.864500349923431,
                                                     52.70864641751367
                                                 ],
                                                 [
                                                     -3.864122619764339,
                                                     52.708709884692375
                                                 ],
                                                 [
                                                     -3.863171324278877,
                                                     52.708929866747312
                                                 ],
                                                 [
                                                     -3.862307467139334,
                                                     52.709119704500651
                                                 ],
                                                 [
                                                     -3.861806444684388,
                                                     52.709174315158251
                                                 ],
                                                 [
                                                     -3.861493735866893,
                                                     52.709199899794079
                                                 ],
                                                 [
                                                     -3.861394847616344,
                                                     52.709205048376418
                                                 ],
                                                 [
                                                     -3.86135529949542,
                                                     52.70921645583666
                                                 ],
                                                 [
                                                     -3.861342042954289,
                                                     52.709217562220175
                                                 ],
                                                 [
                                                     -3.861323077638344,
                                                     52.709225050965465
                                                 ],
                                                 [
                                                     -3.861070009245955,
                                                     52.709295538642969
                                                 ],
                                                 [
                                                     -3.860793116356477,
                                                     52.709503111330285
                                                 ],
                                                 [
                                                     -3.860605265209803,
                                                     52.709646277552878
                                                 ],
                                                 [
                                                     -3.860389937061933,
                                                     52.709803447383727
                                                 ],
                                                 [
                                                     -3.860222736843862,
                                                     52.709734974747384
                                                 ],
                                                 [
                                                     -3.860352667283148,
                                                     52.709587324701651
                                                 ],
                                                 [
                                                     -3.860434859799278,
                                                     52.709502443758467
                                                 ],
                                                 [
                                                     -3.86021265634628,
                                                     52.70890713188583
                                                 ],
                                                 [
                                                     -3.859803545726488,
                                                     52.708545841334107
                                                 ],
                                                 [
                                                     -3.859565898591515,
                                                     52.708387690682301
                                                 ],
                                                 [
                                                     -3.859395633290143,
                                                     52.708284300425881
                                                 ],
                                                 [
                                                     -3.859048239494268,
                                                     52.708119781413359
                                                 ],
                                                 [
                                                     -3.858440192894033,
                                                     52.707918991632397
                                                 ],
                                                 [
                                                     -3.858252437830476,
                                                     52.707923733804861
                                                 ],
                                                 [
                                                     -3.858164141138371,
                                                     52.70793680272056
                                                 ],
                                                 [
                                                     -3.858075997088683,
                                                     52.707953464623358
                                                 ],
                                                 [
                                                     -3.857781501193616,
                                                     52.70802549387173
                                                 ],
                                                 [
                                                     -3.857750329479372,
                                                     52.708021487958618
                                                 ],
                                                 [
                                                     -3.857561931119462,
                                                     52.707979499218034
                                                 ],
                                                 [
                                                     -3.857351962928554,
                                                     52.7079152883435
                                                 ],
                                                 [
                                                     -3.856906133940932,
                                                     52.70780362914762
                                                 ],
                                                 [
                                                     -3.856259021263851,
                                                     52.707694221960701
                                                 ],
                                                 [
                                                     -3.856030330210927,
                                                     52.707640278266297
                                                 ],
                                                 [
                                                     -3.855772546511049,
                                                     52.707565127998251
                                                 ],
                                                 [
                                                     -3.855524318652713,
                                                     52.707577104547426
                                                 ],
                                                 [
                                                     -3.855165756436084,
                                                     52.707603390421525
                                                 ],
                                                 [
                                                     -3.854721023936753,
                                                     52.707623833765318
                                                 ],
                                                 [
                                                     -3.854377349255655,
                                                     52.707618425249748
                                                 ],
                                                 [
                                                     -3.853969465915603,
                                                     52.70763289648476
                                                 ],
                                                 [
                                                     -3.853769805627355,
                                                     52.707708015715383
                                                 ],
                                                 [
                                                     -3.853525011923376,
                                                     52.707798131436803
                                                 ],
                                                 [
                                                     -3.853231080364465,
                                                     52.707883622298645
                                                 ],
                                                 [
                                                     -3.852787108624758,
                                                     52.707991232594424
                                                 ],
                                                 [
                                                     -3.852418675653434,
                                                     52.70809864956297
                                                 ],
                                                 [
                                                     -3.852351377044794,
                                                     52.708117677733092
                                                 ],
                                                 [
                                                     -3.852010270926683,
                                                     52.708276708077172
                                                 ],
                                                 [
                                                     -3.851918091548074,
                                                     52.708339359116238
                                                 ],
                                                 [
                                                     -3.851635358696898,
                                                     52.708513655261548
                                                 ],
                                                 [
                                                     -3.851505027045539,
                                                     52.708580406661206
                                                 ],
                                                 [
                                                     -3.851273039356437,
                                                     52.708696473787974
                                                 ],
                                                 [
                                                     -3.851024502173819,
                                                     52.708839674379597
                                                 ],
                                                 [
                                                     -3.850867039574235,
                                                     52.708896962449401
                                                 ],
                                                 [
                                                     -3.850589632877227,
                                                     52.708986772133173
                                                 ],
                                                 [
                                                     -3.850294050903848,
                                                     52.709102842176854
                                                 ],
                                                 [
                                                     -3.850009939216227,
                                                     52.709175588030554
                                                 ],
                                                 [
                                                     -3.849774121246846,
                                                     52.709235894955597
                                                 ],
                                                 [
                                                     -3.8495513314886,
                                                     52.709289706297966
                                                 ],
                                                 [
                                                     -3.849436211573244,
                                                     52.709297794547702
                                                 ],
                                                 [
                                                     -3.849229215806103,
                                                     52.709303720802652
                                                 ],
                                                 [
                                                     -3.849043013446056,
                                                     52.709276066041134
                                                 ],
                                                 [
                                                     -3.84879189572557,
                                                     52.709217065563521
                                                 ],
                                                 [
                                                     -3.848326763639752,
                                                     52.709104776189641
                                                 ],
                                                 [
                                                     -3.847961127234297,
                                                     52.709001630104716
                                                 ],
                                                 [
                                                     -3.847221300020482,
                                                     52.708832498512031
                                                 ],
                                                 [
                                                     -3.847087901818704,
                                                     52.708795029532659
                                                 ],
                                                 [
                                                     -3.847025172220389,
                                                     52.708780727200384
                                                 ],
                                                 [
                                                     -3.846480139424429,
                                                     52.708634531478836
                                                 ],
                                                 [
                                                     -3.845859142936067,
                                                     52.708510278952545
                                                 ],
                                                 [
                                                     -3.845509327046039,
                                                     52.708463595019154
                                                 ],
                                                 [
                                                     -3.845203422689089,
                                                     52.708442291768506
                                                 ],
                                                 [
                                                     -3.84507405802638,
                                                     52.708428037736397
                                                 ],
                                                 [
                                                     -3.84492873123816,
                                                     52.708423109198755
                                                 ],
                                                 [
                                                     -3.844591898880404,
                                                     52.708438239303135
                                                 ],
                                                 [
                                                     -3.844127262755126,
                                                     52.708476119684676
                                                 ],
                                                 [
                                                     -3.843390349076367,
                                                     52.708554995219693
                                                 ],
                                                 [
                                                     -3.842849991295192,
                                                     52.708623620078576
                                                 ],
                                                 [
                                                     -3.841724561222306,
                                                     52.708823665945019
                                                 ],
                                                 [
                                                     -3.841352685428477,
                                                     52.708992131585774
                                                 ],
                                                 [
                                                     -3.841157345798719,
                                                     52.70892415934231
                                                 ],
                                                 [
                                                     -3.84097775733068,
                                                     52.708876614751354
                                                 ],
                                                 [
                                                     -3.840889329299633,
                                                     52.708851922050215
                                                 ],
                                                 [
                                                     -3.840800871428026,
                                                     52.70882363520964
                                                 ],
                                                 [
                                                     -3.840173243411281,
                                                     52.708613978273966
                                                 ],
                                                 [
                                                     -3.84006491038225,
                                                     52.708571617733469
                                                 ],
                                                 [
                                                     -3.839880890254809,
                                                     52.708421584503128
                                                 ],
                                                 [
                                                     -3.839891990737955,
                                                     52.708331528967989
                                                 ],
                                                 [
                                                     -3.839929444239977,
                                                     52.708238367963929
                                                 ],
                                                 [
                                                     -3.840008629531559,
                                                     52.708150761840258
                                                 ],
                                                 [
                                                     -3.840102925488295,
                                                     52.708068403667497
                                                 ],
                                                 [
                                                     -3.840170547006656,
                                                     52.7079873577661
                                                 ],
                                                 [
                                                     -3.840204351501909,
                                                     52.707877086211916
                                                 ],
                                                 [
                                                     -3.840207643669284,
                                                     52.707813218115277
                                                 ],
                                                 [
                                                     -3.840187366593724,
                                                     52.707682304454956
                                                 ],
                                                 [
                                                     -3.840165222640574,
                                                     52.707614337673299
                                                 ],
                                                 [
                                                     -3.840089156481979,
                                                     52.707459931311298
                                                 ],
                                                 [
                                                     -3.840056519395179,
                                                     52.707316625945438
                                                 ],
                                                 [
                                                     -3.839832898455255,
                                                     52.706964971107681
                                                 ],
                                                 [
                                                     -3.839807153425577,
                                                     52.706915845622056
                                                 ],
                                                 [
                                                     -3.839796142506525,
                                                     52.706862985877294
                                                 ],
                                                 [
                                                     -3.839794156510358,
                                                     52.706746169046745
                                                 ],
                                                 [
                                                     -3.839802605382114,
                                                     52.706630987496467
                                                 ],
                                                 [
                                                     -3.83980261499043,
                                                     52.706630899237076
                                                 ],
                                                 [
                                                     -3.839812170933702,
                                                     52.706576820234218
                                                 ],
                                                 [
                                                     -3.839872123087039,
                                                     52.706452750080416
                                                 ],
                                                 [
                                                     -3.839908085498175,
                                                     52.706393768400169
                                                 ],
                                                 [
                                                     -3.839998078025284,
                                                     52.706281725480778
                                                 ],
                                                 [
                                                     -3.840052072634959,
                                                     52.70622785650238
                                                 ],
                                                 [
                                                     -3.840200702390758,
                                                     52.706137463735203
                                                 ],
                                                 [
                                                     -3.84056309585824,
                                                     52.70599063059047
                                                 ],
                                                 [
                                                     -3.840616798601223,
                                                     52.705964629398977
                                                 ],
                                                 [
                                                     -3.840694077293743,
                                                     52.705901410353512
                                                 ],
                                                 [
                                                     -3.840875836640612,
                                                     52.705577615947192
                                                 ],
                                                 [
                                                     -3.841110403508946,
                                                     52.705279067136985
                                                 ],
                                                 [
                                                     -3.841276477650664,
                                                     52.705107507747364
                                                 ],
                                                 [
                                                     -3.841372367372769,
                                                     52.705031324692406
                                                 ],
                                                 [
                                                     -3.841470035445768,
                                                     52.704959699255888
                                                 ],
                                                 [
                                                     -3.841834526193716,
                                                     52.704723935224465
                                                 ],
                                                 [
                                                     -3.842174614960496,
                                                     52.704502841194582
                                                 ],
                                                 [
                                                     -3.842458038000053,
                                                     52.704344645987213
                                                 ],
                                                 [
                                                     -3.842795742331908,
                                                     52.704104800814079
                                                 ],
                                                 [
                                                     -3.843410892634775,
                                                     52.703808418778145
                                                 ],
                                                 [
                                                     -3.84284511192979,
                                                     52.703521413560082
                                                 ],
                                                 [
                                                     -3.843284618378326,
                                                     52.70337786634196
                                                 ],
                                                 [
                                                     -3.843726953447178,
                                                     52.703266721445765
                                                 ],
                                                 [
                                                     -3.843879944811171,
                                                     52.703245465824374
                                                 ],
                                                 [
                                                     -3.843945952335716,
                                                     52.70308885214547
                                                 ],
                                                 [
                                                     -3.844040421003533,
                                                     52.70294446907576
                                                 ],
                                                 [
                                                     -3.844112464567569,
                                                     52.702861554683864
                                                 ],
                                                 [
                                                     -3.844190244788469,
                                                     52.702775763811708
                                                 ],
                                                 [
                                                     -3.844289806136297,
                                                     52.702679838393351
                                                 ],
                                                 [
                                                     -3.844701870930701,
                                                     52.702308410826738
                                                 ],
                                                 [
                                                     -3.844792907708538,
                                                     52.70222160491204
                                                 ],
                                                 [
                                                     -3.844890658795821,
                                                     52.702117527264434
                                                 ],
                                                 [
                                                     -3.845380703530598,
                                                     52.701630731779986
                                                 ],
                                                 [
                                                     -3.845750080784255,
                                                     52.701228506081655
                                                 ],
                                                 [
                                                     -3.84603351437203,
                                                     52.700895030496056
                                                 ],
                                                 [
                                                     -3.846365667852888,
                                                     52.700524751692541
                                                 ],
                                                 [
                                                     -3.846547498471183,
                                                     52.700062528025668
                                                 ],
                                                 [
                                                     -3.846555405714813,
                                                     52.700041731237313
                                                 ],
                                                 [
                                                     -3.846645398938736,
                                                     52.69989283122014
                                                 ],
                                                 [
                                                     -3.84678437715904,
                                                     52.699716293194932
                                                 ],
                                                 [
                                                     -3.847002062341125,
                                                     52.699438667748545
                                                 ],
                                                 [
                                                     -3.847348605650517,
                                                     52.699022411709493
                                                 ],
                                                 [
                                                     -3.84760887075495,
                                                     52.698666822369596
                                                 ],
                                                 [
                                                     -3.847649080236311,
                                                     52.698567233945056
                                                 ],
                                                 [
                                                     -3.847677518825352,
                                                     52.698191889564136
                                                 ],
                                                 [
                                                     -3.847647979685498,
                                                     52.698053031302038
                                                 ],
                                                 [
                                                     -3.847702925245045,
                                                     52.697565728454038
                                                 ],
                                                 [
                                                     -3.847720373071781,
                                                     52.697276842485351
                                                 ],
                                                 [
                                                     -3.847742099824529,
                                                     52.696915982645201
                                                 ],
                                                 [
                                                     -3.847763029319528,
                                                     52.696712431293982
                                                 ],
                                                 [
                                                     -3.84782277457105,
                                                     52.696373450367155
                                                 ],
                                                 [
                                                     -3.847871001652541,
                                                     52.696148889634721
                                                 ],
                                                 [
                                                     -3.848005679510186,
                                                     52.6957987629334
                                                 ],
                                                 [
                                                     -3.848043941982148,
                                                     52.695725360900511
                                                 ],
                                                 [
                                                     -3.848123332208273,
                                                     52.695571322110602
                                                 ],
                                                 [
                                                     -3.848282762613429,
                                                     52.695316174238933
                                                 ],
                                                 [
                                                     -3.848653297893827,
                                                     52.694770018067665
                                                 ],
                                                 [
                                                     -3.848952112724625,
                                                     52.694314054037726
                                                 ],
                                                 [
                                                     -3.849288531383813,
                                                     52.693521160157879
                                                 ],
                                                 [
                                                     -3.849420245560088,
                                                     52.693274533098688
                                                 ],
                                                 [
                                                     -3.849475431874698,
                                                     52.693180192804419
                                                 ],
                                                 [
                                                     -3.849542557855086,
                                                     52.69308836339038
                                                 ],
                                                 [
                                                     -3.849579028300907,
                                                     52.693041954193589
                                                 ],
                                                 [
                                                     -3.850307978023376,
                                                     52.692328317841124
                                                 ],
                                                 [
                                                     -3.85075164978006,
                                                     52.691937499598801
                                                 ],
                                                 [
                                                     -3.850926037169624,
                                                     52.691756806839727
                                                 ],
                                                 [
                                                     -3.851175754667144,
                                                     52.69153709712797
                                                 ],
                                                 [
                                                     -3.851603967554781,
                                                     52.69141265960468
                                                 ],
                                                 [
                                                     -3.851786935631202,
                                                     52.691365668756205
                                                 ],
                                                 [
                                                     -3.853160640179304,
                                                     52.69053776211279
                                                 ],
                                                 [
                                                     -3.853726063644563,
                                                     52.68977641732301
                                                 ],
                                                 [
                                                     -3.853686824333579,
                                                     52.689129603085149
                                                 ],
                                                 [
                                                     -3.853699143070084,
                                                     52.688858862103601
                                                 ],
                                                 [
                                                     -3.853534457772956,
                                                     52.688640235561159
                                                 ],
                                                 [
                                                     -3.853242255410601,
                                                     52.688239344040142
                                                 ],
                                                 [
                                                     -3.852967910495479,
                                                     52.687874034501235
                                                 ],
                                                 [
                                                     -3.852731212578496,
                                                     52.687562156534121
                                                 ],
                                                 [
                                                     -3.852541622012905,
                                                     52.687276596097902
                                                 ],
                                                 [
                                                     -3.852427430391542,
                                                     52.687025719498457
                                                 ],
                                                 [
                                                     -3.852255936184916,
                                                     52.68664540398219
                                                 ],
                                                 [
                                                     -3.852255898640411,
                                                     52.686645320953851
                                                 ],
                                                 [
                                                     -3.852178779209889,
                                                     52.686465859110676
                                                 ],
                                                 [
                                                     -3.852445187823263,
                                                     52.686223414483322
                                                 ],
                                                 [
                                                     -3.852650264164125,
                                                     52.685999006378168
                                                 ],
                                                 [
                                                     -3.852483507489246,
                                                     52.685731065190261
                                                 ],
                                                 [
                                                     -3.852264948576559,
                                                     52.685530357327238
                                                 ],
                                                 [
                                                     -3.852861007973148,
                                                     52.685176696192599
                                                 ],
                                                 [
                                                     -3.853325316771117,
                                                     52.68492396378187
                                                 ],
                                                 [
                                                     -3.854033733680066,
                                                     52.684674601080388
                                                 ],
                                                 [
                                                     -3.855028452726895,
                                                     52.684163685526151
                                                 ],
                                                 [
                                                     -3.855231602242356,
                                                     52.683894361022247
                                                 ],
                                                 [
                                                     -3.855635197982065,
                                                     52.68343305243225
                                                 ],
                                                 [
                                                     -3.856135037391716,
                                                     52.682974818306668
                                                 ],
                                                 [
                                                     -3.855704156866972,
                                                     52.68247894034036
                                                 ],
                                                 [
                                                     -3.856171878821574,
                                                     52.682066150818883
                                                 ],
                                                 [
                                                     -3.856449742737036,
                                                     52.681850482746334
                                                 ],
                                                 [
                                                     -3.857225244731303,
                                                     52.681473313586444
                                                 ],
                                                 [
                                                     -3.857508470662753,
                                                     52.681315173485814
                                                 ],
                                                 [
                                                     -3.857798830830117,
                                                     52.681497577921249
                                                 ],
                                                 [
                                                     -3.858219442243188,
                                                     52.681685219836652
                                                 ],
                                                 [
                                                     -3.858830697158535,
                                                     52.681619904591706
                                                 ],
                                                 [
                                                     -3.859377936543619,
                                                     52.681443146966238
                                                 ],
                                                 [
                                                     -3.859766472336689,
                                                     52.681326492506251
                                                 ],
                                                 [
                                                     -3.860211925107921,
                                                     52.681016502792936
                                                 ],
                                                 [
                                                     -3.860936914974405,
                                                     52.6805654990698
                                                 ],
                                                 [
                                                     -3.861244510835955,
                                                     52.680355644343706
                                                 ],
                                                 [
                                                     -3.862416094600304,
                                                     52.679831909553116
                                                 ],
                                                 [
                                                     -3.863264177546158,
                                                     52.679459852005031
                                                 ],
                                                 [
                                                     -3.863632198029268,
                                                     52.679208592364766
                                                 ],
                                                 [
                                                     -3.864496979535263,
                                                     52.678673573498457
                                                 ],
                                                 [
                                                     -3.865639633162068,
                                                     52.678134083141941
                                                 ],
                                                 [
                                                     -3.866605759373839,
                                                     52.677651382866543
                                                 ],
                                                 [
                                                     -3.868443744656775,
                                                     52.676664883865165
                                                 ],
                                                 [
                                                     -3.869938541933181,
                                                     52.675886009955597
                                                 ],
                                                 [
                                                     -3.869923304253743,
                                                     52.67580625460581
                                                 ],
                                                 [
                                                     -3.870013003521299,
                                                     52.675724842135587
                                                 ],
                                                 [
                                                     -3.870311789218843,
                                                     52.675481844823651
                                                 ],
                                                 [
                                                     -3.870381341152528,
                                                     52.675448388519456
                                                 ],
                                                 [
                                                     -3.870429669438129,
                                                     52.675437738251155
                                                 ],
                                                 [
                                                     -3.870608942013092,
                                                     52.675306284666569
                                                 ],
                                                 [
                                                     -3.870631902578418,
                                                     52.675221431729923
                                                 ],
                                                 [
                                                     -3.870733198988869,
                                                     52.675131746449892
                                                 ],
                                                 [
                                                     -3.870836909104618,
                                                     52.675067190364913
                                                 ],
                                                 [
                                                     -3.871025288479275,
                                                     52.675046149245432
                                                 ],
                                                 [
                                                     -3.871122757620383,
                                                     52.675041014492919
                                                 ],
                                                 [
                                                     -3.871289383050143,
                                                     52.675030293738821
                                                 ],
                                                 [
                                                     -3.871419740780506,
                                                     52.67499857278974
                                                 ],
                                                 [
                                                     -3.871722042582175,
                                                     52.674875151346711
                                                 ],
                                                 [
                                                     -3.871825248952205,
                                                     52.674833073363139
                                                 ],
                                                 [
                                                     -3.871832996059544,
                                                     52.674771829743754
                                                 ],
                                                 [
                                                     -3.872145535209612,
                                                     52.674711074062401
                                                 ],
                                                 [
                                                     -3.872302003668849,
                                                     52.67463399838136
                                                 ],
                                                 [
                                                     -3.872523001163783,
                                                     52.674614326590905
                                                 ],
                                                 [
                                                     -3.873035943625391,
                                                     52.674434541224592
                                                 ],
                                                 [
                                                     -3.873892986620675,
                                                     52.674207874260858
                                                 ],
                                                 [
                                                     -3.874047561100386,
                                                     52.674189251061449
                                                 ],
                                                 [
                                                     -3.874178524248177,
                                                     52.674140439191618
                                                 ],
                                                 [
                                                     -3.874297748831202,
                                                     52.674125071233235
                                                 ],
                                                 [
                                                     -3.874374651778365,
                                                     52.674123854614116
                                                 ],
                                                 [
                                                     -3.87439478472159,
                                                     52.674146905328804
                                                 ],
                                                 [
                                                     -3.874492704833626,
                                                     52.674257711305138
                                                 ],
                                                 [
                                                     -3.874579765028733,
                                                     52.674357002617221
                                                 ],
                                                 [
                                                     -3.874734449807241,
                                                     52.674480482052786
                                                 ],
                                                 [
                                                     -3.874842774686066,
                                                     52.674521013616513
                                                 ],
                                                 [
                                                     -3.875000306486204,
                                                     52.674574248259567
                                                 ],
                                                 [
                                                     -3.875196662378246,
                                                     52.674668304727085
                                                 ],
                                                 [
                                                     -3.875491287418658,
                                                     52.674468503815554
                                                 ],
                                                 [
                                                     -3.875679902517244,
                                                     52.674381926506229
                                                 ],
                                                 [
                                                     -3.875863119370405,
                                                     52.674274670699354
                                                 ],
                                                 [
                                                     -3.876036333518484,
                                                     52.674207212219585
                                                 ],
                                                 [
                                                     -3.876212271604358,
                                                     52.674103756498894
                                                 ],
                                                 [
                                                     -3.876285478080377,
                                                     52.674050464141715
                                                 ],
                                                 [
                                                     -3.876422484594702,
                                                     52.674003263240152
                                                 ],
                                                 [
                                                     -3.87648390139468,
                                                     52.673953752953906
                                                 ],
                                                 [
                                                     -3.876543360036414,
                                                     52.67385573698575
                                                 ],
                                                 [
                                                     -3.876637161894909,
                                                     52.673802119093324
                                                 ],
                                                 [
                                                     -3.876667963349896,
                                                     52.673658625881018
                                                 ],
                                                 [
                                                     -3.876894580994955,
                                                     52.673457292102945
                                                 ],
                                                 [
                                                     -3.877082608846773,
                                                     52.673357149084815
                                                 ],
                                                 [
                                                     -3.877285306360677,
                                                     52.673220910268483
                                                 ],
                                                 [
                                                     -3.877406944513417,
                                                     52.673196511771884
                                                 ],
                                                 [
                                                     -3.877505099449507,
                                                     52.673139227815263
                                                 ],
                                                 [
                                                     -3.877587852271857,
                                                     52.673066908666584
                                                 ],
                                                 [
                                                     -3.877764124244595,
                                                     52.672937288840103
                                                 ],
                                                 [
                                                     -3.877846647392605,
                                                     52.672893736053538
                                                 ],
                                                 [
                                                     -3.878019460548116,
                                                     52.672819988200978
                                                 ],
                                                 [
                                                     -3.878086151773342,
                                                     52.672754215149318
                                                 ],
                                                 [
                                                     -3.878232655383401,
                                                     52.672550463271918
                                                 ],
                                                 [
                                                     -3.878224570006474,
                                                     52.672498459289166
                                                 ],
                                                 [
                                                     -3.878726772486766,
                                                     52.67262082753448
                                                 ],
                                                 [
                                                     -3.87889158256954,
                                                     52.672670347010062
                                                 ],
                                                 [
                                                     -3.87899894280471,
                                                     52.672688418122306
                                                 ],
                                                 [
                                                     -3.879195166804005,
                                                     52.672714068805746
                                                 ],
                                                 [
                                                     -3.879532918642166,
                                                     52.672758237689862
                                                 ],
                                                 [
                                                     -3.879531533928328,
                                                     52.67276005694638
                                                 ],
                                                 [
                                                     -3.879683249464898,
                                                     52.6727801210507
                                                 ],
                                                 [
                                                     -3.879903701759744,
                                                     52.672816171700539
                                                 ],
                                                 [
                                                     -3.880378768139602,
                                                     52.672996489408511
                                                 ],
                                                 [
                                                     -3.880415920823165,
                                                     52.672896129057179
                                                 ],
                                                 [
                                                     -3.880423725672235,
                                                     52.67276837067044
                                                 ],
                                                 [
                                                     -3.880466758673453,
                                                     52.672634569562106
                                                 ],
                                                 [
                                                     -3.880633255406101,
                                                     52.672135678889852
                                                 ],
                                                 [
                                                     -3.880860505578404,
                                                     52.67136778990259
                                                 ],
                                                 [
                                                     -3.88093092801338,
                                                     52.671283979461442
                                                 ],
                                                 [
                                                     -3.881022292383328,
                                                     52.671207925633176
                                                 ],
                                                 [
                                                     -3.881286302302611,
                                                     52.671088591984983
                                                 ],
                                                 [
                                                     -3.881679810102062,
                                                     52.670952011728055
                                                 ],
                                                 [
                                                     -3.881827785953023,
                                                     52.670953256859534
                                                 ],
                                                 [
                                                     -3.882607193581639,
                                                     52.670679222368818
                                                 ],
                                                 [
                                                     -3.883000859073034,
                                                     52.670614541165165
                                                 ],
                                                 [
                                                     -3.883842626478559,
                                                     52.670480715541913
                                                 ],
                                                 [
                                                     -3.884732527332075,
                                                     52.670060107025499
                                                 ],
                                                 [
                                                     -3.885749627259508,
                                                     52.669566549145216
                                                 ],
                                                 [
                                                     -3.885820959365336,
                                                     52.669506989594886
                                                 ],
                                                 [
                                                     -3.885882399196142,
                                                     52.669455586721149
                                                 ],
                                                 [
                                                     -3.887400552015608,
                                                     52.668102567653534
                                                 ],
                                                 [
                                                     -3.888109161862478,
                                                     52.667418765191812
                                                 ],
                                                 [
                                                     -3.888782935599632,
                                                     52.666719334446022
                                                 ],
                                                 [
                                                     -3.889321098800981,
                                                     52.666203628648461
                                                 ],
                                                 [
                                                     -3.889982551642189,
                                                     52.665869405964472
                                                 ],
                                                 [
                                                     -3.890586892716594,
                                                     52.665514518925015
                                                 ],
                                                 [
                                                     -3.892600651410666,
                                                     52.664511348131754
                                                 ],
                                                 [
                                                     -3.893517020449163,
                                                     52.664056183111015
                                                 ],
                                                 [
                                                     -3.89460595031163,
                                                     52.663486705583871
                                                 ],
                                                 [
                                                     -3.896116187406256,
                                                     52.662710842215702
                                                 ],
                                                 [
                                                     -3.896105336519378,
                                                     52.662631917773034
                                                 ],
                                                 [
                                                     -3.896559302806038,
                                                     52.662221881060525
                                                 ],
                                                 [
                                                     -3.897710182172168,
                                                     52.661207264853552
                                                 ],
                                                 [
                                                     -3.898251564496201,
                                                     52.660766967097999
                                                 ],
                                                 [
                                                     -3.89877620486617,
                                                     52.660351294391525
                                                 ],
                                                 [
                                                     -3.89881911120431,
                                                     52.660317349000024
                                                 ],
                                                 [
                                                     -3.898550813001849,
                                                     52.660267719556572
                                                 ],
                                                 [
                                                     -3.896358338498624,
                                                     52.660585163464965
                                                 ],
                                                 [
                                                     -3.894289967723593,
                                                     52.660113826623707
                                                 ],
                                                 [
                                                     -3.894234643724887,
                                                     52.660100330220693
                                                 ],
                                                 [
                                                     -3.895098088086853,
                                                     52.659720601765557
                                                 ],
                                                 [
                                                     -3.895627207130214,
                                                     52.659475651495463
                                                 ],
                                                 [
                                                     -3.895619293744764,
                                                     52.659430835811001
                                                 ],
                                                 [
                                                     -3.895601762565678,
                                                     52.659298986691155
                                                 ],
                                                 [
                                                     -3.895501263169856,
                                                     52.659061413176467
                                                 ],
                                                 [
                                                     -3.895539925009449,
                                                     52.658996977446137
                                                 ],
                                                 [
                                                     -3.895469079532158,
                                                     52.658692415002818
                                                 ],
                                                 [
                                                     -3.895455008646083,
                                                     52.65864050684339
                                                 ],
                                                 [
                                                     -3.895316378026613,
                                                     52.658341523501875
                                                 ],
                                                 [
                                                     -3.895243706182859,
                                                     52.658267992735631
                                                 ],
                                                 [
                                                     -3.895134825116414,
                                                     52.658211310398968
                                                 ],
                                                 [
                                                     -3.895100469589435,
                                                     52.658169614098249
                                                 ],
                                                 [
                                                     -3.895060534846059,
                                                     52.658136996226041
                                                 ],
                                                 [
                                                     -3.895014751911267,
                                                     52.658104471896074
                                                 ],
                                                 [
                                                     -3.894895554051513,
                                                     52.658048852582311
                                                 ],
                                                 [
                                                     -3.89474265050467,
                                                     52.657929864381302
                                                 ],
                                                 [
                                                     -3.894611477030621,
                                                     52.65776927242036
                                                 ],
                                                 [
                                                     -3.894603603898302,
                                                     52.657725355119815
                                                 ],
                                                 [
                                                     -3.894636939205321,
                                                     52.657537773566887
                                                 ],
                                                 [
                                                     -3.894629998549395,
                                                     52.657515413415616
                                                 ],
                                                 [
                                                     -3.894617248593243,
                                                     52.657494045276486
                                                 ],
                                                 [
                                                     -3.894436706849164,
                                                     52.657285614986023
                                                 ],
                                                 [
                                                     -3.894348066129152,
                                                     52.657011897701672
                                                 ],
                                                 [
                                                     -3.894357742683516,
                                                     52.656860737607097
                                                 ],
                                                 [
                                                     -3.894361974097851,
                                                     52.656857074444545
                                                 ],
                                                 [
                                                     -3.894367915085303,
                                                     52.65678866774855
                                                 ],
                                                 [
                                                     -3.894471012798816,
                                                     52.656745582217567
                                                 ],
                                                 [
                                                     -3.894452854328211,
                                                     52.656666774451352
                                                 ],
                                                 [
                                                     -3.894393173290714,
                                                     52.656620090179452
                                                 ],
                                                 [
                                                     -3.894411124189409,
                                                     52.65655598510493
                                                 ],
                                                 [
                                                     -3.894363711894516,
                                                     52.656485735247593
                                                 ],
                                                 [
                                                     -3.894204597652905,
                                                     52.656431562786814
                                                 ],
                                                 [
                                                     -3.894186852353677,
                                                     52.65632847991187
                                                 ],
                                                 [
                                                     -3.894086867065534,
                                                     52.656170085049908
                                                 ],
                                                 [
                                                     -3.894038908097796,
                                                     52.656087170116052
                                                 ],
                                                 [
                                                     -3.894035207310941,
                                                     52.65606925181843
                                                 ],
                                                 [
                                                     -3.894075019320755,
                                                     52.65599760715498
                                                 ],
                                                 [
                                                     -3.894085127475028,
                                                     52.655957895990596
                                                 ],
                                                 [
                                                     -3.89409170128102,
                                                     52.655836447664406
                                                 ],
                                                 [
                                                     -3.894112583450906,
                                                     52.655704793249988
                                                 ],
                                                 [
                                                     -3.894070714438574,
                                                     52.655624567253135
                                                 ],
                                                 [
                                                     -3.894058185221039,
                                                     52.655574432467148
                                                 ],
                                                 [
                                                     -3.894056767676159,
                                                     52.655302015728608
                                                 ],
                                                 [
                                                     -3.894254213318082,
                                                     52.65508124967532
                                                 ],
                                                 [
                                                     -3.89441201920255,
                                                     52.654969965690256
                                                 ],
                                                 [
                                                     -3.894550146136104,
                                                     52.654849019834657
                                                 ],
                                                 [
                                                     -3.894569817261107,
                                                     52.654757023235689
                                                 ],
                                                 [
                                                     -3.894559502034995,
                                                     52.65465382155179
                                                 ],
                                                 [
                                                     -3.894493166745964,
                                                     52.654520865562226
                                                 ],
                                                 [
                                                     -3.894285124044283,
                                                     52.654327346756403
                                                 ],
                                                 [
                                                     -3.894202830022041,
                                                     52.654236890859956
                                                 ],
                                                 [
                                                     -3.894202301830226,
                                                     52.654154205612066
                                                 ],
                                                 [
                                                     -3.894202701173159,
                                                     52.654095774899673
                                                 ],
                                                 [
                                                     -3.894212085586068,
                                                     52.654073153660924
                                                 ],
                                                 [
                                                     -3.894223926279908,
                                                     52.654039706656128
                                                 ],
                                                 [
                                                     -3.894293215549786,
                                                     52.653967590500542
                                                 ],
                                                 [
                                                     -3.894289070491792,
                                                     52.653905547053391
                                                 ],
                                                 [
                                                     -3.894157600377474,
                                                     52.653737768336079
                                                 ],
                                                 [
                                                     -3.894154182676457,
                                                     52.653658724783291
                                                 ],
                                                 [
                                                     -3.894098090929647,
                                                     52.653624476850375
                                                 ],
                                                 [
                                                     -3.894087513755801,
                                                     52.653551839669234
                                                 ],
                                                 [
                                                     -3.894143692774405,
                                                     52.653416115201885
                                                 ],
                                                 [
                                                     -3.894207974850301,
                                                     52.653329698068099
                                                 ],
                                                 [
                                                     -3.894152477082508,
                                                     52.653241510025083
                                                 ],
                                                 [
                                                     -3.894114695818075,
                                                     52.653086614147398
                                                 ],
                                                 [
                                                     -3.89408550736095,
                                                     52.652958456714728
                                                 ],
                                                 [
                                                     -3.894066754281164,
                                                     52.652832020518495
                                                 ],
                                                 [
                                                     -3.894063608695456,
                                                     52.652759264495856
                                                 ],
                                                 [
                                                     -3.894082296511041,
                                                     52.652712226024377
                                                 ],
                                                 [
                                                     -3.894123758421035,
                                                     52.652644958690793
                                                 ],
                                                 [
                                                     -3.894264549465126,
                                                     52.652551924363024
                                                 ],
                                                 [
                                                     -3.894117902769646,
                                                     52.652546179330052
                                                 ],
                                                 [
                                                     -3.893947179875905,
                                                     52.652561492953588
                                                 ],
                                                 [
                                                     -3.893841662403404,
                                                     52.652618908879674
                                                 ],
                                                 [
                                                     -3.893676513579734,
                                                     52.652732196789877
                                                 ],
                                                 [
                                                     -3.89349703437239,
                                                     52.652821354257831
                                                 ],
                                                 [
                                                     -3.893246388050613,
                                                     52.652905357952214
                                                 ],
                                                 [
                                                     -3.893044731192811,
                                                     52.652958016935038
                                                 ],
                                                 [
                                                     -3.892716610380062,
                                                     52.652961462133604
                                                 ],
                                                 [
                                                     -3.892531152422394,
                                                     52.653013862296334
                                                 ],
                                                 [
                                                     -3.892361019982797,
                                                     52.653079589222621
                                                 ],
                                                 [
                                                     -3.892235235761991,
                                                     52.653077104049501
                                                 ],
                                                 [
                                                     -3.89195188217325,
                                                     52.653089719361006
                                                 ],
                                                 [
                                                     -3.891853848854125,
                                                     52.653077803148364
                                                 ],
                                                 [
                                                     -3.891741934827559,
                                                     52.653021075394363
                                                 ],
                                                 [
                                                     -3.891557526461341,
                                                     52.652996156376545
                                                 ],
                                                 [
                                                     -3.891204627880416,
                                                     52.653004487646434
                                                 ],
                                                 [
                                                     -3.891156467461917,
                                                     52.652987279989375
                                                 ],
                                                 [
                                                     -3.891043567402226,
                                                     52.652938747321308
                                                 ],
                                                 [
                                                     -3.890832193118344,
                                                     52.652836957697041
                                                 ],
                                                 [
                                                     -3.890447138813738,
                                                     52.652684817360594
                                                 ],
                                                 [
                                                     -3.890145974705914,
                                                     52.652454127112442
                                                 ],
                                                 [
                                                     -3.889940525939902,
                                                     52.652353948752065
                                                 ],
                                                 [
                                                     -3.889679008985436,
                                                     52.652253855328517
                                                 ],
                                                 [
                                                     -3.889641575132601,
                                                     52.652174456143108
                                                 ],
                                                 [
                                                     -3.889649086865832,
                                                     52.652074474365264
                                                 ],
                                                 [
                                                     -3.889608047861673,
                                                     52.652049961491443
                                                 ],
                                                 [
                                                     -3.889588806985978,
                                                     52.652047572035677
                                                 ],
                                                 [
                                                     -3.889394253534005,
                                                     52.652061461953721
                                                 ],
                                                 [
                                                     -3.889340905906491,
                                                     52.652059616481601
                                                 ],
                                                 [
                                                     -3.889289025793064,
                                                     52.652055050284133
                                                 ],
                                                 [
                                                     -3.889235600724586,
                                                     52.652051408702512
                                                 ],
                                                 [
                                                     -3.889100685644873,
                                                     52.652009517219597
                                                 ],
                                                 [
                                                     -3.888972785084698,
                                                     52.651991782180716
                                                 ],
                                                 [
                                                     -3.888859252592472,
                                                     52.651996289048753
                                                 ],
                                                 [
                                                     -3.888728664724026,
                                                     52.652020842524166
                                                 ],
                                                 [
                                                     -3.888609579177909,
                                                     52.652001169239576
                                                 ],
                                                 [
                                                     -3.888411704515714,
                                                     52.651971965475788
                                                 ],
                                                 [
                                                     -3.887993796314868,
                                                     52.651948066887762
                                                 ],
                                                 [
                                                     -3.887816469343439,
                                                     52.651917636423946
                                                 ],
                                                 [
                                                     -3.88772270028784,
                                                     52.65186879572348
                                                 ],
                                                 [
                                                     -3.887569231205275,
                                                     52.651806434426163
                                                 ],
                                                 [
                                                     -3.887356494445416,
                                                     52.651740613512601
                                                 ],
                                                 [
                                                     -3.887255257929015,
                                                     52.651690993231078
                                                 ],
                                                 [
                                                     -3.887050670290677,
                                                     52.651573807736582
                                                 ],
                                                 [
                                                     -3.886947310338998,
                                                     52.651508850045033
                                                 ],
                                                 [
                                                     -3.886772896137048,
                                                     52.65137051044637
                                                 ],
                                                 [
                                                     -3.886648060741958,
                                                     52.651288007917479
                                                 ],
                                                 [
                                                     -3.886531611331299,
                                                     52.651193597111366
                                                 ],
                                                 [
                                                     -3.886375836777215,
                                                     52.651111587055205
                                                 ],
                                                 [
                                                     -3.886347843452681,
                                                     52.651044619392131
                                                 ],
                                                 [
                                                     -3.886247024809551,
                                                     52.650933870029213
                                                 ],
                                                 [
                                                     -3.886139970533971,
                                                     52.650850993909877
                                                 ],
                                                 [
                                                     -3.886081040995079,
                                                     52.650821371019212
                                                 ],
                                                 [
                                                     -3.886014836710664,
                                                     52.650795460323103
                                                 ],
                                                 [
                                                     -3.885826093234128,
                                                     52.650771500578536
                                                 ],
                                                 [
                                                     -3.88548653800844,
                                                     52.650681628687607
                                                 ],
                                                 [
                                                     -3.885374268533376,
                                                     52.650647461711443
                                                 ],
                                                 [
                                                     -3.885253246588459,
                                                     52.650585480981903
                                                 ],
                                                 [
                                                     -3.885092556833422,
                                                     52.650525119545442
                                                 ],
                                                 [
                                                     -3.884757595382063,
                                                     52.650471126497649
                                                 ],
                                                 [
                                                     -3.884471930925915,
                                                     52.650395674375694
                                                 ],
                                                 [
                                                     -3.884220931002272,
                                                     52.650230595640124
                                                 ],
                                                 [
                                                     -3.884090976850536,
                                                     52.650096937693043
                                                 ],
                                                 [
                                                     -3.884019115517032,
                                                     52.650041453741252
                                                 ],
                                                 [
                                                     -3.883847454641618,
                                                     52.649966794158871
                                                 ],
                                                 [
                                                     -3.883610136887131,
                                                     52.649915738600605
                                                 ],
                                                 [
                                                     -3.883368285286816,
                                                     52.649895315889253
                                                 ],
                                                 [
                                                     -3.88310958785459,
                                                     52.649928191979576
                                                 ],
                                                 [
                                                     -3.882874288479132,
                                                     52.649992154994408
                                                 ],
                                                 [
                                                     -3.882585421241405,
                                                     52.650083124580043
                                                 ],
                                                 [
                                                     -3.882260148084751,
                                                     52.65018357124346
                                                 ],
                                                 [
                                                     -3.8820145752395,
                                                     52.650283648892831
                                                 ],
                                                 [
                                                     -3.881762003945371,
                                                     52.650391118096266
                                                 ],
                                                 [
                                                     -3.881591092996812,
                                                     52.650472931251009
                                                 ],
                                                 [
                                                     -3.881349437411176,
                                                     52.650562159698033
                                                 ],
                                                 [
                                                     -3.881051751313094,
                                                     52.650652277450575
                                                 ],
                                                 [
                                                     -3.880829766932342,
                                                     52.650751168813727
                                                 ],
                                                 [
                                                     -3.880649113905681,
                                                     52.650813360529845
                                                 ],
                                                 [
                                                     -3.880508057374552,
                                                     52.650798522560187
                                                 ],
                                                 [
                                                     -3.880313775410404,
                                                     52.650747676255314
                                                 ],
                                                 [
                                                     -3.880102082123112,
                                                     52.650674544951634
                                                 ],
                                                 [
                                                     -3.880017023611338,
                                                     52.650621066268847
                                                 ],
                                                 [
                                                     -3.87993793370665,
                                                     52.650567491898506
                                                 ],
                                                 [
                                                     -3.87990205857131,
                                                     52.650489862297128
                                                 ],
                                                 [
                                                     -3.879902431204508,
                                                     52.650396287341835
                                                 ],
                                                 [
                                                     -3.879957154993536,
                                                     52.650328006308484
                                                 ],
                                                 [
                                                     -3.879736120711695,
                                                     52.650241629665508
                                                 ],
                                                 [
                                                     -3.879641983288819,
                                                     52.648459285779239
                                                 ],
                                                 [
                                                     -3.88174931928705,
                                                     52.647169786248249
                                                 ],
                                                 [
                                                     -3.883733599920487,
                                                     52.646734575573106
                                                 ],
                                                 [
                                                     -3.884969062724269,
                                                     52.646039711199379
                                                 ],
                                                 [
                                                     -3.887099720346586,
                                                     52.643444265645925
                                                 ],
                                                 [
                                                     -3.888177328956061,
                                                     52.643000860919948
                                                 ],
                                                 [
                                                     -3.889372009569362,
                                                     52.642528702849638
                                                 ],
                                                 [
                                                     -3.891570134584696,
                                                     52.642432496138468
                                                 ],
                                                 [
                                                     -3.892174842227981,
                                                     52.642093770947312
                                                 ],
                                                 [
                                                     -3.893826889679743,
                                                     52.641126907779238
                                                 ],
                                                 [
                                                     -3.89639362204976,
                                                     52.639609487702295
                                                 ],
                                                 [
                                                     -3.897065897008857,
                                                     52.63936672911894
                                                 ],
                                                 [
                                                     -3.89936358705453,
                                                     52.638602559245555
                                                 ],
                                                 [
                                                     -3.900377033806954,
                                                     52.637842778427306
                                                 ],
                                                 [
                                                     -3.900857346302079,
                                                     52.635765301104513
                                                 ],
                                                 [
                                                     -3.900858695727512,
                                                     52.635759885733066
                                                 ],
                                                 [
                                                     -3.902210966094628,
                                                     52.635422589903762
                                                 ],
                                                 [
                                                     -3.902279669975342,
                                                     52.635405307043683
                                                 ],
                                                 [
                                                     -3.90175949206614,
                                                     52.63496136233379
                                                 ],
                                                 [
                                                     -3.900877673460041,
                                                     52.634222107514752
                                                 ],
                                                 [
                                                     -3.900229673504565,
                                                     52.633693020004941
                                                 ],
                                                 [
                                                     -3.899399684691298,
                                                     52.633023931138766
                                                 ],
                                                 [
                                                     -3.89888088526461,
                                                     52.632613298696796
                                                 ],
                                                 [
                                                     -3.897909381544367,
                                                     52.632051633792386
                                                 ],
                                                 [
                                                     -3.897830021330706,
                                                     52.632061893899539
                                                 ],
                                                 [
                                                     -3.897574362824931,
                                                     52.632094753754984
                                                 ],
                                                 [
                                                     -3.897183957541133,
                                                     52.631747673144396
                                                 ],
                                                 [
                                                     -3.896990345940971,
                                                     52.631164547448456
                                                 ],
                                                 [
                                                     -3.896839830850649,
                                                     52.631033928979086
                                                 ],
                                                 [
                                                     -3.896230435484539,
                                                     52.630507797137625
                                                 ],
                                                 [
                                                     -3.896474519072934,
                                                     52.629796317720078
                                                 ],
                                                 [
                                                     -3.897554299852866,
                                                     52.628900580105146
                                                 ],
                                                 [
                                                     -3.898057681612511,
                                                     52.628480752093353
                                                 ],
                                                 [
                                                     -3.898290434241387,
                                                     52.628293567592436
                                                 ],
                                                 [
                                                     -3.898704869717792,
                                                     52.628036954189255
                                                 ],
                                                 [
                                                     -3.898924541137559,
                                                     52.627921975584108
                                                 ],
                                                 [
                                                     -3.899818066402259,
                                                     52.627503972470699
                                                 ],
                                                 [
                                                     -3.900587979699202,
                                                     52.627368386569032
                                                 ],
                                                 [
                                                     -3.900833457254746,
                                                     52.627272765060304
                                                 ],
                                                 [
                                                     -3.901554629688257,
                                                     52.627002229225511
                                                 ],
                                                 [
                                                     -3.901665003795527,
                                                     52.626957312484329
                                                 ],
                                                 [
                                                     -3.901772529322672,
                                                     52.626916935103004
                                                 ],
                                                 [
                                                     -3.901995791573602,
                                                     52.626851329322974
                                                 ],
                                                 [
                                                     -3.902225908788824,
                                                     52.626808982501366
                                                 ],
                                                 [
                                                     -3.902800096039614,
                                                     52.626761916429665
                                                 ],
                                                 [
                                                     -3.90307774353615,
                                                     52.626689142794099
                                                 ],
                                                 [
                                                     -3.903348253870784,
                                                     52.626589517298029
                                                 ],
                                                 [
                                                     -3.903507378332158,
                                                     52.626511456522614
                                                 ],
                                                 [
                                                     -3.904012486309621,
                                                     52.626472775831978
                                                 ],
                                                 [
                                                     -3.904370345452005,
                                                     52.626378844648833
                                                 ],
                                                 [
                                                     -3.904689368868581,
                                                     52.626240684317438
                                                 ],
                                                 [
                                                     -3.90485201901544,
                                                     52.626140094595058
                                                 ],
                                                 [
                                                     -3.904998641833114,
                                                     52.62601270573542
                                                 ],
                                                 [
                                                     -3.90512344498097,
                                                     52.625927105618679
                                                 ],
                                                 [
                                                     -3.905326937848319,
                                                     52.625883383723369
                                                 ],
                                                 [
                                                     -3.906131926981196,
                                                     52.62563933515068
                                                 ],
                                                 [
                                                     -3.906386609344962,
                                                     52.625582203583889
                                                 ],
                                                 [
                                                     -3.906683510900613,
                                                     52.625512706945102
                                                 ],
                                                 [
                                                     -3.906892113130911,
                                                     52.625418474705128
                                                 ],
                                                 [
                                                     -3.907080746175871,
                                                     52.625304878692795
                                                 ],
                                                 [
                                                     -3.907313064653565,
                                                     52.625176197594655
                                                 ],
                                                 [
                                                     -3.907603159380263,
                                                     52.624950318229715
                                                 ],
                                                 [
                                                     -3.907631378715803,
                                                     52.624988514347379
                                                 ],
                                                 [
                                                     -3.907830264023031,
                                                     52.625247863207804
                                                 ],
                                                 [
                                                     -3.907899232342105,
                                                     52.625304278560336
                                                 ],
                                                 [
                                                     -3.90804550390295,
                                                     52.625407087399971
                                                 ],
                                                 [
                                                     -3.908127389979587,
                                                     52.625455204342764
                                                 ],
                                                 [
                                                     -3.908351923118662,
                                                     52.625519988262447
                                                 ],
                                                 [
                                                     -3.908529934414634,
                                                     52.625571050453509
                                                 ],
                                                 [
                                                     -3.908881953552451,
                                                     52.625614812965345
                                                 ],
                                                 [
                                                     -3.909148599105271,
                                                     52.625731859417975
                                                 ],
                                                 [
                                                     -3.909334456788056,
                                                     52.625826028252646
                                                 ],
                                                 [
                                                     -3.909360121379456,
                                                     52.625839096524786
                                                 ],
                                                 [
                                                     -3.909418093653993,
                                                     52.625847150142626
                                                 ],
                                                 [
                                                     -3.90976004772922,
                                                     52.625894668769178
                                                 ],
                                                 [
                                                     -3.909774894439936,
                                                     52.625897125751884
                                                 ],
                                                 [
                                                     -3.909960686711158,
                                                     52.625855478625724
                                                 ],
                                                 [
                                                     -3.910107792054236,
                                                     52.62577310809985
                                                 ],
                                                 [
                                                     -3.910282675662441,
                                                     52.625648853151326
                                                 ],
                                                 [
                                                     -3.910618405588076,
                                                     52.625452881545847
                                                 ],
                                                 [
                                                     -3.910973149568043,
                                                     52.625287970998286
                                                 ],
                                                 [
                                                     -3.911396700013527,
                                                     52.625105860209629
                                                 ],
                                                 [
                                                     -3.911710509655901,
                                                     52.624982956152834
                                                 ],
                                                 [
                                                     -3.911974034374658,
                                                     52.624894210054222
                                                 ],
                                                 [
                                                     -3.912116543690172,
                                                     52.624840674449089
                                                 ],
                                                 [
                                                     -3.912467000175643,
                                                     52.624711782883182
                                                 ],
                                                 [
                                                     -3.912730886421305,
                                                     52.624597861484617
                                                 ],
                                                 [
                                                     -3.912964790777055,
                                                     52.624505996054253
                                                 ],
                                                 [
                                                     -3.91315363020871,
                                                     52.624400387122364
                                                 ],
                                                 [
                                                     -3.913325924240954,
                                                     52.62431760556057
                                                 ],
                                                 [
                                                     -3.913495498356469,
                                                     52.624208801730617
                                                 ],
                                                 [
                                                     -3.913937181743739,
                                                     52.624174698808552
                                                 ],
                                                 [
                                                     -3.914148043034079,
                                                     52.624129943427953
                                                 ],
                                                 [
                                                     -3.914502576650289,
                                                     52.624061202824549
                                                 ],
                                                 [
                                                     -3.91507828883314,
                                                     52.623913471055644
                                                 ],
                                                 [
                                                     -3.915327041026651,
                                                     52.623790800168365
                                                 ],
                                                 [
                                                     -3.915516347256696,
                                                     52.623693269100784
                                                 ],
                                                 [
                                                     -3.915676223970894,
                                                     52.623633156269896
                                                 ],
                                                 [
                                                     -3.915710814849177,
                                                     52.623646978775668
                                                 ],
                                                 [
                                                     -3.915713658147064,
                                                     52.62364513456675
                                                 ],
                                                 [
                                                     -3.915879067254087,
                                                     52.62371166990102
                                                 ],
                                                 [
                                                     -3.915969256438403,
                                                     52.623746165042462
                                                 ],
                                                 [
                                                     -3.91616351385343,
                                                     52.623761987598506
                                                 ],
                                                 [
                                                     -3.916383581283231,
                                                     52.623660361845275
                                                 ],
                                                 [
                                                     -3.917070672959804,
                                                     52.623391180938285
                                                 ],
                                                 [
                                                     -3.918039843585106,
                                                     52.622917883390627
                                                 ],
                                                 [
                                                     -3.918437701757743,
                                                     52.622759442795179
                                                 ],
                                                 [
                                                     -3.918832513845,
                                                     52.622631701630375
                                                 ],
                                                 [
                                                     -3.919224965191229,
                                                     52.622450066296281
                                                 ],
                                                 [
                                                     -3.919495252292549,
                                                     52.622346721598902
                                                 ],
                                                 [
                                                     -3.919674583767094,
                                                     52.622294378088476
                                                 ],
                                                 [
                                                     -3.919973213827514,
                                                     52.622262570556238
                                                 ],
                                                 [
                                                     -3.921036502362481,
                                                     52.621847945032819
                                                 ],
                                                 [
                                                     -3.921434068510954,
                                                     52.621649949931346
                                                 ],
                                                 [
                                                     -3.921827956437857,
                                                     52.62150153956172
                                                 ],
                                                 [
                                                     -3.922127560610609,
                                                     52.621494879433634
                                                 ],
                                                 [
                                                     -3.922466736756735,
                                                     52.621446138064861
                                                 ],
                                                 [
                                                     -3.922823179276286,
                                                     52.621321702750272
                                                 ],
                                                 [
                                                     -3.923040811712711,
                                                     52.621231879541604
                                                 ],
                                                 [
                                                     -3.923370925106232,
                                                     52.620976547442744
                                                 ],
                                                 [
                                                     -3.923689931216118,
                                                     52.620806876547725
                                                 ],
                                                 [
                                                     -3.923895088466344,
                                                     52.620632671781628
                                                 ],
                                                 [
                                                     -3.924034883296943,
                                                     52.620553997895016
                                                 ],
                                                 [
                                                     -3.924236398841169,
                                                     52.620432884631391
                                                 ],
                                                 [
                                                     -3.924710903976007,
                                                     52.620237313450232
                                                 ],
                                                 [
                                                     -3.925182214301965,
                                                     52.619899683836643
                                                 ],
                                                 [
                                                     -3.925246459407822,
                                                     52.61981765220326
                                                 ],
                                                 [
                                                     -3.925429579153487,
                                                     52.619580075130905
                                                 ],
                                                 [
                                                     -3.925885868911482,
                                                     52.619272349297695
                                                 ],
                                                 [
                                                     -3.927527034708135,
                                                     52.618329446581946
                                                 ],
                                                 [
                                                     -3.92803028515531,
                                                     52.618082070063267
                                                 ],
                                                 [
                                                     -3.928599551910317,
                                                     52.617856984870095
                                                 ],
                                                 [
                                                     -3.928872753197307,
                                                     52.617787817920849
                                                 ],
                                                 [
                                                     -3.929148993489138,
                                                     52.617721297249119
                                                 ],
                                                 [
                                                     -3.929781823540724,
                                                     52.617601325736466
                                                 ],
                                                 [
                                                     -3.930667741920292,
                                                     52.617323430189536
                                                 ],
                                                 [
                                                     -3.931106612630088,
                                                     52.617224501616604
                                                 ],
                                                 [
                                                     -3.931977607017598,
                                                     52.617111419608513
                                                 ],
                                                 [
                                                     -3.93275473833569,
                                                     52.616980089179179
                                                 ],
                                                 [
                                                     -3.933333901717988,
                                                     52.61694726378532
                                                 ],
                                                 [
                                                     -3.933519281660331,
                                                     52.61693075471419
                                                 ],
                                                 [
                                                     -3.934017368146654,
                                                     52.616835341169349
                                                 ],
                                                 [
                                                     -3.934380259981801,
                                                     52.616759303565814
                                                 ],
                                                 [
                                                     -3.934716117120435,
                                                     52.616735838722498
                                                 ],
                                                 [
                                                     -3.935316154947548,
                                                     52.61667659644403
                                                 ],
                                                 [
                                                     -3.936101022556363,
                                                     52.616618823770843
                                                 ],
                                                 [
                                                     -3.936914674684633,
                                                     52.616578550929603
                                                 ],
                                                 [
                                                     -3.93774230549021,
                                                     52.616554224106387
                                                 ],
                                                 [
                                                     -3.938689103915712,
                                                     52.61655310742767
                                                 ],
                                                 [
                                                     -3.93890078288424,
                                                     52.616564022726479
                                                 ],
                                                 [
                                                     -3.939679508346262,
                                                     52.616601604640245
                                                 ],
                                                 [
                                                     -3.942002268675334,
                                                     52.616848559311173
                                                 ],
                                                 [
                                                     -3.942387471921526,
                                                     52.616941114430531
                                                 ],
                                                 [
                                                     -3.94249615003832,
                                                     52.616994162072139
                                                 ],
                                                 [
                                                     -3.943030261187078,
                                                     52.617211999824278
                                                 ],
                                                 [
                                                     -3.943511629087783,
                                                     52.61744058752118
                                                 ],
                                                 [
                                                     -3.943828511360661,
                                                     52.617590888030918
                                                 ],
                                                 [
                                                     -3.944330486359899,
                                                     52.617784079634305
                                                 ],
                                                 [
                                                     -3.944889251013268,
                                                     52.617991616762879
                                                 ],
                                                 [
                                                     -3.944912145688334,
                                                     52.617975061222808
                                                 ],
                                                 [
                                                     -3.945561488485275,
                                                     52.617495012274127
                                                 ],
                                                 [
                                                     -3.945629573776359,
                                                     52.617030894699639
                                                 ],
                                                 [
                                                     -3.945771255497408,
                                                     52.61629573102924
                                                 ],
                                                 [
                                                     -3.945952239608329,
                                                     52.615213862332737
                                                 ],
                                                 [
                                                     -3.946109714290549,
                                                     52.614401137345915
                                                 ],
                                                 [
                                                     -3.946265417141322,
                                                     52.613515633797611
                                                 ],
                                                 [
                                                     -3.946374807011228,
                                                     52.612920502187727
                                                 ],
                                                 [
                                                     -3.946459644165564,
                                                     52.612433546929815
                                                 ],
                                                 [
                                                     -3.946511853232326,
                                                     52.612278984636305
                                                 ],
                                                 [
                                                     -3.946625241797519,
                                                     52.61200467803323
                                                 ],
                                                 [
                                                     -3.94680700023199,
                                                     52.611706774776444
                                                 ],
                                                 [
                                                     -3.946962784814272,
                                                     52.611523454030852
                                                 ],
                                                 [
                                                     -3.947426138655544,
                                                     52.611113956175096
                                                 ],
                                                 [
                                                     -3.947585771985096,
                                                     52.610984501785758
                                                 ],
                                                 [
                                                     -3.94818586341919,
                                                     52.610561066720798
                                                 ],
                                                 [
                                                     -3.948574290474585,
                                                     52.610293917127002
                                                 ],
                                                 [
                                                     -3.948907576372814,
                                                     52.610049336170434
                                                 ],
                                                 [
                                                     -3.949501770985226,
                                                     52.609660956840791
                                                 ],
                                                 [
                                                     -3.949907229078621,
                                                     52.60938003921575
                                                 ],
                                                 [
                                                     -3.950281610608351,
                                                     52.609161743638282
                                                 ],
                                                 [
                                                     -3.950461736372651,
                                                     52.609060801093698
                                                 ],
                                                 [
                                                     -3.950688455229505,
                                                     52.608912260360007
                                                 ],
                                                 [
                                                     -3.95096649454204,
                                                     52.608753975025039
                                                 ],
                                                 [
                                                     -3.951346641295694,
                                                     52.608566950130353
                                                 ],
                                                 [
                                                     -3.951537704201499,
                                                     52.608479308744585
                                                 ],
                                                 [
                                                     -3.951770596078185,
                                                     52.608371112518618
                                                 ],
                                                 [
                                                     -3.952113606687125,
                                                     52.608211753378662
                                                 ],
                                                 [
                                                     -3.953037434190982,
                                                     52.607498826182109
                                                 ],
                                                 [
                                                     -3.953552418038996,
                                                     52.607058700085311
                                                 ],
                                                 [
                                                     -3.954705031413748,
                                                     52.606144145998229
                                                 ],
                                                 [
                                                     -3.954863509328688,
                                                     52.60605523883369
                                                 ],
                                                 [
                                                     -3.956316482517374,
                                                     52.605651832544254
                                                 ],
                                                 [
                                                     -3.956584941167211,
                                                     52.60557728616903
                                                 ],
                                                 [
                                                     -3.958310413771923,
                                                     52.605125216747275
                                                 ],
                                                 [
                                                     -3.960160313314119,
                                                     52.604616322945539
                                                 ],
                                                 [
                                                     -3.961291279224117,
                                                     52.604314363011788
                                                 ],
                                                 [
                                                     -3.963285641904223,
                                                     52.603832688391606
                                                 ],
                                                 [
                                                     -3.963636448484244,
                                                     52.603751276562484
                                                 ],
                                                 [
                                                     -3.964017425713841,
                                                     52.603783607456393
                                                 ],
                                                 [
                                                     -3.964656555401177,
                                                     52.603810845255488
                                                 ],
                                                 [
                                                     -3.965044525824887,
                                                     52.603800811873789
                                                 ],
                                                 [
                                                     -3.965434902237964,
                                                     52.603746602403483
                                                 ],
                                                 [
                                                     -3.966312639669802,
                                                     52.603495628023445
                                                 ],
                                                 [
                                                     -3.967091259991292,
                                                     52.603437660789936
                                                 ],
                                                 [
                                                     -3.96763080119486,
                                                     52.603383752839264
                                                 ],
                                                 [
                                                     -3.968174147680936,
                                                     52.603346856965167
                                                 ],
                                                 [
                                                     -3.96993936850276,
                                                     52.603654659953904
                                                 ],
                                                 [
                                                     -3.970305647314738,
                                                     52.603785281782145
                                                 ],
                                                 [
                                                     -3.970762404000961,
                                                     52.60392688966035
                                                 ],
                                                 [
                                                     -3.971944433780076,
                                                     52.604137405891727
                                                 ],
                                                 [
                                                     -3.972535122451644,
                                                     52.604267787699506
                                                 ],
                                                 [
                                                     -3.973206731022576,
                                                     52.604391514974282
                                                 ],
                                                 [
                                                     -3.973423145964639,
                                                     52.604378919444564
                                                 ],
                                                 [
                                                     -3.974435754751475,
                                                     52.604300914736882
                                                 ],
                                                 [
                                                     -3.974616642421976,
                                                     52.604283515696096
                                                 ],
                                                 [
                                                     -3.974794367326622,
                                                     52.604263473580851
                                                 ],
                                                 [
                                                     -3.97500899543453,
                                                     52.60424092745059
                                                 ],
                                                 [
                                                     -3.975206394070986,
                                                     52.60419808399967
                                                 ],
                                                 [
                                                     -3.977105128109163,
                                                     52.603662041716028
                                                 ],
                                                 [
                                                     -3.978908801476298,
                                                     52.602855022514056
                                                 ],
                                                 [
                                                     -3.979381084163921,
                                                     52.602652074686183
                                                 ],
                                                 [
                                                     -3.979732136175474,
                                                     52.602612048387279
                                                 ],
                                                 [
                                                     -3.979930936355264,
                                                     52.602597848183258
                                                 ],
                                                 [
                                                     -3.980132661256432,
                                                     52.602586384193913
                                                 ],
                                                 [
                                                     -3.980491782335099,
                                                     52.602557905607995
                                                 ],
                                                 [
                                                     -3.981054086496613,
                                                     52.602485577620484
                                                 ],
                                                 [
                                                     -3.982607813748781,
                                                     52.601379767625403
                                                 ],
                                                 [
                                                     -3.983005145734098,
                                                     52.600957659353291
                                                 ],
                                                 [
                                                     -3.985321161540152,
                                                     52.598486795234216
                                                 ],
                                                 [
                                                     -3.98586838068453,
                                                     52.597853626855716
                                                 ],
                                                 [
                                                     -3.986353594186295,
                                                     52.597319473183717
                                                 ],
                                                 [
                                                     -3.986185653733507,
                                                     52.596804366772233
                                                 ],
                                                 [
                                                     -3.986009729886755,
                                                     52.596247237034831
                                                 ],
                                                 [
                                                     -3.9856169299773,
                                                     52.595069665203631
                                                 ],
                                                 [
                                                     -3.986054000383563,
                                                     52.59431960326129
                                                 ],
                                                 [
                                                     -3.986237443856805,
                                                     52.594001834602857
                                                 ],
                                                 [
                                                     -3.987539129060821,
                                                     52.593597880413299
                                                 ],
                                                 [
                                                     -3.990169549343985,
                                                     52.592770599422273
                                                 ],
                                                 [
                                                     -3.992094386862943,
                                                     52.592175355608902
                                                 ],
                                                 [
                                                     -3.992315089405755,
                                                     52.591899196142641
                                                 ],
                                                 [
                                                     -3.993415892577436,
                                                     52.590813443020878
                                                 ],
                                                 [
                                                     -3.993605825359255,
                                                     52.590605214329528
                                                 ],
                                                 [
                                                     -3.993851893405035,
                                                     52.590335814896655
                                                 ],
                                                 [
                                                     -3.994254739403484,
                                                     52.589779643422901
                                                 ],
                                                 [
                                                     -3.995120515931814,
                                                     52.588624126234208
                                                 ],
                                                 [
                                                     -3.995577042008637,
                                                     52.5880472698598
                                                 ],
                                                 [
                                                     -3.99542979115932,
                                                     52.587013990834762
                                                 ],
                                                 [
                                                     -3.997201268660112,
                                                     52.585748716363518
                                                 ],
                                                 [
                                                     -3.998136321861488,
                                                     52.585212312851063
                                                 ],
                                                 [
                                                     -3.998805100453524,
                                                     52.58521450505561
                                                 ],
                                                 [
                                                     -3.999845964326993,
                                                     52.585540381331462
                                                 ],
                                                 [
                                                     -4.001375289728553,
                                                     52.584472478387802
                                                 ],
                                                 [
                                                     -3.999533849362357,
                                                     52.581863810551468
                                                 ],
                                                 [
                                                     -3.999513322982321,
                                                     52.581835303533516
                                                 ],
                                                 [
                                                     -4.000129483593679,
                                                     52.581848353399906
                                                 ],
                                                 [
                                                     -4.000644846609139,
                                                     52.581820678651283
                                                 ],
                                                 [
                                                     -4.000712539516616,
                                                     52.581815938892312
                                                 ],
                                                 [
                                                     -4.001169621156074,
                                                     52.581708437331606
                                                 ],
                                                 [
                                                     -4.002481769243287,
                                                     52.581349981248763
                                                 ],
                                                 [
                                                     -4.003751048905492,
                                                     52.5809913361241
                                                 ],
                                                 [
                                                     -4.00570884957836,
                                                     52.5808745823268
                                                 ],
                                                 [
                                                     -4.007297625993614,
                                                     52.58079192036525
                                                 ],
                                                 [
                                                     -4.00844029256282,
                                                     52.580763458575056
                                                 ],
                                                 [
                                                     -4.008613939084085,
                                                     52.580752422576509
                                                 ],
                                                 [
                                                     -4.009092587406319,
                                                     52.580632839175955
                                                 ],
                                                 [
                                                     -4.009658402857896,
                                                     52.58048211176532
                                                 ],
                                                 [
                                                     -4.009958630204331,
                                                     52.580399621830395
                                                 ],
                                                 [
                                                     -4.010774711932689,
                                                     52.580202391814282
                                                 ],
                                                 [
                                                     -4.012136482694284,
                                                     52.579803434
                                                 ],
                                                 [
                                                     -4.012453012885159,
                                                     52.579689199228675
                                                 ],
                                                 [
                                                     -4.012623814318435,
                                                     52.579616184016047
                                                 ],
                                                 [
                                                     -4.013180448999314,
                                                     52.579361236879897
                                                 ],
                                                 [
                                                     -4.013766630353643,
                                                     52.579108570774991
                                                 ],
                                                 [
                                                     -4.014029229847708,
                                                     52.578978171250505
                                                 ],
                                                 [
                                                     -4.014078380833094,
                                                     52.578953964833353
                                                 ],
                                                 [
                                                     -4.014749210206206,
                                                     52.579711260043247
                                                 ],
                                                 [
                                                     -4.015307173044513,
                                                     52.580355508372165
                                                 ],
                                                 [
                                                     -4.016895753702993,
                                                     52.580332944046042
                                                 ],
                                                 [
                                                     -4.018802474063006,
                                                     52.580292349425356
                                                 ],
                                                 [
                                                     -4.019204169408701,
                                                     52.58061996615556
                                                 ],
                                                 [
                                                     -4.020352692823081,
                                                     52.58145717036269
                                                 ],
                                                 [
                                                     -4.020943147367039,
                                                     52.581874233116849
                                                 ],
                                                 [
                                                     -4.021846755767077,
                                                     52.582777715164511
                                                 ],
                                                 [
                                                     -4.026121009873433,
                                                     52.583057075925041
                                                 ],
                                                 [
                                                     -4.027648459197303,
                                                     52.582058972152048
                                                 ],
                                                 [
                                                     -4.028939548276148,
                                                     52.583198458801043
                                                 ],
                                                 [
                                                     -4.030942926799485,
                                                     52.5850244027447
                                                 ],
                                                 [
                                                     -4.031227447299251,
                                                     52.585110396399735
                                                 ],
                                                 [
                                                     -4.031459281982698,
                                                     52.585175630907202
                                                 ],
                                                 [
                                                     -4.031568158017584,
                                                     52.585200728956835
                                                 ],
                                                 [
                                                     -4.031678243608,
                                                     52.585220412281771
                                                 ],
                                                 [
                                                     -4.031909545028022,
                                                     52.585242509543185
                                                 ],
                                                 [
                                                     -4.032085240734099,
                                                     52.585241290818587
                                                 ],
                                                 [
                                                     -4.032270019097433,
                                                     52.585278567583387
                                                 ],
                                                 [
                                                     -4.032543552025457,
                                                     52.585255893881623
                                                 ],
                                                 [
                                                     -4.032841964907062,
                                                     52.585294814081905
                                                 ],
                                                 [
                                                     -4.033036292380418,
                                                     52.585314846735947
                                                 ],
                                                 [
                                                     -4.033125077683404,
                                                     52.585318715656989
                                                 ],
                                                 [
                                                     -4.033348549223946,
                                                     52.585266337693625
                                                 ],
                                                 [
                                                     -4.033442510241353,
                                                     52.585224274549873
                                                 ],
                                                 [
                                                     -4.033568938679895,
                                                     52.585213114025159
                                                 ],
                                                 [
                                                     -4.033645798904407,
                                                     52.585245950515954
                                                 ],
                                                 [
                                                     -4.033852169798093,
                                                     52.585336786220502
                                                 ],
                                                 [
                                                     -4.033970304152031,
                                                     52.585369902357506
                                                 ],
                                                 [
                                                     -4.034208905526363,
                                                     52.585294700974309
                                                 ],
                                                 [
                                                     -4.034341584217795,
                                                     52.585289724307842
                                                 ],
                                                 [
                                                     -4.034393396085949,
                                                     52.585325688186828
                                                 ],
                                                 [
                                                     -4.034440820112345,
                                                     52.585487658382718
                                                 ],
                                                 [
                                                     -4.03445469771493,
                                                     52.585532362762898
                                                 ],
                                                 [
                                                     -4.03448546259782,
                                                     52.585529137511983
                                                 ],
                                                 [
                                                     -4.034655994681105,
                                                     52.585513622179825
                                                 ],
                                                 [
                                                     -4.034837813467913,
                                                     52.585581508079301
                                                 ],
                                                 [
                                                     -4.03520709207913,
                                                     52.585649855373724
                                                 ],
                                                 [
                                                     -4.035378579228469,
                                                     52.585720613673175
                                                 ],
                                                 [
                                                     -4.035496957408394,
                                                     52.585756330678535
                                                 ],
                                                 [
                                                     -4.035675325143165,
                                                     52.585783825586176
                                                 ],
                                                 [
                                                     -4.035847392543308,
                                                     52.58586446094381
                                                 ],
                                                 [
                                                     -4.036072406988004,
                                                     52.5858794670091
                                                 ],
                                                 [
                                                     -4.036212632644468,
                                                     52.58584559444143
                                                 ],
                                                 [
                                                     -4.036275284524327,
                                                     52.585860696491466
                                                 ],
                                                 [
                                                     -4.036406549603056,
                                                     52.585953808820143
                                                 ],
                                                 [
                                                     -4.036587667808582,
                                                     52.586040579503539
                                                 ],
                                                 [
                                                     -4.036732101735192,
                                                     52.586065959278336
                                                 ],
                                                 [
                                                     -4.036925351061376,
                                                     52.586062633996939
                                                 ],
                                                 [
                                                     -4.0369832116948,
                                                     52.586005908565333
                                                 ],
                                                 [
                                                     -4.037059826406475,
                                                     52.586001893629579
                                                 ],
                                                 [
                                                     -4.037167707053973,
                                                     52.586036890502378
                                                 ],
                                                 [
                                                     -4.037160118543523,
                                                     52.586096346465389
                                                 ],
                                                 [
                                                     -4.037186713556629,
                                                     52.586129146607526
                                                 ],
                                                 [
                                                     -4.037362498047878,
                                                     52.586163873773543
                                                 ],
                                                 [
                                                     -4.037424646372943,
                                                     52.586196961952133
                                                 ],
                                                 [
                                                     -4.037623363930589,
                                                     52.586314079418166
                                                 ],
                                                 [
                                                     -4.037759422830378,
                                                     52.586287467973186
                                                 ],
                                                 [
                                                     -4.037881308467823,
                                                     52.586272785447768
                                                 ],
                                                 [
                                                     -4.038153469453533,
                                                     52.586380458236199
                                                 ],
                                                 [
                                                     -4.038471315299623,
                                                     52.586389367480052
                                                 ],
                                                 [
                                                     -4.0384800272319,
                                                     52.586417082331529
                                                 ],
                                                 [
                                                     -4.038500830049292,
                                                     52.586485038040031
                                                 ],
                                                 [
                                                     -4.038508089033227,
                                                     52.586547024802378
                                                 ],
                                                 [
                                                     -4.03852488713434,
                                                     52.58655752235579
                                                 ],
                                                 [
                                                     -4.038619388074784,
                                                     52.586621512345829
                                                 ],
                                                 [
                                                     -4.038830398836294,
                                                     52.586683495550695
                                                 ],
                                                 [
                                                     -4.039154928020592,
                                                     52.586870353905013
                                                 ],
                                                 [
                                                     -4.039320168117496,
                                                     52.58692952910453
                                                 ],
                                                 [
                                                     -4.039526514310954,
                                                     52.586956535334181
                                                 ],
                                                 [
                                                     -4.039875213598474,
                                                     52.58702423461547
                                                 ],
                                                 [
                                                     -4.040039039279578,
                                                     52.587055568310504
                                                 ],
                                                 [
                                                     -4.040141297963588,
                                                     52.587097850620012
                                                 ],
                                                 [
                                                     -4.040254940516762,
                                                     52.587191262470533
                                                 ],
                                                 [
                                                     -4.040960004121906,
                                                     52.58762503781098
                                                 ],
                                                 [
                                                     -4.041046462213676,
                                                     52.587672984753013
                                                 ],
                                                 [
                                                     -4.04125443841653,
                                                     52.587732319523525
                                                 ],
                                                 [
                                                     -4.041272748702608,
                                                     52.587809396247671
                                                 ],
                                                 [
                                                     -4.041236323451374,
                                                     52.587884630451299
                                                 ],
                                                 [
                                                     -4.041327289302739,
                                                     52.587998117846652
                                                 ],
                                                 [
                                                     -4.04153031295495,
                                                     52.588079200249098
                                                 ],
                                                 [
                                                     -4.04177572866941,
                                                     52.588150472608469
                                                 ],
                                                 [
                                                     -4.042040393881033,
                                                     52.58812793001124
                                                 ],
                                                 [
                                                     -4.042181929115807,
                                                     52.588218970697419
                                                 ],
                                                 [
                                                     -4.042367608793714,
                                                     52.588306553085907
                                                 ],
                                                 [
                                                     -4.042569664282425,
                                                     52.588332728964552
                                                 ],
                                                 [
                                                     -4.042681444929724,
                                                     52.588451339059652
                                                 ],
                                                 [
                                                     -4.042811348178162,
                                                     52.588514714838624
                                                 ],
                                                 [
                                                     -4.042926200387121,
                                                     52.588571159903303
                                                 ],
                                                 [
                                                     -4.043418017222534,
                                                     52.588828826478043
                                                 ],
                                                 [
                                                     -4.043687531992862,
                                                     52.58887900434263
                                                 ],
                                                 [
                                                     -4.043808513103161,
                                                     52.588910174341386
                                                 ],
                                                 [
                                                     -4.043920821680454,
                                                     52.588943291321861
                                                 ],
                                                 [
                                                     -4.044074579219422,
                                                     52.58901173673209
                                                 ],
                                                 [
                                                     -4.044106445019729,
                                                     52.589126241664417
                                                 ],
                                                 [
                                                     -4.044172856751714,
                                                     52.589156555342932
                                                 ],
                                                 [
                                                     -4.04427233043364,
                                                     52.589201578712881
                                                 ],
                                                 [
                                                     -4.044304088280731,
                                                     52.58940786131236
                                                 ],
                                                 [
                                                     -4.044309010301482,
                                                     52.589448225407708
                                                 ],
                                                 [
                                                     -4.044418865850099,
                                                     52.58949396849281
                                                 ],
                                                 [
                                                     -4.044429454511909,
                                                     52.589499178590941
                                                 ],
                                                 [
                                                     -4.044439877365112,
                                                     52.58950079593653
                                                 ],
                                                 [
                                                     -4.044561986506844,
                                                     52.589524754465224
                                                 ],
                                                 [
                                                     -4.044799895244825,
                                                     52.58968663230241
                                                 ],
                                                 [
                                                     -4.044835509479366,
                                                     52.589710867214038
                                                 ],
                                                 [
                                                     -4.044961485390011,
                                                     52.589796593414803
                                                 ],
                                                 [
                                                     -4.045161047150852,
                                                     52.590025144318069
                                                 ],
                                                 [
                                                     -4.045193697739728,
                                                     52.590091096847104
                                                 ],
                                                 [
                                                     -4.045222891239514,
                                                     52.59014812050814
                                                 ],
                                                 [
                                                     -4.045260329352068,
                                                     52.590160057869696
                                                 ],
                                                 [
                                                     -4.045377109803653,
                                                     52.590194983499309
                                                 ],
                                                 [
                                                     -4.045402058896459,
                                                     52.590317697964551
                                                 ],
                                                 [
                                                     -4.045403685202653,
                                                     52.590321265479034
                                                 ],
                                                 [
                                                     -4.045459984549939,
                                                     52.590450628557953
                                                 ],
                                                 [
                                                     -4.045556516685085,
                                                     52.590557813504105
                                                 ],
                                                 [
                                                     -4.045657288037673,
                                                     52.590599218592907
                                                 ],
                                                 [
                                                     -4.045728039526009,
                                                     52.59062855729114
                                                 ],
                                                 [
                                                     -4.045768078575779,
                                                     52.590727639848943
                                                 ],
                                                 [
                                                     -4.046380245629863,
                                                     52.591158584924166
                                                 ],
                                                 [
                                                     -4.046704470364086,
                                                     52.59140016893042
                                                 ],
                                                 [
                                                     -4.046929795304164,
                                                     52.591546474137601
                                                 ],
                                                 [
                                                     -4.046899293378853,
                                                     52.591620709435936
                                                 ],
                                                 [
                                                     -4.046866082733392,
                                                     52.591699485406799
                                                 ],
                                                 [
                                                     -4.046960539144697,
                                                     52.59182468230199
                                                 ],
                                                 [
                                                     -4.047101999314029,
                                                     52.591851000126589
                                                 ],
                                                 [
                                                     -4.047213615931257,
                                                     52.591903002312826
                                                 ],
                                                 [
                                                     -4.047305898644685,
                                                     52.592012866824994
                                                 ],
                                                 [
                                                     -4.047416527309859,
                                                     52.592106323154688
                                                 ],
                                                 [
                                                     -4.047414363474914,
                                                     52.592313100833117
                                                 ],
                                                 [
                                                     -4.04735344117739,
                                                     52.592431997006912
                                                 ],
                                                 [
                                                     -4.047371421847713,
                                                     52.592499100894479
                                                 ],
                                                 [
                                                     -4.047537500270423,
                                                     52.59260948624771
                                                 ],
                                                 [
                                                     -4.047865264829523,
                                                     52.592736040628125
                                                 ],
                                                 [
                                                     -4.047897206742858,
                                                     52.592757959970669
                                                 ],
                                                 [
                                                     -4.047952204692674,
                                                     52.592796559383757
                                                 ],
                                                 [
                                                     -4.048071293069019,
                                                     52.592880790257851
                                                 ],
                                                 [
                                                     -4.048211742690887,
                                                     52.593010584305929
                                                 ],
                                                 [
                                                     -4.048238272541078,
                                                     52.593073046301342
                                                 ],
                                                 [
                                                     -4.048169482377936,
                                                     52.593245022416184
                                                 ],
                                                 [
                                                     -4.04823158002035,
                                                     52.593310553645566
                                                 ],
                                                 [
                                                     -4.048282791785615,
                                                     52.593364499110351
                                                 ],
                                                 [
                                                     -4.048537669171907,
                                                     52.59360377238621
                                                 ],
                                                 [
                                                     -4.048497548689389,
                                                     52.593724915733432
                                                 ],
                                                 [
                                                     -4.048594580121021,
                                                     52.593779865525008
                                                 ],
                                                 [
                                                     -4.048653120319019,
                                                     52.593800425242719
                                                 ],
                                                 [
                                                     -4.048673260852509,
                                                     52.593819852126629
                                                 ],
                                                 [
                                                     -4.048722677913958,
                                                     52.593866637233425
                                                 ],
                                                 [
                                                     -4.048783856641276,
                                                     52.593912409545936
                                                 ],
                                                 [
                                                     -4.048865834603001,
                                                     52.593960428417063
                                                 ],
                                                 [
                                                     -4.048938773434923,
                                                     52.594036468580704
                                                 ],
                                                 [
                                                     -4.048911528258693,
                                                     52.594117839244447
                                                 ],
                                                 [
                                                     -4.048951959310786,
                                                     52.594225093336348
                                                 ],
                                                 [
                                                     -4.049022566073211,
                                                     52.594313758917281
                                                 ],
                                                 [
                                                     -4.049139327986464,
                                                     52.594410613214755
                                                 ],
                                                 [
                                                     -4.049201098972907,
                                                     52.594500329867003
                                                 ],
                                                 [
                                                     -4.049272541050228,
                                                     52.594575587422192
                                                 ],
                                                 [
                                                     -4.049366521513915,
                                                     52.5945964324115
                                                 ],
                                                 [
                                                     -4.049392056169467,
                                                     52.594668799098429
                                                 ],
                                                 [
                                                     -4.049414089070246,
                                                     52.594731338685122
                                                 ],
                                                 [
                                                     -4.049517075560654,
                                                     52.594754723230771
                                                 ],
                                                 [
                                                     -4.049622681206563,
                                                     52.594740311523687
                                                 ],
                                                 [
                                                     -4.049726380774229,
                                                     52.594778965132889
                                                 ],
                                                 [
                                                     -4.049658776352062,
                                                     52.594848539580852
                                                 ],
                                                 [
                                                     -4.049692882159349,
                                                     52.594851544676068
                                                 ],
                                                 [
                                                     -4.049765556367635,
                                                     52.594859274925057
                                                 ],
                                                 [
                                                     -4.049764364847132,
                                                     52.594927609554048
                                                 ],
                                                 [
                                                     -4.049764490652561,
                                                     52.594930303862569
                                                 ],
                                                 [
                                                     -4.049985510483609,
                                                     52.595108947648718
                                                 ],
                                                 [
                                                     -4.050143391771369,
                                                     52.595202482332319
                                                 ],
                                                 [
                                                     -4.050192047912042,
                                                     52.595201639682806
                                                 ],
                                                 [
                                                     -4.050341058434334,
                                                     52.595199058925274
                                                 ],
                                                 [
                                                     -4.050599971798295,
                                                     52.595336596161012
                                                 ],
                                                 [
                                                     -4.050735018650354,
                                                     52.595350436611547
                                                 ],
                                                 [
                                                     -4.050865809547835,
                                                     52.595338283099053
                                                 ],
                                                 [
                                                     -4.051010869469701,
                                                     52.595376219049378
                                                 ],
                                                 [
                                                     -4.051059212117781,
                                                     52.595431202088527
                                                 ],
                                                 [
                                                     -4.051302607328041,
                                                     52.595523163692484
                                                 ],
                                                 [
                                                     -4.051451413746691,
                                                     52.595672494693176
                                                 ],
                                                 [
                                                     -4.05182726858769,
                                                     52.595879103128794
                                                 ],
                                                 [
                                                     -4.051886749363274,
                                                     52.595825937083376
                                                 ],
                                                 [
                                                     -4.052054805840107,
                                                     52.595915608258615
                                                 ],
                                                 [
                                                     -4.052095711255992,
                                                     52.595936471983968
                                                 ],
                                                 [
                                                     -4.052172817066662,
                                                     52.595848844160116
                                                 ],
                                                 [
                                                     -4.052227050352112,
                                                     52.595714868883903
                                                 ],
                                                 [
                                                     -4.052662156696254,
                                                     52.595819922195894
                                                 ],
                                                 [
                                                     -4.052664290794693,
                                                     52.59582043815611
                                                 ],
                                                 [
                                                     -4.052824371251274,
                                                     52.595859120277083
                                                 ],
                                                 [
                                                     -4.052883202729281,
                                                     52.596104480298763
                                                 ],
                                                 [
                                                     -4.05293384498988,
                                                     52.596177309982082
                                                 ],
                                                 [
                                                     -4.052913070478814,
                                                     52.596269355323457
                                                 ],
                                                 [
                                                     -4.053051249638926,
                                                     52.59638390152039
                                                 ],
                                                 [
                                                     -4.053155124106075,
                                                     52.596426144748527
                                                 ],
                                                 [
                                                     -4.05336985340617,
                                                     52.596438600219592
                                                 ],
                                                 [
                                                     -4.053502272453891,
                                                     52.59643001118922
                                                 ],
                                                 [
                                                     -4.053678083955735,
                                                     52.596399096445822
                                                 ],
                                                 [
                                                     -4.054024060753064,
                                                     52.59628424089162
                                                 ],
                                                 [
                                                     -4.054062771460021,
                                                     52.596323209125451
                                                 ],
                                                 [
                                                     -4.054518333421826,
                                                     52.596781009438672
                                                 ],
                                                 [
                                                     -4.05531033370017,
                                                     52.597517999440434
                                                 ],
                                                 [
                                                     -4.056972872870704,
                                                     52.597010833406038
                                                 ],
                                                 [
                                                     -4.058063215815285,
                                                     52.596709547227171
                                                 ],
                                                 [
                                                     -4.058478673076263,
                                                     52.596562998247272
                                                 ],
                                                 [
                                                     -4.058793660973564,
                                                     52.596449566646349
                                                 ],
                                                 [
                                                     -4.059037512689104,
                                                     52.596327572787359
                                                 ],
                                                 [
                                                     -4.059382917985801,
                                                     52.596104846380214
                                                 ],
                                                 [
                                                     -4.059531057956939,
                                                     52.596021370895158
                                                 ],
                                                 [
                                                     -4.059758748732113,
                                                     52.595869005327216
                                                 ],
                                                 [
                                                     -4.059973816520847,
                                                     52.595639646168749
                                                 ],
                                                 [
                                                     -4.060317437345153,
                                                     52.595220903447469
                                                 ],
                                                 [
                                                     -4.060640826150856,
                                                     52.594939230888436
                                                 ],
                                                 [
                                                     -4.061087718082229,
                                                     52.59461226150227
                                                 ],
                                                 [
                                                     -4.061474339463895,
                                                     52.594388901057712
                                                 ],
                                                 [
                                                     -4.061679536000789,
                                                     52.594294451532363
                                                 ],
                                                 [
                                                     -4.062281649766175,
                                                     52.594066436062413
                                                 ],
                                                 [
                                                     -4.06313365144824,
                                                     52.593754872574181
                                                 ],
                                                 [
                                                     -4.064056535788704,
                                                     52.593410605457443
                                                 ],
                                                 [
                                                     -4.065629994361256,
                                                     52.592805903250934
                                                 ],
                                                 [
                                                     -4.066961457536757,
                                                     52.593709671281935
                                                 ],
                                                 [
                                                     -4.06704520113692,
                                                     52.59454712822258
                                                 ],
                                                 [
                                                     -4.066962416637971,
                                                     52.594637561632396
                                                 ],
                                                 [
                                                     -4.067028759449315,
                                                     52.595451862176297
                                                 ],
                                                 [
                                                     -4.068093663454759,
                                                     52.594705893752632
                                                 ],
                                                 [
                                                     -4.070003009229547,
                                                     52.595870182288529
                                                 ],
                                                 [
                                                     -4.070155366234864,
                                                     52.595938528783215
                                                 ],
                                                 [
                                                     -4.070856026593547,
                                                     52.595392163753651
                                                 ],
                                                 [
                                                     -4.070893067566487,
                                                     52.595361852523602
                                                 ],
                                                 [
                                                     -4.070906349921745,
                                                     52.595370261721165
                                                 ],
                                                 [
                                                     -4.070996480677111,
                                                     52.595427548419252
                                                 ],
                                                 [
                                                     -4.071495216283734,
                                                     52.595700260376475
                                                 ],
                                                 [
                                                     -4.072276673903021,
                                                     52.5961154359521
                                                 ],
                                                 [
                                                     -4.07279724982136,
                                                     52.596352703935473
                                                 ],
                                                 [
                                                     -4.072958957940571,
                                                     52.596430770878406
                                                 ],
                                                 [
                                                     -4.073227269335776,
                                                     52.596546521704191
                                                 ],
                                                 [
                                                     -4.073264891440762,
                                                     52.596562041795551
                                                 ],
                                                 [
                                                     -4.073316376987827,
                                                     52.596556646231491
                                                 ],
                                                 [
                                                     -4.07345077481933,
                                                     52.596620899116836
                                                 ],
                                                 [
                                                     -4.073785700243407,
                                                     52.596770537282723
                                                 ],
                                                 [
                                                     -4.07389973188304,
                                                     52.596715506135986
                                                 ],
                                                 [
                                                     -4.074142862639743,
                                                     52.59692436957944
                                                 ],
                                                 [
                                                     -4.074647729828294,
                                                     52.597452240789572
                                                 ],
                                                 [
                                                     -4.07569663730472,
                                                     52.598524548884505
                                                 ],
                                                 [
                                                     -4.07638016124143,
                                                     52.599271392798947
                                                 ],
                                                 [
                                                     -4.076411167659681,
                                                     52.599301410459383
                                                 ],
                                                 [
                                                     -4.076832932587847,
                                                     52.599759809267809
                                                 ],
                                                 [
                                                     -4.077829768521408,
                                                     52.600820337290571
                                                 ],
                                                 [
                                                     -4.077946922995848,
                                                     52.600800303765965
                                                 ],
                                                 [
                                                     -4.078430211488214,
                                                     52.600716314408025
                                                 ],
                                                 [
                                                     -4.080065371308143,
                                                     52.600474472345446
                                                 ],
                                                 [
                                                     -4.081020503280056,
                                                     52.600345327315196
                                                 ],
                                                 [
                                                     -4.08106859352894,
                                                     52.600486503540779
                                                 ],
                                                 [
                                                     -4.08087464546099,
                                                     52.600599666265559
                                                 ],
                                                 [
                                                     -4.080749033020874,
                                                     52.600662098000171
                                                 ],
                                                 [
                                                     -4.080616368304447,
                                                     52.60072735093916
                                                 ],
                                                 [
                                                     -4.08028951260958,
                                                     52.60087242091425
                                                 ],
                                                 [
                                                     -4.079973431568486,
                                                     52.601029075700396
                                                 ],
                                                 [
                                                     -4.079623445949682,
                                                     52.60127711149228
                                                 ],
                                                 [
                                                     -4.079337938330333,
                                                     52.601454710428612
                                                 ],
                                                 [
                                                     -4.079255221904153,
                                                     52.601515488869914
                                                 ],
                                                 [
                                                     -4.079170209130965,
                                                     52.601653701277755
                                                 ],
                                                 [
                                                     -4.079159274740918,
                                                     52.601733892693652
                                                 ],
                                                 [
                                                     -4.079136621341664,
                                                     52.602067863148243
                                                 ],
                                                 [
                                                     -4.079126082688521,
                                                     52.602213673454564
                                                 ],
                                                 [
                                                     -4.079124190883808,
                                                     52.602239856135611
                                                 ],
                                                 [
                                                     -4.07958329462586,
                                                     52.60249194371719
                                                 ],
                                                 [
                                                     -4.079589783857791,
                                                     52.602496001700615
                                                 ],
                                                 [
                                                     -4.079611079990951,
                                                     52.602509114592863
                                                 ],
                                                 [
                                                     -4.079694861385621,
                                                     52.602553768323808
                                                 ],
                                                 [
                                                     -4.079758279453015,
                                                     52.602586605479701
                                                 ],
                                                 [
                                                     -4.079802349691168,
                                                     52.602609424499555
                                                 ],
                                                 [
                                                     -4.079850588928128,
                                                     52.60263015620589
                                                 ],
                                                 [
                                                     -4.08002153909348,
                                                     52.602720491710777
                                                 ],
                                                 [
                                                     -4.080421396477841,
                                                     52.60274459366893
                                                 ],
                                                 [
                                                     -4.080733485148169,
                                                     52.602734343539787
                                                 ],
                                                 [
                                                     -4.081273746723531,
                                                     52.602593852308374
                                                 ],
                                                 [
                                                     -4.082473471041763,
                                                     52.60226602479522
                                                 ],
                                                 [
                                                     -4.083125115825161,
                                                     52.60208327555786
                                                 ],
                                                 [
                                                     -4.083940350423847,
                                                     52.60180724434418
                                                 ],
                                                 [
                                                     -4.084611404739444,
                                                     52.601621762448119
                                                 ],
                                                 [
                                                     -4.084984899447583,
                                                     52.601588139236597
                                                 ],
                                                 [
                                                     -4.08533205414965,
                                                     52.601575766771177
                                                 ],
                                                 [
                                                     -4.086029310876609,
                                                     52.601714636054268
                                                 ],
                                                 [
                                                     -4.08665652975027,
                                                     52.601861297626627
                                                 ],
                                                 [
                                                     -4.086835236553493,
                                                     52.601917127184898
                                                 ],
                                                 [
                                                     -4.087242261946365,
                                                     52.602060153738357
                                                 ],
                                                 [
                                                     -4.087644961494532,
                                                     52.602176199370078
                                                 ],
                                                 [
                                                     -4.088170460819195,
                                                     52.60235758283747
                                                 ],
                                                 [
                                                     -4.088899268267388,
                                                     52.602622568541726
                                                 ],
                                                 [
                                                     -4.089098935482066,
                                                     52.602691373413855
                                                 ],
                                                 [
                                                     -4.089381991155859,
                                                     52.602802114652576
                                                 ],
                                                 [
                                                     -4.089872378223694,
                                                     52.603024302500202
                                                 ],
                                                 [
                                                     -4.089970682354346,
                                                     52.603068836529957
                                                 ],
                                                 [
                                                     -4.090286008129774,
                                                     52.603208389631817
                                                 ],
                                                 [
                                                     -4.090473048407945,
                                                     52.603340235824341
                                                 ],
                                                 [
                                                     -4.090687135725094,
                                                     52.603586585294217
                                                 ],
                                                 [
                                                     -4.090707582426232,
                                                     52.603652091142251
                                                 ],
                                                 [
                                                     -4.090631371405777,
                                                     52.603766195526426
                                                 ],
                                                 [
                                                     -4.090540027170548,
                                                     52.603988123234132
                                                 ],
                                                 [
                                                     -4.090533625955758,
                                                     52.604007112677209
                                                 ],
                                                 [
                                                     -4.090551550551353,
                                                     52.604104772939309
                                                 ],
                                                 [
                                                     -4.090591243228572,
                                                     52.604163487666455
                                                 ],
                                                 [
                                                     -4.090700691283915,
                                                     52.604321555715316
                                                 ],
                                                 [
                                                     -4.090841596837353,
                                                     52.604457493398527
                                                 ],
                                                 [
                                                     -4.090973375037598,
                                                     52.604557728385878
                                                 ],
                                                 [
                                                     -4.091221138141684,
                                                     52.604705261684188
                                                 ],
                                                 [
                                                     -4.091651070987053,
                                                     52.604926969946924
                                                 ],
                                                 [
                                                     -4.091912271698102,
                                                     52.605108512410581
                                                 ],
                                                 [
                                                     -4.092066530668291,
                                                     52.605246011880809
                                                 ],
                                                 [
                                                     -4.092124032033693,
                                                     52.605274658179418
                                                 ],
                                                 [
                                                     -4.092220757640775,
                                                     52.605321488586014
                                                 ],
                                                 [
                                                     -4.092606166181286,
                                                     52.605413642763573
                                                 ],
                                                 [
                                                     -4.092831068141797,
                                                     52.605546296950287
                                                 ],
                                                 [
                                                     -4.092961307691337,
                                                     52.605614106331586
                                                 ],
                                                 [
                                                     -4.093092835722776,
                                                     52.605678298055615
                                                 ],
                                                 [
                                                     -4.093272254944899,
                                                     52.605753417932839
                                                 ],
                                                 [
                                                     -4.093719886990167,
                                                     52.605911794563376
                                                 ],
                                                 [
                                                     -4.094125298537016,
                                                     52.606019770907153
                                                 ],
                                                 [
                                                     -4.094330837471827,
                                                     52.60602657944689
                                                 ],
                                                 [
                                                     -4.094530148946816,
                                                     52.606051282671658
                                                 ],
                                                 [
                                                     -4.094547420011724,
                                                     52.606053423660001
                                                 ],
                                                 [
                                                     -4.095220604459461,
                                                     52.606139148858404
                                                 ],
                                                 [
                                                     -4.095507685995425,
                                                     52.60617569779636
                                                 ],
                                                 [
                                                     -4.095758268898764,
                                                     52.606262206048896
                                                 ],
                                                 [
                                                     -4.095995620075319,
                                                     52.606344144858092
                                                 ],
                                                 [
                                                     -4.096265751735927,
                                                     52.606459279651347
                                                 ],
                                                 [
                                                     -4.096380275926292,
                                                     52.60656325071588
                                                 ],
                                                 [
                                                     -4.096489233824852,
                                                     52.606700938862666
                                                 ],
                                                 [
                                                     -4.096545267020323,
                                                     52.606768490294229
                                                 ],
                                                 [
                                                     -4.096584456212637,
                                                     52.606815735433692
                                                 ],
                                                 [
                                                     -4.096727082895988,
                                                     52.606897656259648
                                                 ],
                                                 [
                                                     -4.096867891174484,
                                                     52.606982000819464
                                                 ],
                                                 [
                                                     -4.097151817451778,
                                                     52.607055906772445
                                                 ],
                                                 [
                                                     -4.097385708911681,
                                                     52.607095569287551
                                                 ],
                                                 [
                                                     -4.097723732423395,
                                                     52.607114641180388
                                                 ]
                                             ]
                                         ]
                                     ]
                 }
}