{
    "type":  "Feature",
    "properties":  {
                       "Name":  "Canol Tref Caernarfon ED",
                       "Area_Code":  "UTE",
                       "Area_Description":  "Unitary Authority Electoral Division",
                       "File_Name":  "GWYNEDD_-_GWYNEDD",
                       "Feature_Serial_Number":  284,
                       "Collection_Serial_Number":  284,
                       "Global_Polygon_ID":  142493,
                       "Admin_Unit_ID":  182738,
                       "Census_Code":  "W05001519",
                       "Hectares":  349.712,
                       "Non_Inland_Area":  20.169,
                       "Area_Type_Code":  "VA",
                       "Area_Type_Description":  "CIVIL VOTING AREA",
                       "Non_Area_Type_Code":  null,
                       "Non_Area_Type_Description":  null
                   },
    "geometry":  {
                     "type":  "MultiPolygon",
                     "coordinates":  [
                                         [
                                             [
                                                 [
                                                     -4.270698754355793,
                                                     53.139311537084083
                                                 ],
                                                 [
                                                     -4.270643650028759,
                                                     53.138864866247907
                                                 ],
                                                 [
                                                     -4.270633413967499,
                                                     53.138692910421689
                                                 ],
                                                 [
                                                     -4.270619679687456,
                                                     53.138613512823227
                                                 ],
                                                 [
                                                     -4.27032128908133,
                                                     53.138463835871818
                                                 ],
                                                 [
                                                     -4.269574909626085,
                                                     53.138175074819465
                                                 ],
                                                 [
                                                     -4.269115235137408,
                                                     53.138021150988678
                                                 ],
                                                 [
                                                     -4.26848143733296,
                                                     53.137795850589924
                                                 ],
                                                 [
                                                     -4.26825475779281,
                                                     53.137723769837883
                                                 ],
                                                 [
                                                     -4.267032827730939,
                                                     53.137259704895648
                                                 ],
                                                 [
                                                     -4.265525033287533,
                                                     53.136820932516613
                                                 ],
                                                 [
                                                     -4.265114309198213,
                                                     53.136697832806441
                                                 ],
                                                 [
                                                     -4.265179084336654,
                                                     53.136646309199399
                                                 ],
                                                 [
                                                     -4.265383621013305,
                                                     53.136503966541028
                                                 ],
                                                 [
                                                     -4.265516814797694,
                                                     53.13641912277695
                                                 ],
                                                 [
                                                     -4.265860835232243,
                                                     53.136221313924914
                                                 ],
                                                 [
                                                     -4.266002882094021,
                                                     53.136154379991709
                                                 ],
                                                 [
                                                     -4.266121479058656,
                                                     53.136107875639468
                                                 ],
                                                 [
                                                     -4.266251515471562,
                                                     53.136068288527525
                                                 ],
                                                 [
                                                     -4.266585655504429,
                                                     53.135983423565527
                                                 ],
                                                 [
                                                     -4.266751180843688,
                                                     53.135941733129812
                                                 ],
                                                 [
                                                     -4.266878573650613,
                                                     53.135866989904365
                                                 ],
                                                 [
                                                     -4.267040215468652,
                                                     53.135886747796057
                                                 ],
                                                 [
                                                     -4.267141239904483,
                                                     53.135897193020604
                                                 ],
                                                 [
                                                     -4.267370337948127,
                                                     53.135920899011033
                                                 ],
                                                 [
                                                     -4.267551816295648,
                                                     53.13591173208652
                                                 ],
                                                 [
                                                     -4.267779261809677,
                                                     53.135833757107562
                                                 ],
                                                 [
                                                     -4.267800327662725,
                                                     53.135758318296681
                                                 ],
                                                 [
                                                     -4.267854912277823,
                                                     53.135573890165993
                                                 ],
                                                 [
                                                     -4.26802727510747,
                                                     53.13552250398044
                                                 ],
                                                 [
                                                     -4.26829455133788,
                                                     53.13544233574337
                                                 ],
                                                 [
                                                     -4.268414196839406,
                                                     53.135406249346019
                                                 ],
                                                 [
                                                     -4.268473664508733,
                                                     53.135280771257662
                                                 ],
                                                 [
                                                     -4.268574125702436,
                                                     53.135362921468094
                                                 ],
                                                 [
                                                     -4.268835603491231,
                                                     53.135283401984452
                                                 ],
                                                 [
                                                     -4.269020711526842,
                                                     53.135227096071006
                                                 ],
                                                 [
                                                     -4.269253667646853,
                                                     53.13515675074234
                                                 ],
                                                 [
                                                     -4.269294763147967,
                                                     53.135144782402911
                                                 ],
                                                 [
                                                     -4.269358062905101,
                                                     53.135126348732264
                                                 ],
                                                 [
                                                     -4.269454979311554,
                                                     53.135098148173157
                                                 ],
                                                 [
                                                     -4.26951281701103,
                                                     53.13508132006487
                                                 ],
                                                 [
                                                     -4.269604951945234,
                                                     53.13507273617325
                                                 ],
                                                 [
                                                     -4.269674364950933,
                                                     53.13499681190887
                                                 ],
                                                 [
                                                     -4.26975987632225,
                                                     53.13489013007672
                                                 ],
                                                 [
                                                     -4.269835073160595,
                                                     53.134731882308728
                                                 ],
                                                 [
                                                     -4.269848485360377,
                                                     53.13454659938477
                                                 ],
                                                 [
                                                     -4.269858707990274,
                                                     53.134123966290161
                                                 ],
                                                 [
                                                     -4.269858401974015,
                                                     53.133830135814947
                                                 ],
                                                 [
                                                     -4.269859946236076,
                                                     53.133475371738385
                                                 ],
                                                 [
                                                     -4.269866953911183,
                                                     53.13303219986534
                                                 ],
                                                 [
                                                     -4.269847490857941,
                                                     53.132723129171751
                                                 ],
                                                 [
                                                     -4.269811262442403,
                                                     53.132372129828006
                                                 ],
                                                 [
                                                     -4.269810428088406,
                                                     53.132212286897605
                                                 ],
                                                 [
                                                     -4.269837251438254,
                                                     53.132048871203928
                                                 ],
                                                 [
                                                     -4.269897934828667,
                                                     53.131923191960432
                                                 ],
                                                 [
                                                     -4.269936170909517,
                                                     53.131812524154071
                                                 ],
                                                 [
                                                     -4.269939067557624,
                                                     53.131675447021209
                                                 ],
                                                 [
                                                     -4.269920695781412,
                                                     53.131423067601155
                                                 ],
                                                 [
                                                     -4.269915728783471,
                                                     53.131232853866038
                                                 ],
                                                 [
                                                     -4.269898919270891,
                                                     53.131058090369798
                                                 ],
                                                 [
                                                     -4.269866856910097,
                                                     53.130882095637567
                                                 ],
                                                 [
                                                     -4.269696223161098,
                                                     53.130862513219256
                                                 ],
                                                 [
                                                     -4.269531814281494,
                                                     53.130816929629425
                                                 ],
                                                 [
                                                     -4.269396306570449,
                                                     53.130743390291173
                                                 ],
                                                 [
                                                     -4.269289863507438,
                                                     53.130644937416378
                                                 ],
                                                 [
                                                     -4.269209392564719,
                                                     53.130510972195133
                                                 ],
                                                 [
                                                     -4.269121184776712,
                                                     53.130398278654297
                                                 ],
                                                 [
                                                     -4.269027038650755,
                                                     53.130322998979096
                                                 ],
                                                 [
                                                     -4.268774469972918,
                                                     53.130213629577035
                                                 ],
                                                 [
                                                     -4.268575412282352,
                                                     53.130128931160364
                                                 ],
                                                 [
                                                     -4.268364167674138,
                                                     53.129993080617886
                                                 ],
                                                 [
                                                     -4.268068562986734,
                                                     53.129787472915105
                                                 ],
                                                 [
                                                     -4.267764531409267,
                                                     53.12960200654021
                                                 ],
                                                 [
                                                     -4.267591373082756,
                                                     53.129468284374148
                                                 ],
                                                 [
                                                     -4.267355460541028,
                                                     53.129224427391378
                                                 ],
                                                 [
                                                     -4.267172972518947,
                                                     53.129093736116616
                                                 ],
                                                 [
                                                     -4.266853524579263,
                                                     53.128885725099892
                                                 ],
                                                 [
                                                     -4.266557997968319,
                                                     53.128771460146567
                                                 ],
                                                 [
                                                     -4.266283240918633,
                                                     53.128691053490016
                                                 ],
                                                 [
                                                     -4.266067631775372,
                                                     53.128652340115224
                                                 ],
                                                 [
                                                     -4.265803257999174,
                                                     53.128588863265712
                                                 ],
                                                 [
                                                     -4.265659966941184,
                                                     53.128528957054364
                                                 ],
                                                 [
                                                     -4.265379663022809,
                                                     53.128385685940351
                                                 ],
                                                 [
                                                     -4.265198835066326,
                                                     53.12828636093252
                                                 ],
                                                 [
                                                     -4.265094916401718,
                                                     53.128205554998651
                                                 ],
                                                 [
                                                     -4.265076491611916,
                                                     53.128125976307679
                                                 ],
                                                 [
                                                     -4.265026005839208,
                                                     53.128008850343967
                                                 ],
                                                 [
                                                     -4.264928044110608,
                                                     53.127920414464882
                                                 ],
                                                 [
                                                     -4.264738936908302,
                                                     53.127844083326053
                                                 ],
                                                 [
                                                     -4.264353608584313,
                                                     53.127741709645846
                                                 ],
                                                 [
                                                     -4.264381475732842,
                                                     53.127247538502473
                                                 ],
                                                 [
                                                     -4.264371733101815,
                                                     53.126692063521809
                                                 ],
                                                 [
                                                     -4.264355604517587,
                                                     53.126329151076057
                                                 ],
                                                 [
                                                     -4.264765286146966,
                                                     53.125849375535182
                                                 ],
                                                 [
                                                     -4.264834473654351,
                                                     53.125770669245973
                                                 ],
                                                 [
                                                     -4.26480108242314,
                                                     53.125761417437118
                                                 ],
                                                 [
                                                     -4.264363169805995,
                                                     53.12567627244993
                                                 ],
                                                 [
                                                     -4.264005197577774,
                                                     53.125606682338933
                                                 ],
                                                 [
                                                     -4.263757429254702,
                                                     53.125471986249551
                                                 ],
                                                 [
                                                     -4.263441870190053,
                                                     53.12544023782317
                                                 ],
                                                 [
                                                     -4.26319510537936,
                                                     53.125408978367801
                                                 ],
                                                 [
                                                     -4.263012544498924,
                                                     53.125403462128091
                                                 ],
                                                 [
                                                     -4.262814129416178,
                                                     53.12535420410719
                                                 ],
                                                 [
                                                     -4.262605949757,
                                                     53.125234032927011
                                                 ],
                                                 [
                                                     -4.262270709809779,
                                                     53.125024686417213
                                                 ],
                                                 [
                                                     -4.261943971992993,
                                                     53.124780032715158
                                                 ],
                                                 [
                                                     -4.261684098304686,
                                                     53.124614103219734
                                                 ],
                                                 [
                                                     -4.261481160782774,
                                                     53.124478640299962
                                                 ],
                                                 [
                                                     -4.26126195643909,
                                                     53.124317330642711
                                                 ],
                                                 [
                                                     -4.261119970280649,
                                                     53.124145655003154
                                                 ],
                                                 [
                                                     -4.261169984220811,
                                                     53.124131221834119
                                                 ],
                                                 [
                                                     -4.261356747570477,
                                                     53.124073742451479
                                                 ],
                                                 [
                                                     -4.261430470647112,
                                                     53.124081329640561
                                                 ],
                                                 [
                                                     -4.261617815564857,
                                                     53.124006761413256
                                                 ],
                                                 [
                                                     -4.261894637230976,
                                                     53.123927704918316
                                                 ],
                                                 [
                                                     -4.261993942843179,
                                                     53.123967163839716
                                                 ],
                                                 [
                                                     -4.262205610950953,
                                                     53.123956848146271
                                                 ],
                                                 [
                                                     -4.262389212831798,
                                                     53.12392369645405
                                                 ],
                                                 [
                                                     -4.262611000321527,
                                                     53.12393475958941
                                                 ],
                                                 [
                                                     -4.262858715396491,
                                                     53.123956114787887
                                                 ],
                                                 [
                                                     -4.263251384476,
                                                     53.123975702464598
                                                 ],
                                                 [
                                                     -4.263403054522009,
                                                     53.12396104220327
                                                 ],
                                                 [
                                                     -4.263520382201212,
                                                     53.123947125824387
                                                 ],
                                                 [
                                                     -4.263728399985255,
                                                     53.12389553023489
                                                 ],
                                                 [
                                                     -4.26379492536163,
                                                     53.123852918927518
                                                 ],
                                                 [
                                                     -4.263895939095,
                                                     53.123812346919166
                                                 ],
                                                 [
                                                     -4.263928115760002,
                                                     53.123770388124001
                                                 ],
                                                 [
                                                     -4.264127192171844,
                                                     53.123719861032541
                                                 ],
                                                 [
                                                     -4.264182308559481,
                                                     53.123659489203554
                                                 ],
                                                 [
                                                     -4.264309008299116,
                                                     53.123624630036488
                                                 ],
                                                 [
                                                     -4.264517212451525,
                                                     53.123576624973985
                                                 ],
                                                 [
                                                     -4.264746912211066,
                                                     53.123538996859018
                                                 ],
                                                 [
                                                     -4.26490540096839,
                                                     53.123482949064588
                                                 ],
                                                 [
                                                     -4.265144134252602,
                                                     53.123446046426878
                                                 ],
                                                 [
                                                     -4.265473762953485,
                                                     53.123377751706862
                                                 ],
                                                 [
                                                     -4.26606331222925,
                                                     53.123274754601773
                                                 ],
                                                 [
                                                     -4.266431839988187,
                                                     53.123205716416557
                                                 ],
                                                 [
                                                     -4.26728149675703,
                                                     53.122823613185645
                                                 ],
                                                 [
                                                     -4.267766310574872,
                                                     53.122522162579934
                                                 ],
                                                 [
                                                     -4.268010817465101,
                                                     53.122396159796196
                                                 ],
                                                 [
                                                     -4.268386326854293,
                                                     53.122176785927181
                                                 ],
                                                 [
                                                     -4.268762259718116,
                                                     53.121965492814304
                                                 ],
                                                 [
                                                     -4.269293997616395,
                                                     53.121703678575528
                                                 ],
                                                 [
                                                     -4.269561889409268,
                                                     53.121596012223719
                                                 ],
                                                 [
                                                     -4.269785211413913,
                                                     53.1214937790307
                                                 ],
                                                 [
                                                     -4.269900485502176,
                                                     53.121469109009773
                                                 ],
                                                 [
                                                     -4.270005114581373,
                                                     53.121413183516147
                                                 ],
                                                 [
                                                     -4.270182914683843,
                                                     53.121356760143179
                                                 ],
                                                 [
                                                     -4.270284395707977,
                                                     53.121297208168293
                                                 ],
                                                 [
                                                     -4.270498045500492,
                                                     53.12123830212601
                                                 ],
                                                 [
                                                     -4.270602674681926,
                                                     53.121182375192667
                                                 ],
                                                 [
                                                     -4.270722660993082,
                                                     53.12110458400992
                                                 ],
                                                 [
                                                     -4.270855015834997,
                                                     53.1210346449177
                                                 ],
                                                 [
                                                     -4.271012837717133,
                                                     53.120968624288295
                                                 ],
                                                 [
                                                     -4.271190236121816,
                                                     53.120902319695048
                                                 ],
                                                 [
                                                     -4.271360874875579,
                                                     53.120878389657982
                                                 ],
                                                 [
                                                     -4.271443806494776,
                                                     53.120836358974429
                                                 ],
                                                 [
                                                     -4.271515698035538,
                                                     53.120811616404239
                                                 ],
                                                 [
                                                     -4.271675682066723,
                                                     53.120784293825849
                                                 ],
                                                 [
                                                     -4.271824626106969,
                                                     53.120774259231474
                                                 ],
                                                 [
                                                     -4.27194527223802,
                                                     53.120709037026323
                                                 ],
                                                 [
                                                     -4.272051047947671,
                                                     53.120618841248401
                                                 ],
                                                 [
                                                     -4.272308579467802,
                                                     53.120457525863742
                                                 ],
                                                 [
                                                     -4.27259853316088,
                                                     53.120343229251937
                                                 ],
                                                 [
                                                     -4.273213940900561,
                                                     53.120110269364098
                                                 ],
                                                 [
                                                     -4.2734898235382,
                                                     53.119986262085881
                                                 ],
                                                 [
                                                     -4.273772504138715,
                                                     53.119935019347906
                                                 ],
                                                 [
                                                     -4.274281570046077,
                                                     53.119753612578741
                                                 ],
                                                 [
                                                     -4.274435761629753,
                                                     53.119703026746215
                                                 ],
                                                 [
                                                     -4.274440648725444,
                                                     53.119709225204637
                                                 ],
                                                 [
                                                     -4.274582868426025,
                                                     53.119856612505821
                                                 ],
                                                 [
                                                     -4.274925331497437,
                                                     53.119775462110539
                                                 ],
                                                 [
                                                     -4.275154147489261,
                                                     53.119721651291819
                                                 ],
                                                 [
                                                     -4.275394998728412,
                                                     53.119669407173916
                                                 ],
                                                 [
                                                     -4.275633886408371,
                                                     53.119635985832772
                                                 ],
                                                 [
                                                     -4.276070352268414,
                                                     53.119610560262586
                                                 ],
                                                 [
                                                     -4.276476643021187,
                                                     53.119606382422376
                                                 ],
                                                 [
                                                     -4.276765527604988,
                                                     53.119614338004986
                                                 ],
                                                 [
                                                     -4.27699182193884,
                                                     53.119627086132795
                                                 ],
                                                 [
                                                     -4.277094242186052,
                                                     53.119585576692032
                                                 ],
                                                 [
                                                     -4.277163107727186,
                                                     53.119557293980151
                                                 ],
                                                 [
                                                     -4.277258878723185,
                                                     53.119504226986962
                                                 ],
                                                 [
                                                     -4.277493358405986,
                                                     53.119359520551143
                                                 ],
                                                 [
                                                     -4.277632554286567,
                                                     53.119307420258444
                                                 ],
                                                 [
                                                     -4.277819364380774,
                                                     53.119251621117051
                                                 ],
                                                 [
                                                     -4.278017889838098,
                                                     53.119021312880868
                                                 ],
                                                 [
                                                     -4.277851504473692,
                                                     53.118785317802512
                                                 ],
                                                 [
                                                     -4.27797172193164,
                                                     53.118649710858634
                                                 ],
                                                 [
                                                     -4.278089881457262,
                                                     53.118516405312441
                                                 ],
                                                 [
                                                     -4.278335759703799,
                                                     53.118701442945707
                                                 ],
                                                 [
                                                     -4.278558740496865,
                                                     53.118847279179803
                                                 ],
                                                 [
                                                     -4.278926743784024,
                                                     53.118543524113548
                                                 ],
                                                 [
                                                     -4.279338317258054,
                                                     53.118187699969283
                                                 ],
                                                 [
                                                     -4.27952412357874,
                                                     53.118283013277626
                                                 ],
                                                 [
                                                     -4.28035156942815,
                                                     53.118725746474567
                                                 ],
                                                 [
                                                     -4.280429296142096,
                                                     53.118669427195826
                                                 ],
                                                 [
                                                     -4.281696958574078,
                                                     53.11932482847692
                                                 ],
                                                 [
                                                     -4.28181658875657,
                                                     53.119466348620783
                                                 ],
                                                 [
                                                     -4.282325638976673,
                                                     53.119934049423634
                                                 ],
                                                 [
                                                     -4.282445390985722,
                                                     53.120024332451962
                                                 ],
                                                 [
                                                     -4.282800934159401,
                                                     53.120190179042353
                                                 ],
                                                 [
                                                     -4.283051438663516,
                                                     53.120375927564361
                                                 ],
                                                 [
                                                     -4.28319429757626,
                                                     53.12047664288221
                                                 ],
                                                 [
                                                     -4.283183165767054,
                                                     53.12049213664303
                                                 ],
                                                 [
                                                     -4.28310064227055,
                                                     53.120627646945209
                                                 ],
                                                 [
                                                     -4.283070345642099,
                                                     53.120676766030215
                                                 ],
                                                 [
                                                     -4.282966593988172,
                                                     53.120804684266368
                                                 ],
                                                 [
                                                     -4.282659162063991,
                                                     53.121095604281344
                                                 ],
                                                 [
                                                     -4.283077324232902,
                                                     53.121203531967986
                                                 ],
                                                 [
                                                     -4.283228502067538,
                                                     53.121263550037114
                                                 ],
                                                 [
                                                     -4.283512079931363,
                                                     53.12142448357401
                                                 ],
                                                 [
                                                     -4.283843866270912,
                                                     53.121650915588134
                                                 ],
                                                 [
                                                     -4.283682996411868,
                                                     53.12191475665832
                                                 ],
                                                 [
                                                     -4.283600285759317,
                                                     53.122074630105949
                                                 ],
                                                 [
                                                     -4.283568126658663,
                                                     53.122200185841329
                                                 ],
                                                 [
                                                     -4.283554815929393,
                                                     53.122511529847337
                                                 ],
                                                 [
                                                     -4.283518867623648,
                                                     53.122651629245908
                                                 ],
                                                 [
                                                     -4.283423940100467,
                                                     53.122976225018022
                                                 ],
                                                 [
                                                     -4.283419886880603,
                                                     53.123039221618512
                                                 ],
                                                 [
                                                     -4.283966996784978,
                                                     53.123098830419188
                                                 ],
                                                 [
                                                     -4.284176651940865,
                                                     53.123134355554711
                                                 ],
                                                 [
                                                     -4.284298382573613,
                                                     53.123061908940691
                                                 ],
                                                 [
                                                     -4.284694067114063,
                                                     53.123168465312681
                                                 ],
                                                 [
                                                     -4.284806718431584,
                                                     53.123261668676932
                                                 ],
                                                 [
                                                     -4.285150705204031,
                                                     53.123520221413933
                                                 ],
                                                 [
                                                     -4.285493153587169,
                                                     53.123691704461898
                                                 ],
                                                 [
                                                     -4.285580129277853,
                                                     53.123725987899945
                                                 ],
                                                 [
                                                     -4.285716026905696,
                                                     53.123780891011222
                                                 ],
                                                 [
                                                     -4.285716126977715,
                                                     53.123780917860088
                                                 ],
                                                 [
                                                     -4.285956113105066,
                                                     53.123825727562007
                                                 ],
                                                 [
                                                     -4.286174193087859,
                                                     53.123850389905222
                                                 ],
                                                 [
                                                     -4.286564407245574,
                                                     53.123909406555882
                                                 ],
                                                 [
                                                     -4.286748346768494,
                                                     53.123968790697674
                                                 ],
                                                 [
                                                     -4.28688893226775,
                                                     53.123998447442467
                                                 ],
                                                 [
                                                     -4.28691818119667,
                                                     53.124013165478978
                                                 ],
                                                 [
                                                     -4.286964944965454,
                                                     53.123993391065795
                                                 ],
                                                 [
                                                     -4.287284641212108,
                                                     53.124216540496413
                                                 ],
                                                 [
                                                     -4.287575399823372,
                                                     53.12442847081477
                                                 ],
                                                 [
                                                     -4.287633927115684,
                                                     53.124516421062495
                                                 ],
                                                 [
                                                     -4.287816731039739,
                                                     53.124637845174959
                                                 ],
                                                 [
                                                     -4.288216354884598,
                                                     53.125126500943324
                                                 ],
                                                 [
                                                     -4.288413015669234,
                                                     53.125311475661263
                                                 ],
                                                 [
                                                     -4.288591113181925,
                                                     53.125455550186707
                                                 ],
                                                 [
                                                     -4.288719909804135,
                                                     53.125543855816517
                                                 ],
                                                 [
                                                     -4.288808499845128,
                                                     53.12572200918526
                                                 ],
                                                 [
                                                     -4.288873326182841,
                                                     53.125900530575144
                                                 ],
                                                 [
                                                     -4.288986351911468,
                                                     53.126058439935733
                                                 ],
                                                 [
                                                     -4.289199425058813,
                                                     53.126269164328328
                                                 ],
                                                 [
                                                     -4.289405395077041,
                                                     53.12646213745959
                                                 ],
                                                 [
                                                     -4.290196802441967,
                                                     53.127204811330671
                                                 ],
                                                 [
                                                     -4.290628009915729,
                                                     53.127639819902001
                                                 ],
                                                 [
                                                     -4.290792402493541,
                                                     53.12786415136938
                                                 ],
                                                 [
                                                     -4.290893836664893,
                                                     53.127887366193612
                                                 ],
                                                 [
                                                     -4.291323699661028,
                                                     53.128185684971243
                                                 ],
                                                 [
                                                     -4.291742412033785,
                                                     53.128468935909872
                                                 ],
                                                 [
                                                     -4.292057242909044,
                                                     53.128627360474482
                                                 ],
                                                 [
                                                     -4.292235639577421,
                                                     53.128720998918702
                                                 ],
                                                 [
                                                     -4.29225719105153,
                                                     53.128732268455138
                                                 ],
                                                 [
                                                     -4.292117467074275,
                                                     53.128971445096134
                                                 ],
                                                 [
                                                     -4.292094589380517,
                                                     53.129018625361823
                                                 ],
                                                 [
                                                     -4.292191093624878,
                                                     53.129062607021027
                                                 ],
                                                 [
                                                     -4.292315778419953,
                                                     53.12910343927188
                                                 ],
                                                 [
                                                     -4.292311350148171,
                                                     53.129131389418681
                                                 ],
                                                 [
                                                     -4.292279356694634,
                                                     53.129400848580552
                                                 ],
                                                 [
                                                     -4.292219277811101,
                                                     53.129675253395433
                                                 ],
                                                 [
                                                     -4.29217929906511,
                                                     53.129794760134217
                                                 ],
                                                 [
                                                     -4.292115739549081,
                                                     53.129950585170278
                                                 ],
                                                 [
                                                     -4.292029224838101,
                                                     53.130066494497598
                                                 ],
                                                 [
                                                     -4.291897604921846,
                                                     53.130205652811618
                                                 ],
                                                 [
                                                     -4.291795802790499,
                                                     53.130314575489784
                                                 ],
                                                 [
                                                     -4.291143372641986,
                                                     53.130498906730907
                                                 ],
                                                 [
                                                     -4.29095853137914,
                                                     53.130564486009256
                                                 ],
                                                 [
                                                     -4.29037222978901,
                                                     53.130782594765876
                                                 ],
                                                 [
                                                     -4.290198826339791,
                                                     53.130868624747997
                                                 ],
                                                 [
                                                     -4.290117518594218,
                                                     53.130941198407598
                                                 ],
                                                 [
                                                     -4.290241922862229,
                                                     53.13100450938947
                                                 ],
                                                 [
                                                     -4.290320624289524,
                                                     53.131049734294699
                                                 ],
                                                 [
                                                     -4.290402567911505,
                                                     53.131100289533144
                                                 ],
                                                 [
                                                     -4.290890182485872,
                                                     53.131443338920718
                                                 ],
                                                 [
                                                     -4.290956229221374,
                                                     53.131672260659712
                                                 ],
                                                 [
                                                     -4.290992765206461,
                                                     53.131798294055606
                                                 ],
                                                 [
                                                     -4.291043319895968,
                                                     53.131905181002907
                                                 ],
                                                 [
                                                     -4.291070362796524,
                                                     53.131936209696377
                                                 ],
                                                 [
                                                     -4.291132212220798,
                                                     53.131972770241205
                                                 ],
                                                 [
                                                     -4.291160826155311,
                                                     53.132033340879985
                                                 ],
                                                 [
                                                     -4.291127150120369,
                                                     53.132102300859366
                                                 ],
                                                 [
                                                     -4.29106057274754,
                                                     53.13220155637292
                                                 ],
                                                 [
                                                     -4.291009886875717,
                                                     53.132344638999392
                                                 ],
                                                 [
                                                     -4.291243458684048,
                                                     53.132715047732006
                                                 ],
                                                 [
                                                     -4.291375669113478,
                                                     53.132980446625297
                                                 ],
                                                 [
                                                     -4.291500229492945,
                                                     53.13310208766444
                                                 ],
                                                 [
                                                     -4.291606224172668,
                                                     53.13321069403429
                                                 ],
                                                 [
                                                     -4.291610991354775,
                                                     53.133216894117922
                                                 ],
                                                 [
                                                     -4.291682799285369,
                                                     53.133218207717135
                                                 ],
                                                 [
                                                     -4.29186814700715,
                                                     53.133442045197512
                                                 ],
                                                 [
                                                     -4.291792862295555,
                                                     53.133458775214663
                                                 ],
                                                 [
                                                     -4.292026849203205,
                                                     53.133670080093353
                                                 ],
                                                 [
                                                     -4.291759412736432,
                                                     53.133786687196626
                                                 ],
                                                 [
                                                     -4.291746803796526,
                                                     53.133943417891018
                                                 ],
                                                 [
                                                     -4.291752875562622,
                                                     53.134057453944742
                                                 ],
                                                 [
                                                     -4.291789113035158,
                                                     53.134175492671517
                                                 ],
                                                 [
                                                     -4.291824725895649,
                                                     53.134281768838754
                                                 ],
                                                 [
                                                     -4.291905945924626,
                                                     53.134404244117725
                                                 ],
                                                 [
                                                     -4.292061094321024,
                                                     53.134623360034183
                                                 ],
                                                 [
                                                     -4.292293760814946,
                                                     53.134865250162839
                                                 ],
                                                 [
                                                     -4.292982880911054,
                                                     53.135479544282695
                                                 ],
                                                 [
                                                     -4.293246558414833,
                                                     53.135771171050486
                                                 ],
                                                 [
                                                     -4.293258031305347,
                                                     53.135789825617877
                                                 ],
                                                 [
                                                     -4.293342931767437,
                                                     53.135925711888852
                                                 ],
                                                 [
                                                     -4.293657466512649,
                                                     53.136188493791032
                                                 ],
                                                 [
                                                     -4.294150552568055,
                                                     53.136602522735132
                                                 ],
                                                 [
                                                     -4.294174592552646,
                                                     53.136628893767281
                                                 ],
                                                 [
                                                     -4.294148011657829,
                                                     53.136642364865047
                                                 ],
                                                 [
                                                     -4.294029564717472,
                                                     53.136694997579148
                                                 ],
                                                 [
                                                     -4.294005181374893,
                                                     53.13670877423435
                                                 ],
                                                 [
                                                     -4.293979519883997,
                                                     53.136726621459424
                                                 ],
                                                 [
                                                     -4.293972315361577,
                                                     53.136731705366849
                                                 ],
                                                 [
                                                     -4.293968267423629,
                                                     53.13673430086601
                                                 ],
                                                 [
                                                     -4.293917911358066,
                                                     53.136774112503666
                                                 ],
                                                 [
                                                     -4.293886439238532,
                                                     53.13679234143811
                                                 ],
                                                 [
                                                     -4.293850399262112,
                                                     53.136811827234332
                                                 ],
                                                 [
                                                     -4.293847069370917,
                                                     53.136813869430739
                                                 ],
                                                 [
                                                     -4.293797764352776,
                                                     53.13683693754836
                                                 ],
                                                 [
                                                     -4.293745568841232,
                                                     53.136859072348834
                                                 ],
                                                 [
                                                     -4.2937421862852,
                                                     53.136860126550303
                                                 ],
                                                 [
                                                     -4.293661104444538,
                                                     53.136890100744388
                                                 ],
                                                 [
                                                     -4.293585648255721,
                                                     53.136924641767727
                                                 ],
                                                 [
                                                     -4.293562990890496,
                                                     53.136934339128494
                                                 ],
                                                 [
                                                     -4.293504768190979,
                                                     53.13695560097117
                                                 ],
                                                 [
                                                     -4.293474888983183,
                                                     53.136964448485081
                                                 ],
                                                 [
                                                     -4.293391486012303,
                                                     53.136990151556972
                                                 ],
                                                 [
                                                     -4.293330396639461,
                                                     53.13701092909745
                                                 ],
                                                 [
                                                     -4.293298892575575,
                                                     53.137022954717708
                                                 ],
                                                 [
                                                     -4.293275097663162,
                                                     53.137033752859573
                                                 ],
                                                 [
                                                     -4.293232069896169,
                                                     53.137056789685658
                                                 ],
                                                 [
                                                     -4.293189085155309,
                                                     53.137080634854001
                                                 ],
                                                 [
                                                     -4.293161230592046,
                                                     53.137099423252351
                                                 ],
                                                 [
                                                     -4.293090187909158,
                                                     53.137157884802527
                                                 ],
                                                 [
                                                     -4.293073073693533,
                                                     53.13717340930166
                                                 ],
                                                 [
                                                     -4.293048451254609,
                                                     53.137193933589749
                                                 ],
                                                 [
                                                     -4.293023491791717,
                                                     53.137213745088516
                                                 ],
                                                 [
                                                     -4.293015689641315,
                                                     53.137218840450892
                                                 ],
                                                 [
                                                     -4.292987878992759,
                                                     53.137235649947264
                                                 ],
                                                 [
                                                     -4.292958145803429,
                                                     53.137252856117478
                                                 ],
                                                 [
                                                     -4.292935535975811,
                                                     53.137263451536739
                                                 ],
                                                 [
                                                     -4.292896836444873,
                                                     53.1372807405345
                                                 ],
                                                 [
                                                     -4.292854899862482,
                                                     53.137296203781347
                                                 ],
                                                 [
                                                     -4.292779190751886,
                                                     53.137320409537125
                                                 ],
                                                 [
                                                     -4.292752395038621,
                                                     53.137328208453752
                                                 ],
                                                 [
                                                     -4.292724987525595,
                                                     53.137335749421538
                                                 ],
                                                 [
                                                     -4.292700489593348,
                                                     53.137344582975686
                                                 ],
                                                 [
                                                     -4.292625897207914,
                                                     53.137384141676648
                                                 ],
                                                 [
                                                     -4.292534481398206,
                                                     53.137433464925913
                                                 ],
                                                 [
                                                     -4.29242253571841,
                                                     53.137495950737581
                                                 ],
                                                 [
                                                     -4.292254831840046,
                                                     53.137581088742117
                                                 ],
                                                 [
                                                     -4.292209726291924,
                                                     53.137604434936719
                                                 ],
                                                 [
                                                     -4.29210313115419,
                                                     53.137657916324706
                                                 ],
                                                 [
                                                     -4.292051761886484,
                                                     53.137681562914914
                                                 ],
                                                 [
                                                     -4.291899625206911,
                                                     53.13775021684711
                                                 ],
                                                 [
                                                     -4.291826037108086,
                                                     53.137780584904498
                                                 ],
                                                 [
                                                     -4.291749461693451,
                                                     53.137811010441474
                                                 ],
                                                 [
                                                     -4.291648736471129,
                                                     53.13784558725429
                                                 ],
                                                 [
                                                     -4.291593548819486,
                                                     53.137862114394757
                                                 ],
                                                 [
                                                     -4.291515247352665,
                                                     53.137882593040644
                                                 ],
                                                 [
                                                     -4.291423443719392,
                                                     53.137907827089514
                                                 ],
                                                 [
                                                     -4.291326327380187,
                                                     53.137928757779669
                                                 ],
                                                 [
                                                     -4.291228118721143,
                                                     53.137946023123234
                                                 ],
                                                 [
                                                     -4.291198186871851,
                                                     53.137951094861883
                                                 ],
                                                 [
                                                     -4.291140221811184,
                                                     53.137960392577561
                                                 ],
                                                 [
                                                     -4.291081500355634,
                                                     53.137969525006909
                                                 ],
                                                 [
                                                     -4.291025610819935,
                                                     53.137981300180542
                                                 ],
                                                 [
                                                     -4.291009767829549,
                                                     53.137984212547735
                                                 ],
                                                 [
                                                     -4.290987192879229,
                                                     53.13798986188565
                                                 ],
                                                 [
                                                     -4.290964805534801,
                                                     53.137996226885036
                                                 ],
                                                 [
                                                     -4.29095118268794,
                                                     53.138001524067001
                                                 ],
                                                 [
                                                     -4.290921363229661,
                                                     53.138014325802366
                                                 ],
                                                 [
                                                     -4.290870859213614,
                                                     53.138040202957832
                                                 ],
                                                 [
                                                     -4.290846952010003,
                                                     53.138051722041304
                                                 ],
                                                 [
                                                     -4.290822558460581,
                                                     53.138062531204241
                                                 ],
                                                 [
                                                     -4.290764357915122,
                                                     53.138081453600464
                                                 ],
                                                 [
                                                     -4.290757987956208,
                                                     53.138082565218319
                                                 ],
                                                 [
                                                     -4.290649727426794,
                                                     53.13811324027975
                                                 ],
                                                 [
                                                     -4.290538307407108,
                                                     53.138140739303168
                                                 ],
                                                 [
                                                     -4.290466887466977,
                                                     53.138155690225041
                                                 ],
                                                 [
                                                     -4.290421608166948,
                                                     53.138164563617366
                                                 ],
                                                 [
                                                     -4.290378404397167,
                                                     53.13817591451842
                                                 ],
                                                 [
                                                     -4.290332058041198,
                                                     53.138190023171383
                                                 ],
                                                 [
                                                     -4.290284366212017,
                                                     53.138206944897767
                                                 ],
                                                 [
                                                     -4.290232230532063,
                                                     53.138227458598074
                                                 ],
                                                 [
                                                     -4.290201972172939,
                                                     53.138240448415019
                                                 ],
                                                 [
                                                     -4.290136919567811,
                                                     53.138271100701736
                                                 ],
                                                 [
                                                     -4.290073456084492,
                                                     53.13830352056592
                                                 ],
                                                 [
                                                     -4.289940443150795,
                                                     53.138380435274435
                                                 ],
                                                 [
                                                     -4.28984184307344,
                                                     53.138440953524004
                                                 ],
                                                 [
                                                     -4.289833260053836,
                                                     53.138445434328681
                                                 ],
                                                 [
                                                     -4.289778996815702,
                                                     53.138482172494385
                                                 ],
                                                 [
                                                     -4.289750653530569,
                                                     53.138500250196152
                                                 ],
                                                 [
                                                     -4.28971715063199,
                                                     53.138516898696011
                                                 ],
                                                 [
                                                     -4.289609437788051,
                                                     53.138557901863258
                                                 ],
                                                 [
                                                     -4.289538787383413,
                                                     53.138584525664996
                                                 ],
                                                 [
                                                     -4.28944472256041,
                                                     53.138617893528831
                                                 ],
                                                 [
                                                     -4.289422256964981,
                                                     53.138625608382348
                                                 ],
                                                 [
                                                     -4.28931504317138,
                                                     53.138659139178927
                                                 ],
                                                 [
                                                     -4.289133422604945,
                                                     53.138724580446173
                                                 ],
                                                 [
                                                     -4.288959888796237,
                                                     53.138784651139879
                                                 ],
                                                 [
                                                     -4.288852326462781,
                                                     53.138820076317643
                                                 ],
                                                 [
                                                     -4.28882099432975,
                                                     53.13882975977068
                                                 ],
                                                 [
                                                     -4.28872806856389,
                                                     53.138856451840148
                                                 ],
                                                 [
                                                     -4.288712416673495,
                                                     53.138861841727071
                                                 ],
                                                 [
                                                     -4.288695965045759,
                                                     53.138870187035749
                                                 ],
                                                 [
                                                     -4.288609913373387,
                                                     53.138910026464941
                                                 ],
                                                 [
                                                     -4.288521267450865,
                                                     53.138947757885767
                                                 ],
                                                 [
                                                     -4.288430188242176,
                                                     53.138983315260695
                                                 ],
                                                 [
                                                     -4.288336793336432,
                                                     53.139016660359381
                                                 ],
                                                 [
                                                     -4.288241258159935,
                                                     53.139047717875876
                                                 ],
                                                 [
                                                     -4.28814372922293,
                                                     53.139076431042596
                                                 ],
                                                 [
                                                     -4.288005449066871,
                                                     53.13910866083063
                                                 ],
                                                 [
                                                     -4.287902882044177,
                                                     53.13913008008609
                                                 ],
                                                 [
                                                     -4.287802953943994,
                                                     53.139155296653698
                                                 ],
                                                 [
                                                     -4.287704457094144,
                                                     53.139189719338574
                                                 ],
                                                 [
                                                     -4.287566478083733,
                                                     53.139244222415833
                                                 ],
                                                 [
                                                     -4.287494034370838,
                                                     53.139267813533422
                                                 ],
                                                 [
                                                     -4.287397418904523,
                                                     53.139292633418513
                                                 ],
                                                 [
                                                     -4.287333550780531,
                                                     53.139306816909986
                                                 ],
                                                 [
                                                     -4.287268926785266,
                                                     53.139319720195829
                                                 ],
                                                 [
                                                     -4.28715715937044,
                                                     53.139337404553984
                                                 ],
                                                 [
                                                     -4.287078605630637,
                                                     53.13934675427776
                                                 ],
                                                 [
                                                     -4.286841218903104,
                                                     53.139370754397639
                                                 ],
                                                 [
                                                     -4.286726373895275,
                                                     53.139383426585312
                                                 ],
                                                 [
                                                     -4.286702037595522,
                                                     53.139383246837198
                                                 ],
                                                 [
                                                     -4.286653360297847,
                                                     53.139378859467847
                                                 ],
                                                 [
                                                     -4.286605570554853,
                                                     53.139370633869405
                                                 ],
                                                 [
                                                     -4.286494999059183,
                                                     53.139346954207689
                                                 ],
                                                 [
                                                     -4.286232259404493,
                                                     53.139286349788662
                                                 ],
                                                 [
                                                     -4.286083314493073,
                                                     53.139255494857437
                                                 ],
                                                 [
                                                     -4.286072656306431,
                                                     53.13925329001232
                                                 ],
                                                 [
                                                     -4.28593678553771,
                                                     53.139234932935359
                                                 ],
                                                 [
                                                     -4.285849642412182,
                                                     53.139231203151276
                                                 ],
                                                 [
                                                     -4.285774688407535,
                                                     53.139232040366714
                                                 ],
                                                 [
                                                     -4.285737353443603,
                                                     53.139234007168469
                                                 ],
                                                 [
                                                     -4.285657176021288,
                                                     53.139242065466668
                                                 ],
                                                 [
                                                     -4.285559613125991,
                                                     53.139258918078561
                                                 ],
                                                 [
                                                     -4.285496488415399,
                                                     53.13927387750622
                                                 ],
                                                 [
                                                     -4.28543519221542,
                                                     53.139291454117966
                                                 ],
                                                 [
                                                     -4.285375918366615,
                                                     53.139311356483717
                                                 ],
                                                 [
                                                     -4.28533458274457,
                                                     53.139325834472153
                                                 ],
                                                 [
                                                     -4.285267067255611,
                                                     53.13935102887762
                                                 ],
                                                 [
                                                     -4.285243896827173,
                                                     53.13936182238119
                                                 ],
                                                 [
                                                     -4.285236207405711,
                                                     53.139365404575855
                                                 ],
                                                 [
                                                     -4.285208816077696,
                                                     53.139381745620803
                                                 ],
                                                 [
                                                     -4.285186031018652,
                                                     53.139400641553557
                                                 ],
                                                 [
                                                     -4.285153565746843,
                                                     53.139445041877714
                                                 ],
                                                 [
                                                     -4.285136298791824,
                                                     53.139458041672903
                                                 ],
                                                 [
                                                     -4.285122056060642,
                                                     53.139466047364671
                                                 ],
                                                 [
                                                     -4.285081432460436,
                                                     53.139482957130923
                                                 ],
                                                 [
                                                     -4.285011271153444,
                                                     53.139506763635431
                                                 ],
                                                 [
                                                     -4.28496704497349,
                                                     53.139521719565984
                                                 ],
                                                 [
                                                     -4.284883745074928,
                                                     53.139544762268734
                                                 ],
                                                 [
                                                     -4.284711527398787,
                                                     53.139583888455796
                                                 ],
                                                 [
                                                     -4.284310529633008,
                                                     53.139661049927248
                                                 ],
                                                 [
                                                     -4.284028657910371,
                                                     53.139716890045435
                                                 ],
                                                 [
                                                     -4.283653014021946,
                                                     53.139769493922579
                                                 ],
                                                 [
                                                     -4.283446012538906,
                                                     53.139800384655359
                                                 ],
                                                 [
                                                     -4.283225127867716,
                                                     53.139842690148697
                                                 ],
                                                 [
                                                     -4.283211452025388,
                                                     53.13985434404821
                                                 ],
                                                 [
                                                     -4.283205633648967,
                                                     53.139863042028225
                                                 ],
                                                 [
                                                     -4.28320513982221,
                                                     53.139869515994981
                                                 ],
                                                 [
                                                     -4.283208014086177,
                                                     53.139876626640579
                                                 ],
                                                 [
                                                     -4.283226520147238,
                                                     53.13989880292911
                                                 ],
                                                 [
                                                     -4.283252063737292,
                                                     53.139929340648337
                                                 ],
                                                 [
                                                     -4.283272354387831,
                                                     53.139947670530049
                                                 ],
                                                 [
                                                     -4.283283615520262,
                                                     53.139957857012881
                                                 ],
                                                 [
                                                     -4.283307757383875,
                                                     53.139975501617904
                                                 ],
                                                 [
                                                     -4.283315300614331,
                                                     53.13997930392506
                                                 ],
                                                 [
                                                     -4.283330655818213,
                                                     53.139984646653566
                                                 ],
                                                 [
                                                     -4.28338153801668,
                                                     53.139997048973164
                                                 ],
                                                 [
                                                     -4.283433811801472,
                                                     53.140006088929233
                                                 ],
                                                 [
                                                     -4.283520877646701,
                                                     53.140013409366055
                                                 ],
                                                 [
                                                     -4.283596401440557,
                                                     53.140018775396321
                                                 ],
                                                 [
                                                     -4.283711133847118,
                                                     53.140022247170521
                                                 ],
                                                 [
                                                     -4.283768567838974,
                                                     53.140021738473202
                                                 ],
                                                 [
                                                     -4.283843633107257,
                                                     53.140017618701641
                                                 ],
                                                 [
                                                     -4.283948594572323,
                                                     53.140005741386339
                                                 ],
                                                 [
                                                     -4.284157869929855,
                                                     53.139977395537777
                                                 ],
                                                 [
                                                     -4.284547486365203,
                                                     53.13993898830649
                                                 ],
                                                 [
                                                     -4.28469183062019,
                                                     53.139912454329028
                                                 ],
                                                 [
                                                     -4.284773569409142,
                                                     53.139894350798542
                                                 ],
                                                 [
                                                     -4.284934641698879,
                                                     53.139854242718201
                                                 ],
                                                 [
                                                     -4.285114453053789,
                                                     53.139802392070571
                                                 ],
                                                 [
                                                     -4.285352574803993,
                                                     53.139723473557495
                                                 ],
                                                 [
                                                     -4.285528839916291,
                                                     53.139660613515268
                                                 ],
                                                 [
                                                     -4.285693758735209,
                                                     53.139592738383257
                                                 ],
                                                 [
                                                     -4.285743541781055,
                                                     53.139576560578149
                                                 ],
                                                 [
                                                     -4.285759745703537,
                                                     53.139563536155791
                                                 ],
                                                 [
                                                     -4.285771374320877,
                                                     53.139549385826371
                                                 ],
                                                 [
                                                     -4.285777986130777,
                                                     53.139539872281922
                                                 ],
                                                 [
                                                     -4.28578602651454,
                                                     53.139524037631112
                                                 ],
                                                 [
                                                     -4.285790797479386,
                                                     53.139507735306964
                                                 ],
                                                 [
                                                     -4.285790657599997,
                                                     53.139495249557292
                                                 ],
                                                 [
                                                     -4.285794436560937,
                                                     53.139487013190219
                                                 ],
                                                 [
                                                     -4.285797961302261,
                                                     53.13947933914487
                                                 ],
                                                 [
                                                     -4.285805889250496,
                                                     53.139469269854004
                                                 ],
                                                 [
                                                     -4.285814210868613,
                                                     53.139460982201555
                                                 ],
                                                 [
                                                     -4.285838776410073,
                                                     53.13944408390514
                                                 ],
                                                 [
                                                     -4.285855027999867,
                                                     53.139440121436031
                                                 ],
                                                 [
                                                     -4.285884629456008,
                                                     53.139435273185804
                                                 ],
                                                 [
                                                     -4.285908450008802,
                                                     53.139432217272677
                                                 ],
                                                 [
                                                     -4.285952339951222,
                                                     53.139430079557897
                                                 ],
                                                 [
                                                     -4.285996460153231,
                                                     53.139431713605283
                                                 ],
                                                 [
                                                     -4.286055247796948,
                                                     53.139438406524029
                                                 ],
                                                 [
                                                     -4.28612794580695,
                                                     53.139451386614432
                                                 ],
                                                 [
                                                     -4.286170789313194,
                                                     53.139460228895153
                                                 ],
                                                 [
                                                     -4.286203468976149,
                                                     53.139467728953129
                                                 ],
                                                 [
                                                     -4.286259084074145,
                                                     53.13948337477094
                                                 ],
                                                 [
                                                     -4.286312636652971,
                                                     53.139501568662226
                                                 ],
                                                 [
                                                     -4.286389813027191,
                                                     53.139532138780496
                                                 ],
                                                 [
                                                     -4.286453437175014,
                                                     53.139555281946983
                                                 ],
                                                 [
                                                     -4.286488794939531,
                                                     53.139571253902311
                                                 ],
                                                 [
                                                     -4.286513297368157,
                                                     53.139592568240708
                                                 ],
                                                 [
                                                     -4.286520937621134,
                                                     53.139610574193
                                                 ],
                                                 [
                                                     -4.286522324592964,
                                                     53.139630768205791
                                                 ],
                                                 [
                                                     -4.286519782495965,
                                                     53.139655245472966
                                                 ],
                                                 [
                                                     -4.286517390498963,
                                                     53.139667914731092
                                                 ],
                                                 [
                                                     -4.286510773796766,
                                                     53.139686338448918
                                                 ],
                                                 [
                                                     -4.286495038183969,
                                                     53.139712957293746
                                                 ],
                                                 [
                                                     -4.286473866612399,
                                                     53.1397385746846
                                                 ],
                                                 [
                                                     -4.286451930802353,
                                                     53.139760502480129
                                                 ],
                                                 [
                                                     -4.286449006057823,
                                                     53.13976342678469
                                                 ],
                                                 [
                                                     -4.286395176526187,
                                                     53.139811789325741
                                                 ],
                                                 [
                                                     -4.286347954595395,
                                                     53.139849999987732
                                                 ],
                                                 [
                                                     -4.286320992405495,
                                                     53.139868787575253
                                                 ],
                                                 [
                                                     -4.286263130554008,
                                                     53.139904298523724
                                                 ],
                                                 [
                                                     -4.286168891191888,
                                                     53.139953338332546
                                                 ],
                                                 [
                                                     -4.286069649173196,
                                                     53.139998841812989
                                                 ],
                                                 [
                                                     -4.286004245651782,
                                                     53.140026369673272
                                                 ],
                                                 [
                                                     -4.285883981267832,
                                                     53.140070478600748
                                                 ],
                                                 [
                                                     -4.285796767739463,
                                                     53.140113871706717
                                                 ],
                                                 [
                                                     -4.285724288081351,
                                                     53.140146120702084
                                                 ],
                                                 [
                                                     -4.285405897120151,
                                                     53.140268317378698
                                                 ],
                                                 [
                                                     -4.285176819843228,
                                                     53.140346414956639
                                                 ],
                                                 [
                                                     -4.284944203631887,
                                                     53.140420956676067
                                                 ],
                                                 [
                                                     -4.284710199813163,
                                                     53.140493879226874
                                                 ],
                                                 [
                                                     -4.28412978726131,
                                                     53.140664402600407
                                                 ],
                                                 [
                                                     -4.283624502381079,
                                                     53.140788931430031
                                                 ],
                                                 [
                                                     -4.283355472165997,
                                                     53.140833887180484
                                                 ],
                                                 [
                                                     -4.283145521830795,
                                                     53.140853262565692
                                                 ],
                                                 [
                                                     -4.282922000845865,
                                                     53.140865992842748
                                                 ],
                                                 [
                                                     -4.282704871679279,
                                                     53.140874913814528
                                                 ],
                                                 [
                                                     -4.282648485897955,
                                                     53.140871526785865
                                                 ],
                                                 [
                                                     -4.282576787093721,
                                                     53.140863596290849
                                                 ],
                                                 [
                                                     -4.282470062894899,
                                                     53.140848488382993
                                                 ],
                                                 [
                                                     -4.282323949091754,
                                                     53.140820316672098
                                                 ],
                                                 [
                                                     -4.282222512509259,
                                                     53.140805664582075
                                                 ],
                                                 [
                                                     -4.28216856889322,
                                                     53.140802931789679
                                                 ],
                                                 [
                                                     -4.282103045209696,
                                                     53.140802605822032
                                                 ],
                                                 [
                                                     -4.282005020208284,
                                                     53.140807452429769
                                                 ],
                                                 [
                                                     -4.281960235608752,
                                                     53.140812204211805
                                                 ],
                                                 [
                                                     -4.281924270099707,
                                                     53.140817748915133
                                                 ],
                                                 [
                                                     -4.281854452482529,
                                                     53.140832600939007
                                                 ],
                                                 [
                                                     -4.281753602996437,
                                                     53.140862010811311
                                                 ],
                                                 [
                                                     -4.281557091328762,
                                                     53.140931250259079
                                                 ],
                                                 [
                                                     -4.281490520107755,
                                                     53.140952908913896
                                                 ],
                                                 [
                                                     -4.280860719539308,
                                                     53.141162430574362
                                                 ],
                                                 [
                                                     -4.28013324991942,
                                                     53.141395227498336
                                                 ],
                                                 [
                                                     -4.279728385725008,
                                                     53.141519541919664
                                                 ],
                                                 [
                                                     -4.279524264054194,
                                                     53.141596817765482
                                                 ],
                                                 [
                                                     -4.279396748817572,
                                                     53.141650751143054
                                                 ],
                                                 [
                                                     -4.27927293806794,
                                                     53.141707724301355
                                                 ],
                                                 [
                                                     -4.279215121373207,
                                                     53.14172335190856
                                                 ],
                                                 [
                                                     -4.279136332971362,
                                                     53.141732053479508
                                                 ],
                                                 [
                                                     -4.279092585932676,
                                                     53.141724799378032
                                                 ],
                                                 [
                                                     -4.279037859347071,
                                                     53.141707865475439
                                                 ],
                                                 [
                                                     -4.279013426578944,
                                                     53.141641800381429
                                                 ],
                                                 [
                                                     -4.278983827899919,
                                                     53.141449961038461
                                                 ],
                                                 [
                                                     -4.278971812580282,
                                                     53.141341670464463
                                                 ],
                                                 [
                                                     -4.278966588427666,
                                                     53.141293848786617
                                                 ],
                                                 [
                                                     -4.278966636407752,
                                                     53.141153589193607
                                                 ],
                                                 [
                                                     -4.278996011835199,
                                                     53.140819759480593
                                                 ],
                                                 [
                                                     -4.278989994455017,
                                                     53.140733525706864
                                                 ],
                                                 [
                                                     -4.278990494316455,
                                                     53.140667864281184
                                                 ],
                                                 [
                                                     -4.278995378377329,
                                                     53.140602262757113
                                                 ],
                                                 [
                                                     -4.279004231613885,
                                                     53.140536225588555
                                                 ],
                                                 [
                                                     -4.279017375961297,
                                                     53.140471032314295
                                                 ],
                                                 [
                                                     -4.279036441636924,
                                                     53.140406408959791
                                                 ],
                                                 [
                                                     -4.279069914881582,
                                                     53.140328679627942
                                                 ],
                                                 [
                                                     -4.27909437582076,
                                                     53.140282645112656
                                                 ],
                                                 [
                                                     -4.279147690836031,
                                                     53.140191373047188
                                                 ],
                                                 [
                                                     -4.279239695130415,
                                                     53.140048597155946
                                                 ],
                                                 [
                                                     -4.279314940639853,
                                                     53.13994652946311
                                                 ],
                                                 [
                                                     -4.2794619941604,
                                                     53.139765305747147
                                                 ],
                                                 [
                                                     -4.279532963853578,
                                                     53.139671168892477
                                                 ],
                                                 [
                                                     -4.279537773762223,
                                                     53.139622051846381
                                                 ],
                                                 [
                                                     -4.279539125425412,
                                                     53.139608249133929
                                                 ],
                                                 [
                                                     -4.279527903428696,
                                                     53.139514949270435
                                                 ],
                                                 [
                                                     -4.279484944892289,
                                                     53.139432776673694
                                                 ],
                                                 [
                                                     -4.279405861879994,
                                                     53.139263643235509
                                                 ],
                                                 [
                                                     -4.279322124501943,
                                                     53.139116716608683
                                                 ],
                                                 [
                                                     -4.279265416456564,
                                                     53.139042548467557
                                                 ],
                                                 [
                                                     -4.279165630341194,
                                                     53.138931353410307
                                                 ],
                                                 [
                                                     -4.279121245924157,
                                                     53.138880955015814
                                                 ],
                                                 [
                                                     -4.279125813377845,
                                                     53.138873468000448
                                                 ],
                                                 [
                                                     -4.279113391129597,
                                                     53.138856578142715
                                                 ],
                                                 [
                                                     -4.279053070685933,
                                                     53.138780249327908
                                                 ],
                                                 [
                                                     -4.279025193635471,
                                                     53.138744540670018
                                                 ],
                                                 [
                                                     -4.278972507583259,
                                                     53.138687575968305
                                                 ],
                                                 [
                                                     -4.278938210782926,
                                                     53.138660513638108
                                                 ],
                                                 [
                                                     -4.278918573360188,
                                                     53.138650801831929
                                                 ],
                                                 [
                                                     -4.278911563728522,
                                                     53.138642664388776
                                                 ],
                                                 [
                                                     -4.278902401161279,
                                                     53.138633399348187
                                                 ],
                                                 [
                                                     -4.278833920980007,
                                                     53.138605130421389
                                                 ],
                                                 [
                                                     -4.278814229646162,
                                                     53.138597505529575
                                                 ],
                                                 [
                                                     -4.278779216620417,
                                                     53.138582891343958
                                                 ],
                                                 [
                                                     -4.278745792382603,
                                                     53.138570044916008
                                                 ],
                                                 [
                                                     -4.27870942843307,
                                                     53.138558153859748
                                                 ],
                                                 [
                                                     -4.278680775273118,
                                                     53.138550700537621
                                                 ],
                                                 [
                                                     -4.278624946421695,
                                                     53.13853828304908
                                                 ],
                                                 [
                                                     -4.278614352995745,
                                                     53.138535878499496
                                                 ],
                                                 [
                                                     -4.278522737678752,
                                                     53.138519650660122
                                                 ],
                                                 [
                                                     -4.278480541918795,
                                                     53.138510568469918
                                                 ],
                                                 [
                                                     -4.278436852532823,
                                                     53.138501514859911
                                                 ],
                                                 [
                                                     -4.278405354826335,
                                                     53.138496813212953
                                                 ],
                                                 [
                                                     -4.278300534631318,
                                                     53.138485333474264
                                                 ],
                                                 [
                                                     -4.278272012765301,
                                                     53.138483182197533
                                                 ],
                                                 [
                                                     -4.278153994309545,
                                                     53.138473753176406
                                                 ],
                                                 [
                                                     -4.278016456728342,
                                                     53.138465596753122
                                                 ],
                                                 [
                                                     -4.278007746057194,
                                                     53.138464864390883
                                                 ],
                                                 [
                                                     -4.277931583755623,
                                                     53.138460927630049
                                                 ],
                                                 [
                                                     -4.277853975364698,
                                                     53.138457917592675
                                                 ],
                                                 [
                                                     -4.277845013509476,
                                                     53.138458089120391
                                                 ],
                                                 [
                                                     -4.277733343328046,
                                                     53.138458428215152
                                                 ],
                                                 [
                                                     -4.277598062073307,
                                                     53.138461826440768
                                                 ],
                                                 [
                                                     -4.277513223150761,
                                                     53.138463450027132
                                                 ],
                                                 [
                                                     -4.27739263386221,
                                                     53.13846476867058
                                                 ],
                                                 [
                                                     -4.277356935787914,
                                                     53.138465451780412
                                                 ],
                                                 [
                                                     -4.277321190182618,
                                                     53.13846523669487
                                                 ],
                                                 [
                                                     -4.277285349519757,
                                                     53.138463225229259
                                                 ],
                                                 [
                                                     -4.277267330743091,
                                                     53.1384617718291
                                                 ],
                                                 [
                                                     -4.277247920160636,
                                                     53.138459445963889
                                                 ],
                                                 [
                                                     -4.277208664474348,
                                                     53.13844940797361
                                                 ],
                                                 [
                                                     -4.277154139697844,
                                                     53.138433368470167
                                                 ],
                                                 [
                                                     -4.276922680408724,
                                                     53.138362542792557
                                                 ],
                                                 [
                                                     -4.276780414239408,
                                                     53.138318691468754
                                                 ],
                                                 [
                                                     -4.276757731362925,
                                                     53.138311033561472
                                                 ],
                                                 [
                                                     -4.276689628449737,
                                                     53.138289859040569
                                                 ],
                                                 [
                                                     -4.276621625383406,
                                                     53.138270570668631
                                                 ],
                                                 [
                                                     -4.276532568924731,
                                                     53.138248987702525
                                                 ],
                                                 [
                                                     -4.276517394996024,
                                                     53.138244782489281
                                                 ],
                                                 [
                                                     -4.276424049856395,
                                                     53.138224090663698
                                                 ],
                                                 [
                                                     -4.276389327737897,
                                                     53.138214954692188
                                                 ],
                                                 [
                                                     -4.276318337650343,
                                                     53.138195723283062
                                                 ],
                                                 [
                                                     -4.276247544495328,
                                                     53.138177387159423
                                                 ],
                                                 [
                                                     -4.276241474944382,
                                                     53.138175705059595
                                                 ],
                                                 [
                                                     -4.276199232475502,
                                                     53.138165723865946
                                                 ],
                                                 [
                                                     -4.276178131576935,
                                                     53.138162531062548
                                                 ],
                                                 [
                                                     -4.276136311923346,
                                                     53.138160543696401
                                                 ],
                                                 [
                                                     -4.276104862204352,
                                                     53.13815673962042
                                                 ],
                                                 [
                                                     -4.276068784330328,
                                                     53.138150236857747
                                                 ],
                                                 [
                                                     -4.276004196533911,
                                                     53.138138974665573
                                                 ],
                                                 [
                                                     -4.275993646097556,
                                                     53.138137378246903
                                                 ],
                                                 [
                                                     -4.275836272083909,
                                                     53.138118809542277
                                                 ],
                                                 [
                                                     -4.275828905785035,
                                                     53.138118051313057
                                                 ],
                                                 [
                                                     -4.275772012118672,
                                                     53.13811374470378
                                                 ],
                                                 [
                                                     -4.275715220330727,
                                                     53.138108537025353
                                                 ],
                                                 [
                                                     -4.275658179454588,
                                                     53.138101445985683
                                                 ],
                                                 [
                                                     -4.27564176112852,
                                                     53.138099152553586
                                                 ],
                                                 [
                                                     -4.275568111987724,
                                                     53.138086175292955
                                                 ],
                                                 [
                                                     -4.275495818798418,
                                                     53.138070564689038
                                                 ],
                                                 [
                                                     -4.275417456157833,
                                                     53.13805327189818
                                                 ],
                                                 [
                                                     -4.275364903191536,
                                                     53.138043397631179
                                                 ],
                                                 [
                                                     -4.275309372485204,
                                                     53.13803376008979
                                                 ],
                                                 [
                                                     -4.275283648362929,
                                                     53.138027958236165
                                                 ],
                                                 [
                                                     -4.27525503886455,
                                                     53.138021312445915
                                                 ],
                                                 [
                                                     -4.275194410023267,
                                                     53.138000084097776
                                                 ],
                                                 [
                                                     -4.275106278650925,
                                                     53.137967693262617
                                                 ],
                                                 [
                                                     -4.275016563569601,
                                                     53.137933624359121
                                                 ],
                                                 [
                                                     -4.274946695258469,
                                                     53.137904480664055
                                                 ],
                                                 [
                                                     -4.273727725400136,
                                                     53.137401581036528
                                                 ],
                                                 [
                                                     -4.273164334219432,
                                                     53.137064996640618
                                                 ],
                                                 [
                                                     -4.272924480182852,
                                                     53.136905439241346
                                                 ],
                                                 [
                                                     -4.272876732897115,
                                                     53.136851767169972
                                                 ],
                                                 [
                                                     -4.272844864197209,
                                                     53.136806881667908
                                                 ],
                                                 [
                                                     -4.272816004065891,
                                                     53.136761210434919
                                                 ],
                                                 [
                                                     -4.272777452866058,
                                                     53.136682925336892
                                                 ],
                                                 [
                                                     -4.272731078537706,
                                                     53.136550205655034
                                                 ],
                                                 [
                                                     -4.272713522531984,
                                                     53.136506251572698
                                                 ],
                                                 [
                                                     -4.272582276414274,
                                                     53.136260059627219
                                                 ],
                                                 [
                                                     -4.272468983720222,
                                                     53.136032765324828
                                                 ],
                                                 [
                                                     -4.272384388278496,
                                                     53.135812942881351
                                                 ],
                                                 [
                                                     -4.272367369224712,
                                                     53.135681451732331
                                                 ],
                                                 [
                                                     -4.272374638565037,
                                                     53.135623465245871
                                                 ],
                                                 [
                                                     -4.272382464958179,
                                                     53.1355887726289
                                                 ],
                                                 [
                                                     -4.272404335608607,
                                                     53.135519925003869
                                                 ],
                                                 [
                                                     -4.272432376196026,
                                                     53.135451840671905
                                                 ],
                                                 [
                                                     -4.272471164185814,
                                                     53.13537522550191
                                                 ],
                                                 [
                                                     -4.272499457048562,
                                                     53.135328345954015
                                                 ],
                                                 [
                                                     -4.272530853336916,
                                                     53.135282198339176
                                                 ],
                                                 [
                                                     -4.272565296146384,
                                                     53.135236837687081
                                                 ],
                                                 [
                                                     -4.272602744457073,
                                                     53.135192336705892
                                                 ],
                                                 [
                                                     -4.272643097982781,
                                                     53.135148778226309
                                                 ],
                                                 [
                                                     -4.272686330166432,
                                                     53.135106225689036
                                                 ],
                                                 [
                                                     -4.272732354710487,
                                                     53.135064743675521
                                                 ],
                                                 [
                                                     -4.272781131547148,
                                                     53.135024422857128
                                                 ],
                                                 [
                                                     -4.272832588367562,
                                                     53.13498530956609
                                                 ],
                                                 [
                                                     -4.273221467575305,
                                                     53.134676029231159
                                                 ],
                                                 [
                                                     -4.27325843558726,
                                                     53.13465585769503
                                                 ],
                                                 [
                                                     -4.273357195654003,
                                                     53.134600924608144
                                                 ],
                                                 [
                                                     -4.273456097794864,
                                                     53.134548686004507
                                                 ],
                                                 [
                                                     -4.273480680964463,
                                                     53.134532931778182
                                                 ],
                                                 [
                                                     -4.273546109803432,
                                                     53.134497965797607
                                                 ],
                                                 [
                                                     -4.27359912177292,
                                                     53.134482657432642
                                                 ],
                                                 [
                                                     -4.273614191776849,
                                                     53.134476435502059
                                                 ],
                                                 [
                                                     -4.273620080410343,
                                                     53.134474704630861
                                                 ],
                                                 [
                                                     -4.273636385647626,
                                                     53.134472055474326
                                                 ],
                                                 [
                                                     -4.273640216579676,
                                                     53.134470993280502
                                                 ],
                                                 [
                                                     -4.273660558821823,
                                                     53.134462692610185
                                                 ],
                                                 [
                                                     -4.273678160550325,
                                                     53.13445345529172
                                                 ],
                                                 [
                                                     -4.273696203099176,
                                                     53.134441242538188
                                                 ],
                                                 [
                                                     -4.273738769224438,
                                                     53.134409320625373
                                                 ],
                                                 [
                                                     -4.273755979578002,
                                                     53.134395505393066
                                                 ],
                                                 [
                                                     -4.273758871693308,
                                                     53.134393651947839
                                                 ],
                                                 [
                                                     -4.273784663476182,
                                                     53.134372480000501
                                                 ],
                                                 [
                                                     -4.273808914280323,
                                                     53.134350438396105
                                                 ],
                                                 [
                                                     -4.273811806390344,
                                                     53.134348584949649
                                                 ],
                                                 [
                                                     -4.273850185551098,
                                                     53.134310988791725
                                                 ],
                                                 [
                                                     -4.273879840889006,
                                                     53.134278054779095
                                                 ],
                                                 [
                                                     -4.273917887769656,
                                                     53.134234171288327
                                                 ],
                                                 [
                                                     -4.273923529610428,
                                                     53.134227769828037
                                                 ],
                                                 [
                                                     -4.273955982025691,
                                                     53.134191185973314
                                                 ],
                                                 [
                                                     -4.273969873061459,
                                                     53.134171140474599
                                                 ],
                                                 [
                                                     -4.273982223134865,
                                                     53.134150225324824
                                                 ],
                                                 [
                                                     -4.273988551758295,
                                                     53.134128526138355
                                                 ],
                                                 [
                                                     -4.273992510268372,
                                                     53.134118560463378
                                                 ],
                                                 [
                                                     -4.27400080690539,
                                                     53.134105814611999
                                                 ],
                                                 [
                                                     -4.274006448717458,
                                                     53.134099413147979
                                                 ],
                                                 [
                                                     -4.274017874695934,
                                                     53.134089304781241
                                                 ],
                                                 [
                                                     -4.274029348122414,
                                                     53.134080094600819
                                                 ],
                                                 [
                                                     -4.274033638792732,
                                                     53.134076416236041
                                                 ],
                                                 [
                                                     -4.27404165068838,
                                                     53.134058281257829
                                                 ],
                                                 [
                                                     -4.274043096728701,
                                                     53.134057354531905
                                                 ],
                                                 [
                                                     -4.274043925872259,
                                                     53.134044751370375
                                                 ],
                                                 [
                                                     -4.274046248508434,
                                                     53.134032119670195
                                                 ],
                                                 [
                                                     -4.274053336343367,
                                                     53.134024791478076
                                                 ],
                                                 [
                                                     -4.274062060030102,
                                                     53.134020129308801
                                                 ],
                                                 [
                                                     -4.27406919531445,
                                                     53.134013699303111
                                                 ],
                                                 [
                                                     -4.27407059389862,
                                                     53.1340118743895
                                                 ],
                                                 [
                                                     -4.274073248704242,
                                                     53.134005530000266
                                                 ],
                                                 [
                                                     -4.274075476421732,
                                                     53.133991101924885
                                                 ],
                                                 [
                                                     -4.274079694581773,
                                                     53.133957754837212
                                                 ],
                                                 [
                                                     -4.274080903346978,
                                                     53.133952337174129
                                                 ],
                                                 [
                                                     -4.274089152472725,
                                                     53.133938693129565
                                                 ],
                                                 [
                                                     -4.274098895082583,
                                                     53.133925020545227
                                                 ],
                                                 [
                                                     -4.274114279457604,
                                                     53.133904946491221
                                                 ],
                                                 [
                                                     -4.274132271152965,
                                                     53.133877629857487
                                                 ],
                                                 [
                                                     -4.274136039787519,
                                                     53.133864071428647
                                                 ],
                                                 [
                                                     -4.274139760964585,
                                                     53.133849614812355
                                                 ],
                                                 [
                                                     -4.274140874809076,
                                                     53.133842400774043
                                                 ],
                                                 [
                                                     -4.274150332648967,
                                                     53.133823339061735
                                                 ],
                                                 [
                                                     -4.274161331421293,
                                                     53.133805146996075
                                                 ],
                                                 [
                                                     -4.274189562497818,
                                                     53.133745267290436
                                                 ],
                                                 [
                                                     -4.274195796050558,
                                                     53.133721771718704
                                                 ],
                                                 [
                                                     -4.274199090090569,
                                                     53.133699231414816
                                                 ],
                                                 [
                                                     -4.274200346290652,
                                                     53.133694711937835
                                                 ],
                                                 [
                                                     -4.274206981815801,
                                                     53.133650529516885
                                                 ],
                                                 [
                                                     -4.274214708825593,
                                                     53.133627005403561
                                                 ],
                                                 [
                                                     -4.274215870109281,
                                                     53.133620689551798
                                                 ],
                                                 [
                                                     -4.274213759697754,
                                                     53.133609041657323
                                                 ],
                                                 [
                                                     -4.274211696743764,
                                                     53.133598291950079
                                                 ],
                                                 [
                                                     -4.274209871072133,
                                                     53.133592033179383
                                                 ],
                                                 [
                                                     -4.274208494841772,
                                                     53.133565985747069
                                                 ],
                                                 [
                                                     -4.274210153021222,
                                                     53.133540779420983
                                                 ],
                                                 [
                                                     -4.274210010652713,
                                                     53.133538084859019
                                                 ],
                                                 [
                                                     -4.27421403884967,
                                                     53.13350114501651
                                                 ],
                                                 [
                                                     -4.274218446690387,
                                                     53.133471390672398
                                                 ],
                                                 [
                                                     -4.274219440475203,
                                                     53.133433609723212
                                                 ],
                                                 [
                                                     -4.274218810982547,
                                                     53.133407548020116
                                                 ],
                                                 [
                                                     -4.274216733801633,
                                                     53.133396528856309
                                                 ],
                                                 [
                                                     -4.274209527742851,
                                                     53.133359174335503
                                                 ],
                                                 [
                                                     -4.274208411142833,
                                                     53.133309745490379
                                                 ],
                                                 [
                                                     -4.274205731283147,
                                                     53.133287319346621
                                                 ],
                                                 [
                                                     -4.274202766693341,
                                                     53.133259504078453
                                                 ],
                                                 [
                                                     -4.274189085475305,
                                                     53.133198627117807
                                                 ],
                                                 [
                                                     -4.274181520510479,
                                                     53.133140330557062
                                                 ],
                                                 [
                                                     -4.274178840677956,
                                                     53.133117904411833
                                                 ],
                                                 [
                                                     -4.274178081401605,
                                                     53.133103533413255
                                                 ],
                                                 [
                                                     -4.274167389904329,
                                                     53.133099242255206
                                                 ],
                                                 [
                                                     -4.274158144415222,
                                                     53.133094024369065
                                                 ],
                                                 [
                                                     -4.274150344934382,
                                                     53.133087879755173
                                                 ],
                                                 [
                                                     -4.274145484921607,
                                                     53.133080779874327
                                                 ],
                                                 [
                                                     -4.274141738738601,
                                                     53.133066465954286
                                                 ],
                                                 [
                                                     -4.274140742206637,
                                                     53.133047604017982
                                                 ],
                                                 [
                                                     -4.274137185843535,
                                                     53.133036882847456
                                                 ],
                                                 [
                                                     -4.274115160952264,
                                                     53.132987853547398
                                                 ],
                                                 [
                                                     -4.274088750652812,
                                                     53.132940706233633
                                                 ],
                                                 [
                                                     -4.274087019934857,
                                                     53.132936243834905
                                                 ],
                                                 [
                                                     -4.274057622792701,
                                                     53.132889153590583
                                                 ],
                                                 [
                                                     -4.274023745360934,
                                                     53.132842148951717
                                                 ],
                                                 [
                                                     -4.273999635363841,
                                                     53.132810242265705
                                                 ],
                                                 [
                                                     -4.273990057805593,
                                                     53.132798737052397
                                                 ],
                                                 [
                                                     -4.273977990352046,
                                                     53.132768398436248
                                                 ],
                                                 [
                                                     -4.273962936019699,
                                                     53.132738116892746
                                                 ],
                                                 [
                                                     -4.273948261303349,
                                                     53.132715020847925
                                                 ],
                                                 [
                                                     -4.273939051151327,
                                                     53.132701980149925
                                                 ],
                                                 [
                                                     -4.273615535483394,
                                                     53.132792406574659
                                                 ],
                                                 [
                                                     -4.273683549984673,
                                                     53.132880027538612
                                                 ],
                                                 [
                                                     -4.273700962572809,
                                                     53.132908259078825
                                                 ],
                                                 [
                                                     -4.273748096109373,
                                                     53.132954057491851
                                                 ],
                                                 [
                                                     -4.27376589353044,
                                                     53.132976554439971
                                                 ],
                                                 [
                                                     -4.273775854443709,
                                                     53.133007769482383
                                                 ],
                                                 [
                                                     -4.273767036331262,
                                                     53.133042903739629
                                                 ],
                                                 [
                                                     -4.273741987980669,
                                                     53.133075587877173
                                                 ],
                                                 [
                                                     -4.273725960373199,
                                                     53.133096501342742
                                                 ],
                                                 [
                                                     -4.273670377510695,
                                                     53.133122540139404
                                                 ],
                                                 [
                                                     -4.273629132919153,
                                                     53.133145778518653
                                                 ],
                                                 [
                                                     -4.273624065910773,
                                                     53.133148626553435
                                                 ],
                                                 [
                                                     -4.273610629392253,
                                                     53.133159726336501
                                                 ],
                                                 [
                                                     -4.273610295315678,
                                                     53.133164722691681
                                                 ],
                                                 [
                                                     -4.273611640955256,
                                                     53.133167556102471
                                                 ],
                                                 [
                                                     -4.273644424882088,
                                                     53.133148012814679
                                                 ],
                                                 [
                                                     -4.273673020030729,
                                                     53.133130113970942
                                                 ],
                                                 [
                                                     -4.273676137302711,
                                                     53.13312912834629
                                                 ],
                                                 [
                                                     -4.273683062861155,
                                                     53.133126937102766
                                                 ],
                                                 [
                                                     -4.273684571484575,
                                                     53.133126629560145
                                                 ],
                                                 [
                                                     -4.273700070709959,
                                                     53.133124580200757
                                                 ],
                                                 [
                                                     -4.273705490326527,
                                                     53.13312472840034
                                                 ],
                                                 [
                                                     -4.273712803360884,
                                                     53.133125910346074
                                                 ],
                                                 [
                                                     -4.273713542273986,
                                                     53.133126031092537
                                                 ],
                                                 [
                                                     -4.273716281498369,
                                                     53.133126662068406
                                                 ],
                                                 [
                                                     -4.273728896451582,
                                                     53.133131141290399
                                                 ],
                                                 [
                                                     -4.27375108037214,
                                                     53.13314526478311
                                                 ],
                                                 [
                                                     -4.273766250680878,
                                                     53.13315849730985
                                                 ],
                                                 [
                                                     -4.273777609163854,
                                                     53.13317315130687
                                                 ],
                                                 [
                                                     -4.273792999685062,
                                                     53.13319762729116
                                                 ],
                                                 [
                                                     -4.273803656371313,
                                                     53.133215126841492
                                                 ],
                                                 [
                                                     -4.273826918351981,
                                                     53.133266919750653
                                                 ],
                                                 [
                                                     -4.273842957126701,
                                                     53.133345832486256
                                                 ],
                                                 [
                                                     -4.273857809599082,
                                                     53.133410211551528
                                                 ],
                                                 [
                                                     -4.273860950030728,
                                                     53.133435982522307
                                                 ],
                                                 [
                                                     -4.273860074463105,
                                                     53.133456480617141
                                                 ],
                                                 [
                                                     -4.273857656751258,
                                                     53.133475236962418
                                                 ],
                                                 [
                                                     -4.273855388054221,
                                                     53.133480117437365
                                                 ],
                                                 [
                                                     -4.273854372312544,
                                                     53.133481548423106
                                                 ],
                                                 [
                                                     -4.27384246815804,
                                                     53.133493922638927
                                                 ],
                                                 [
                                                     -4.273845695418933,
                                                     53.133521337293018
                                                 ],
                                                 [
                                                     -4.27384762780981,
                                                     53.133547446028793
                                                 ],
                                                 [
                                                     -4.273847128104759,
                                                     53.133559494447425
                                                 ],
                                                 [
                                                     -4.273845870180873,
                                                     53.133569075853487
                                                 ],
                                                 [
                                                     -4.273842926142628,
                                                     53.133580982166222
                                                 ],
                                                 [
                                                     -4.273844230425714,
                                                     53.133592088030831
                                                 ],
                                                 [
                                                     -4.27385181331779,
                                                     53.133656956641772
                                                 ],
                                                 [
                                                     -4.27384790475134,
                                                     53.133670697553917
                                                 ],
                                                 [
                                                     -4.273845833089251,
                                                     53.133676761067967
                                                 ],
                                                 [
                                                     -4.273843332361784,
                                                     53.133683192417784
                                                 ],
                                                 [
                                                     -4.273844186440046,
                                                     53.133699359793361
                                                 ],
                                                 [
                                                     -4.273847247991599,
                                                     53.133726184210829
                                                 ],
                                                 [
                                                     -4.273841940601605,
                                                     53.133736085745184
                                                 ],
                                                 [
                                                     -4.273839344972794,
                                                     53.133740720719828
                                                 ],
                                                 [
                                                     -4.273832489414943,
                                                     53.13374678572972
                                                 ],
                                                 [
                                                     -4.273821793501575,
                                                     53.133753733300878
                                                 ],
                                                 [
                                                     -4.273810237421115,
                                                     53.13376986806604
                                                 ],
                                                 [
                                                     -4.273797427572489,
                                                     53.133793399356961
                                                 ],
                                                 [
                                                     -4.273785438109149,
                                                     53.13382114071397
                                                 ],
                                                 [
                                                     -4.273769044308015,
                                                     53.133856069063775
                                                 ],
                                                 [
                                                     -4.273757637530074,
                                                     53.133872200970572
                                                 ],
                                                 [
                                                     -4.273758208757099,
                                                     53.133900277756133
                                                 ],
                                                 [
                                                     -4.273752813502015,
                                                     53.133931723259089
                                                 ],
                                                 [
                                                     -4.273741150527033,
                                                     53.133962533274321
                                                 ],
                                                 [
                                                     -4.273730620666481,
                                                     53.13398026679284
                                                 ],
                                                 [
                                                     -4.273692372439728,
                                                     53.134027696503054
                                                 ],
                                                 [
                                                     -4.273611764229957,
                                                     53.134119154944607
                                                 ],
                                                 [
                                                     -4.273603796892065,
                                                     53.134129080312256
                                                 ],
                                                 [
                                                     -4.27357494305612,
                                                     53.134165019899413
                                                 ],
                                                 [
                                                     -4.273549972731865,
                                                     53.134207403718378
                                                 ],
                                                 [
                                                     -4.273537682256729,
                                                     53.134244735139291
                                                 ],
                                                 [
                                                     -4.273538315132104,
                                                     53.134256150533517
                                                 ],
                                                 [
                                                     -4.273549587178894,
                                                     53.13428076816475
                                                 ],
                                                 [
                                                     -4.273535506138437,
                                                     53.134297220866024
                                                 ],
                                                 [
                                                     -4.273492835969896,
                                                     53.134338495271422
                                                 ],
                                                 [
                                                     -4.273474321817226,
                                                     53.134355931748694
                                                 ],
                                                 [
                                                     -4.273448577331115,
                                                     53.134378001818028
                                                 ],
                                                 [
                                                     -4.273388079796495,
                                                     53.134421414936327
                                                 ],
                                                 [
                                                     -4.273375017754077,
                                                     53.134428857211823
                                                 ],
                                                 [
                                                     -4.273364800402303,
                                                     53.134433547862379
                                                 ],
                                                 [
                                                     -4.273345716880899,
                                                     53.134440206067751
                                                 ],
                                                 [
                                                     -4.2733427773048,
                                                     53.134441161315408
                                                 ],
                                                 [
                                                     -4.273313428975561,
                                                     53.134451611975798
                                                 ],
                                                 [
                                                     -4.273261915191272,
                                                     53.13446698150414
                                                 ],
                                                 [
                                                     -4.273234012896236,
                                                     53.13447650542858
                                                 ],
                                                 [
                                                     -4.273207556661422,
                                                     53.134485102630507
                                                 ],
                                                 [
                                                     -4.2731342568058,
                                                     53.134512576468119
                                                 ],
                                                 [
                                                     -4.273099171505759,
                                                     53.134527632125227
                                                 ],
                                                 [
                                                     -4.273096231918093,
                                                     53.134528587366908
                                                 ],
                                                 [
                                                     -4.273062687537251,
                                                     53.134544512674459
                                                 ],
                                                 [
                                                     -4.273051071479094,
                                                     53.134551028200896
                                                 ],
                                                 [
                                                     -4.273007404505684,
                                                     53.134573440492424
                                                 ],
                                                 [
                                                     -4.272976989380409,
                                                     53.134592003288574
                                                 ],
                                                 [
                                                     -4.272968265459731,
                                                     53.134596665380421
                                                 ],
                                                 [
                                                     -4.272934720978168,
                                                     53.134612590652843
                                                 ],
                                                 [
                                                     -4.272925997048715,
                                                     53.13461725274167
                                                 ],
                                                 [
                                                     -4.272864834629454,
                                                     53.134648090970018
                                                 ],
                                                 [
                                                     -4.272847529028092,
                                                     53.134660109701102
                                                 ],
                                                 [
                                                     -4.272841744682306,
                                                     53.13466381654824
                                                 ],
                                                 [
                                                     -4.272812680651458,
                                                     53.134679656215809
                                                 ],
                                                 [
                                                     -4.272792259021473,
                                                     53.134691554630095
                                                 ],
                                                 [
                                                     -4.272775128075234,
                                                     53.134702068528
                                                 ],
                                                 [
                                                     -4.272465898631456,
                                                     53.134891811432418
                                                 ],
                                                 [
                                                     -4.272361919458972,
                                                     53.134960060094791
                                                 ],
                                                 [
                                                     -4.272172801854937,
                                                     53.135094372257868
                                                 ],
                                                 [
                                                     -4.272081209298451,
                                                     53.135168731771941
                                                 ],
                                                 [
                                                     -4.271994648222444,
                                                     53.135245233898537
                                                 ],
                                                 [
                                                     -4.271889657408332,
                                                     53.135350427218192
                                                 ],
                                                 [
                                                     -4.271805607974607,
                                                     53.135406831465133
                                                 ],
                                                 [
                                                     -4.271711570595581,
                                                     53.135423848210301
                                                 ],
                                                 [
                                                     -4.271642116764611,
                                                     53.135427080053603
                                                 ],
                                                 [
                                                     -4.271525546929781,
                                                     53.135402134492303
                                                 ],
                                                 [
                                                     -4.271352316751241,
                                                     53.135571566340275
                                                 ],
                                                 [
                                                     -4.271277033422131,
                                                     53.135649336183043
                                                 ],
                                                 [
                                                     -4.271190687819356,
                                                     53.135738465849471
                                                 ],
                                                 [
                                                     -4.271148151438613,
                                                     53.135782344192201
                                                 ],
                                                 [
                                                     -4.271002746470688,
                                                     53.135939403420885
                                                 ],
                                                 [
                                                     -4.270903533814065,
                                                     53.136025541666399
                                                 ],
                                                 [
                                                     -4.27076675277046,
                                                     53.136153395313677
                                                 ],
                                                 [
                                                     -4.270929117922877,
                                                     53.13634324259418
                                                 ],
                                                 [
                                                     -4.270985521360339,
                                                     53.136409148742629
                                                 ],
                                                 [
                                                     -4.271087352440871,
                                                     53.136525616102276
                                                 ],
                                                 [
                                                     -4.271092328539626,
                                                     53.136532084523004
                                                 ],
                                                 [
                                                     -4.271211753047039,
                                                     53.13668444949716
                                                 ],
                                                 [
                                                     -4.271303384817466,
                                                     53.136746446451106
                                                 ],
                                                 [
                                                     -4.271335709126116,
                                                     53.136765151051272
                                                 ],
                                                 [
                                                     -4.271391136516281,
                                                     53.136797242760203
                                                 ],
                                                 [
                                                     -4.271417662490535,
                                                     53.136812596494821
                                                 ],
                                                 [
                                                     -4.27156786251651,
                                                     53.136890827903436
                                                 ],
                                                 [
                                                     -4.271931884458033,
                                                     53.137031780036537
                                                 ],
                                                 [
                                                     -4.272100206160511,
                                                     53.13710489964096
                                                 ],
                                                 [
                                                     -4.272219715879279,
                                                     53.13715116898544
                                                 ],
                                                 [
                                                     -4.272391744036476,
                                                     53.137218013673305
                                                 ],
                                                 [
                                                     -4.272559841916443,
                                                     53.137284034073417
                                                 ],
                                                 [
                                                     -4.272571610468936,
                                                     53.137274728502604
                                                 ],
                                                 [
                                                     -4.272640810005198,
                                                     53.137305414803265
                                                 ],
                                                 [
                                                     -4.272632912940812,
                                                     53.137311589532921
                                                 ],
                                                 [
                                                     -4.27277377269471,
                                                     53.137370289679552
                                                 ],
                                                 [
                                                     -4.272774017364259,
                                                     53.137370392898234
                                                 ],
                                                 [
                                                     -4.272932512171195,
                                                     53.137432909888879
                                                 ],
                                                 [
                                                     -4.272938927651014,
                                                     53.137435484642502
                                                 ],
                                                 [
                                                     -4.272984810536783,
                                                     53.137457804944638
                                                 ],
                                                 [
                                                     -4.27299322464532,
                                                     53.137461420435685
                                                 ],
                                                 [
                                                     -4.273248706952359,
                                                     53.137571175103737
                                                 ],
                                                 [
                                                     -4.273283857188191,
                                                     53.137585608457115
                                                 ],
                                                 [
                                                     -4.273391605399135,
                                                     53.137629943480341
                                                 ],
                                                 [
                                                     -4.273455637432521,
                                                     53.137653355459605
                                                 ],
                                                 [
                                                     -4.273510195572157,
                                                     53.137672902467919
                                                 ],
                                                 [
                                                     -4.273571693322824,
                                                     53.137696452708397
                                                 ],
                                                 [
                                                     -4.27366307372582,
                                                     53.137736604710042
                                                 ],
                                                 [
                                                     -4.273693827041145,
                                                     53.137750726344755
                                                 ],
                                                 [
                                                     -4.273718542703506,
                                                     53.137762068240669
                                                 ],
                                                 [
                                                     -4.2737487263311,
                                                     53.137775877071704
                                                 ],
                                                 [
                                                     -4.273797502333572,
                                                     53.137796343604442
                                                 ],
                                                 [
                                                     -4.273945997626535,
                                                     53.137859140223995
                                                 ],
                                                 [
                                                     -4.274053872827384,
                                                     53.137903022683801
                                                 ],
                                                 [
                                                     -4.274138985333309,
                                                     53.137937719711879
                                                 ],
                                                 [
                                                     -4.274304182094776,
                                                     53.138005321581666
                                                 ],
                                                 [
                                                     -4.274370346764145,
                                                     53.138032288696046
                                                 ],
                                                 [
                                                     -4.274445682172312,
                                                     53.13806303652288
                                                 ],
                                                 [
                                                     -4.274582630516216,
                                                     53.138119489652304
                                                 ],
                                                 [
                                                     -4.274780563780129,
                                                     53.138198243322741
                                                 ],
                                                 [
                                                     -4.274935529430684,
                                                     53.138258937046267
                                                 ],
                                                 [
                                                     -4.275066615847664,
                                                     53.138314782404706
                                                 ],
                                                 [
                                                     -4.275175954144114,
                                                     53.138363670819203
                                                 ],
                                                 [
                                                     -4.27527473702207,
                                                     53.138405208547262
                                                 ],
                                                 [
                                                     -4.275350555055192,
                                                     53.138436575949029
                                                 ],
                                                 [
                                                     -4.275490827165044,
                                                     53.138490806678341
                                                 ],
                                                 [
                                                     -4.27557574250369,
                                                     53.138521730270661
                                                 ],
                                                 [
                                                     -4.275672500528839,
                                                     53.138553236539209
                                                 ],
                                                 [
                                                     -4.275765431699922,
                                                     53.138580230529463
                                                 ],
                                                 [
                                                     -4.275897073305649,
                                                     53.138618262312448
                                                 ],
                                                 [
                                                     -4.27599756326304,
                                                     53.138646819852639
                                                 ],
                                                 [
                                                     -4.276084756656315,
                                                     53.138667090212806
                                                 ],
                                                 [
                                                     -4.276270815840262,
                                                     53.138710644230649
                                                 ],
                                                 [
                                                     -4.276347773961062,
                                                     53.138726794512834
                                                 ],
                                                 [
                                                     -4.276414356740633,
                                                     53.138739007369686
                                                 ],
                                                 [
                                                     -4.276473829109069,
                                                     53.138749647920122
                                                 ],
                                                 [
                                                     -4.276515118404827,
                                                     53.138752904048872
                                                 ],
                                                 [
                                                     -4.276543438744072,
                                                     53.138754070599155
                                                 ],
                                                 [
                                                     -4.276595643296614,
                                                     53.138754510532195
                                                 ],
                                                 [
                                                     -4.276721933088956,
                                                     53.138753533199043
                                                 ],
                                                 [
                                                     -4.276845579115851,
                                                     53.138750628303498
                                                 ],
                                                 [
                                                     -4.276974044876345,
                                                     53.138745563150351
                                                 ],
                                                 [
                                                     -4.277154129214096,
                                                     53.138738341384986
                                                 ],
                                                 [
                                                     -4.2775896360508,
                                                     53.138715082701388
                                                 ],
                                                 [
                                                     -4.277720505697579,
                                                     53.138710240464235
                                                 ],
                                                 [
                                                     -4.277723855815021,
                                                     53.138728338049809
                                                 ],
                                                 [
                                                     -4.27815547048402,
                                                     53.138730416330162
                                                 ],
                                                 [
                                                     -4.278196207169434,
                                                     53.138731704447153
                                                 ],
                                                 [
                                                     -4.278351986935994,
                                                     53.138753986861907
                                                 ],
                                                 [
                                                     -4.27843899424501,
                                                     53.138770716638049
                                                 ],
                                                 [
                                                     -4.278522159927876,
                                                     53.138791134259499
                                                 ],
                                                 [
                                                     -4.278591760487562,
                                                     53.138816558758968
                                                 ],
                                                 [
                                                     -4.278658846070634,
                                                     53.138850959377883
                                                 ],
                                                 [
                                                     -4.27874092838148,
                                                     53.138921504117775
                                                 ],
                                                 [
                                                     -4.278802032777743,
                                                     53.138977066978505
                                                 ],
                                                 [
                                                     -4.278841418528504,
                                                     53.139009309588808
                                                 ],
                                                 [
                                                     -4.278917393764673,
                                                     53.139101738222045
                                                 ],
                                                 [
                                                     -4.278987494422309,
                                                     53.139230045274132
                                                 ],
                                                 [
                                                     -4.279009709586634,
                                                     53.139276004146289
                                                 ],
                                                 [
                                                     -4.279032648765351,
                                                     53.139335633365427
                                                 ],
                                                 [
                                                     -4.279061398082743,
                                                     53.139411802544245
                                                 ],
                                                 [
                                                     -4.279077714926521,
                                                     53.139458467757443
                                                 ],
                                                 [
                                                     -4.279079540108712,
                                                     53.139492931054029
                                                 ],
                                                 [
                                                     -4.279078029645722,
                                                     53.139520310428004
                                                 ],
                                                 [
                                                     -4.279067669907757,
                                                     53.139567495483313
                                                 ],
                                                 [
                                                     -4.279048548322562,
                                                     53.139617221932397
                                                 ],
                                                 [
                                                     -4.279026842176433,
                                                     53.139655696255524
                                                 ],
                                                 [
                                                     -4.279022171846194,
                                                     53.139663755261203
                                                 ],
                                                 [
                                                     -4.278986071333444,
                                                     53.139726057891728
                                                 ],
                                                 [
                                                     -4.278929702433746,
                                                     53.139800881000085
                                                 ],
                                                 [
                                                     -4.278880595398439,
                                                     53.139882110434215
                                                 ],
                                                 [
                                                     -4.278834414303264,
                                                     53.13996269041828
                                                 ],
                                                 [
                                                     -4.278807327853028,
                                                     53.140011382526566
                                                 ],
                                                 [
                                                     -4.278783985076654,
                                                     53.140074864973492
                                                 ],
                                                 [
                                                     -4.278745086262524,
                                                     53.140180875719309
                                                 ],
                                                 [
                                                     -4.27869680671187,
                                                     53.140315018894739
                                                 ],
                                                 [
                                                     -4.278679194456848,
                                                     53.140393262612804
                                                 ],
                                                 [
                                                     -4.278674469820196,
                                                     53.140453412559324
                                                 ],
                                                 [
                                                     -4.278669074653024,
                                                     53.140519536337038
                                                 ],
                                                 [
                                                     -4.278644027538877,
                                                     53.140644306659688
                                                 ],
                                                 [
                                                     -4.278641673190567,
                                                     53.140730583849006
                                                 ],
                                                 [
                                                     -4.278646196387506,
                                                     53.14081233278997
                                                 ],
                                                 [
                                                     -4.278643389635729,
                                                     53.14086380571721
                                                 ],
                                                 [
                                                     -4.278627207176672,
                                                     53.141036543800034
                                                 ],
                                                 [
                                                     -4.278593659449988,
                                                     53.141261986568239
                                                 ],
                                                 [
                                                     -4.278574343169456,
                                                     53.141401527143415
                                                 ],
                                                 [
                                                     -4.27855861750899,
                                                     53.141515410754891
                                                 ],
                                                 [
                                                     -4.278536716670343,
                                                     53.141570000457421
                                                 ],
                                                 [
                                                     -4.278529764770058,
                                                     53.141656995016298
                                                 ],
                                                 [
                                                     -4.278516847435612,
                                                     53.141721977078731
                                                 ],
                                                 [
                                                     -4.278540621008761,
                                                     53.141810622145528
                                                 ],
                                                 [
                                                     -4.27854203090748,
                                                     53.141859838526756
                                                 ],
                                                 [
                                                     -4.278525617395538,
                                                     53.141930803559667
                                                 ],
                                                 [
                                                     -4.278503444058805,
                                                     53.141960484575961
                                                 ],
                                                 [
                                                     -4.278481886175735,
                                                     53.142011390402736
                                                 ],
                                                 [
                                                     -4.278446480555949,
                                                     53.142095027607077
                                                 ],
                                                 [
                                                     -4.278414324605515,
                                                     53.142163228083028
                                                 ],
                                                 [
                                                     -4.278394201431606,
                                                     53.14220593366197
                                                 ],
                                                 [
                                                     -4.278370596793598,
                                                     53.142253489063187
                                                 ],
                                                 [
                                                     -4.278339638266598,
                                                     53.142386104646157
                                                 ],
                                                 [
                                                     -4.278325599356596,
                                                     53.142457024184417
                                                 ],
                                                 [
                                                     -4.278288518711442,
                                                     53.14254123285199
                                                 ],
                                                 [
                                                     -4.278252658749979,
                                                     53.142671092101992
                                                 ],
                                                 [
                                                     -4.278232136240604,
                                                     53.142754273500714
                                                 ],
                                                 [
                                                     -4.278167239907711,
                                                     53.142851143345162
                                                 ],
                                                 [
                                                     -4.278085382432773,
                                                     53.142964035978146
                                                 ],
                                                 [
                                                     -4.277971464907668,
                                                     53.143098958589704
                                                 ],
                                                 [
                                                     -4.27783651500874,
                                                     53.143240802046464
                                                 ],
                                                 [
                                                     -4.277803144023365,
                                                     53.143277044825737
                                                 ],
                                                 [
                                                     -4.277715711549416,
                                                     53.14336826783282
                                                 ],
                                                 [
                                                     -4.277715291933252,
                                                     53.143368815319441
                                                 ],
                                                 [
                                                     -4.27770069889918,
                                                     53.143378445168132
                                                 ],
                                                 [
                                                     -4.277671656618792,
                                                     53.14340550624037
                                                 ],
                                                 [
                                                     -4.27763528982378,
                                                     53.143439396730344
                                                 ],
                                                 [
                                                     -4.27758870038056,
                                                     53.143482995245051
                                                 ],
                                                 [
                                                     -4.27758275164189,
                                                     53.143486435729457
                                                 ],
                                                 [
                                                     -4.2775759513978,
                                                     53.143487914502536
                                                 ],
                                                 [
                                                     -4.277568669727658,
                                                     53.143488773122542
                                                 ],
                                                 [
                                                     -4.2775624154711,
                                                     53.143494916732983
                                                 ],
                                                 [
                                                     -4.277545236840605,
                                                     53.143515025525502
                                                 ],
                                                 [
                                                     -4.277533904349434,
                                                     53.143526930601539
                                                 ],
                                                 [
                                                     -4.277488289071597,
                                                     53.143569161792755
                                                 ],
                                                 [
                                                     -4.277464035119766,
                                                     53.143591204150852
                                                 ],
                                                 [
                                                     -4.277421053544725,
                                                     53.14362951881553
                                                 ],
                                                 [
                                                     -4.277382510579131,
                                                     53.143666939347874
                                                 ],
                                                 [
                                                     -4.277369361644967,
                                                     53.143678429617772
                                                 ],
                                                 [
                                                     -4.277340194953249,
                                                     53.143703712780002
                                                 ],
                                                 [
                                                     -4.277288063509554,
                                                     53.143747147485264
                                                 ],
                                                 [
                                                     -4.277202416017624,
                                                     53.143812801684788
                                                 ],
                                                 [
                                                     -4.277108588895168,
                                                     53.143887783069204
                                                 ],
                                                 [
                                                     -4.276984801941434,
                                                     53.143984376338054
                                                 ],
                                                 [
                                                     -4.276893990263313,
                                                     53.144059839311446
                                                 ],
                                                 [
                                                     -4.276782574091857,
                                                     53.144147204765162
                                                 ],
                                                 [
                                                     -4.276684107794834,
                                                     53.144224971824507
                                                 ],
                                                 [
                                                     -4.276574243709734,
                                                     53.144310599107165
                                                 ],
                                                 [
                                                     -4.276500043798549,
                                                     53.144365424508806
                                                 ],
                                                 [
                                                     -4.276380297830965,
                                                     53.14445195989169
                                                 ],
                                                 [
                                                     -4.276254049758951,
                                                     53.144536012132562
                                                 ],
                                                 [
                                                     -4.27611940023968,
                                                     53.144622382727327
                                                 ],
                                                 [
                                                     -4.276003578563387,
                                                     53.144694367268414
                                                 ],
                                                 [
                                                     -4.275921283363616,
                                                     53.144744312179014
                                                 ],
                                                 [
                                                     -4.275717860819076,
                                                     53.144864904187877
                                                 ],
                                                 [
                                                     -4.27558264176956,
                                                     53.14494337302478
                                                 ],
                                                 [
                                                     -4.275399675085218,
                                                     53.145049277787116
                                                 ],
                                                 [
                                                     -4.275192564585312,
                                                     53.145168051278731
                                                 ],
                                                 [
                                                     -4.275040935114205,
                                                     53.145252947013631
                                                 ],
                                                 [
                                                     -4.275047707665481,
                                                     53.145256593747547
                                                 ],
                                                 [
                                                     -4.275023294363285,
                                                     53.145270007338809
                                                 ],
                                                 [
                                                     -4.275006411768572,
                                                     53.145278781515209
                                                 ],
                                                 [
                                                     -4.274997624199329,
                                                     53.145282276128427
                                                 ],
                                                 [
                                                     -4.274990866323455,
                                                     53.145284563123965
                                                 ],
                                                 [
                                                     -4.274980162612338,
                                                     53.145285756720291
                                                 ],
                                                 [
                                                     -4.274972254534138,
                                                     53.145286087695773
                                                 ],
                                                 [
                                                     -4.274961894504192,
                                                     53.145285296716999
                                                 ],
                                                 [
                                                     -4.274954161723343,
                                                     53.145283286699247
                                                 ],
                                                 [
                                                     -4.274949589841866,
                                                     53.145281665809954
                                                 ],
                                                 [
                                                     -4.274900600328397,
                                                     53.145258493911108
                                                 ],
                                                 [
                                                     -4.274862626188433,
                                                     53.145240531184463
                                                 ],
                                                 [
                                                     -4.274591588801518,
                                                     53.145117499762094
                                                 ],
                                                 [
                                                     -4.274405278842396,
                                                     53.145032950000733
                                                 ],
                                                 [
                                                     -4.274186067264461,
                                                     53.14493697988835
                                                 ],
                                                 [
                                                     -4.274049483608706,
                                                     53.144873686107509
                                                 ],
                                                 [
                                                     -4.273466443187239,
                                                     53.144599227776055
                                                 ],
                                                 [
                                                     -4.27357334553029,
                                                     53.144525820230761
                                                 ],
                                                 [
                                                     -4.273725478006663,
                                                     53.144334984744937
                                                 ],
                                                 [
                                                     -4.273480609345916,
                                                     53.144268296958089
                                                 ],
                                                 [
                                                     -4.273010132636346,
                                                     53.144125036056444
                                                 ],
                                                 [
                                                     -4.27279676086092,
                                                     53.144055366350038
                                                 ],
                                                 [
                                                     -4.272608610718751,
                                                     53.144013760861959
                                                 ],
                                                 [
                                                     -4.272317084487177,
                                                     53.143964704506594
                                                 ],
                                                 [
                                                     -4.271758579702772,
                                                     53.143875363788375
                                                 ],
                                                 [
                                                     -4.271665722189823,
                                                     53.143651135789
                                                 ],
                                                 [
                                                     -4.271662684300939,
                                                     53.143544823039477
                                                 ],
                                                 [
                                                     -4.271750298936345,
                                                     53.143268914024638
                                                 ],
                                                 [
                                                     -4.271800926888825,
                                                     53.142953938672491
                                                 ],
                                                 [
                                                     -4.271813349097272,
                                                     53.142589737177005
                                                 ],
                                                 [
                                                     -4.271796912627177,
                                                     53.142278420907431
                                                 ],
                                                 [
                                                     -4.271754880917443,
                                                     53.141931910890968
                                                 ],
                                                 [
                                                     -4.271676966361604,
                                                     53.141655071345419
                                                 ],
                                                 [
                                                     -4.271480863134562,
                                                     53.141237757434226
                                                 ],
                                                 [
                                                     -4.271311664650185,
                                                     53.140931746323233
                                                 ],
                                                 [
                                                     -4.271309487835516,
                                                     53.140927558533797
                                                 ],
                                                 [
                                                     -4.271134145172722,
                                                     53.140590188994523
                                                 ],
                                                 [
                                                     -4.27101998030918,
                                                     53.140328489196307
                                                 ],
                                                 [
                                                     -4.270898284903186,
                                                     53.140019006838578
                                                 ],
                                                 [
                                                     -4.270885826791571,
                                                     53.139981208429575
                                                 ],
                                                 [
                                                     -4.270794659426675,
                                                     53.139704596905062
                                                 ],
                                                 [
                                                     -4.270731333093226,
                                                     53.139445061049784
                                                 ],
                                                 [
                                                     -4.270698754355793,
                                                     53.139311537084083
                                                 ]
                                             ]
                                         ]
                                     ]
                 }
}