{
    "type":  "Feature",
    "properties":  {
                       "Name":  "De Dolgellau ED",
                       "Area_Code":  "UTE",
                       "Area_Description":  "Unitary Authority Electoral Division",
                       "File_Name":  "GWYNEDD_-_GWYNEDD",
                       "Feature_Serial_Number":  268,
                       "Collection_Serial_Number":  268,
                       "Global_Polygon_ID":  142519,
                       "Admin_Unit_ID":  182764,
                       "Census_Code":  "W05001524",
                       "Hectares":  226.167,
                       "Non_Inland_Area":  0.0,
                       "Area_Type_Code":  "VA",
                       "Area_Type_Description":  "CIVIL VOTING AREA",
                       "Non_Area_Type_Code":  null,
                       "Non_Area_Type_Description":  null
                   },
    "geometry":  {
                     "type":  "MultiPolygon",
                     "coordinates":  [
                                         [
                                             [
                                                 [
                                                     -3.857758385714908,
                                                     52.746731386717656
                                                 ],
                                                 [
                                                     -3.857780361480112,
                                                     52.746656439329826
                                                 ],
                                                 [
                                                     -3.857778450499808,
                                                     52.746611528708634
                                                 ],
                                                 [
                                                     -3.858261324377033,
                                                     52.746401635819076
                                                 ],
                                                 [
                                                     -3.858343340570038,
                                                     52.746273615841083
                                                 ],
                                                 [
                                                     -3.858328135748974,
                                                     52.746228900104647
                                                 ],
                                                 [
                                                     -3.858328119173132,
                                                     52.746228823942531
                                                 ],
                                                 [
                                                     -3.85844647282628,
                                                     52.74608495444253
                                                 ],
                                                 [
                                                     -3.85851918837298,
                                                     52.746054153015706
                                                 ],
                                                 [
                                                     -3.858601795467905,
                                                     52.745977356824682
                                                 ],
                                                 [
                                                     -3.858658760492111,
                                                     52.745886491849745
                                                 ],
                                                 [
                                                     -3.858631905054987,
                                                     52.745812310689359
                                                 ],
                                                 [
                                                     -3.858702402234699,
                                                     52.745729412492338
                                                 ],
                                                 [
                                                     -3.858723521984686,
                                                     52.745668860028381
                                                 ],
                                                 [
                                                     -3.858936660297598,
                                                     52.745456002761678
                                                 ],
                                                 [
                                                     -3.85887377187372,
                                                     52.745404856455487
                                                 ],
                                                 [
                                                     -3.858898328412091,
                                                     52.745112263701635
                                                 ],
                                                 [
                                                     -3.859008152006193,
                                                     52.745080881034689
                                                 ],
                                                 [
                                                     -3.858992851023971,
                                                     52.744721500969156
                                                 ],
                                                 [
                                                     -3.859025849480286,
                                                     52.744661661260885
                                                 ],
                                                 [
                                                     -3.859008573902939,
                                                     52.744534209528446
                                                 ],
                                                 [
                                                     -3.858982368868411,
                                                     52.744475298125259
                                                 ],
                                                 [
                                                     -3.859015328908009,
                                                     52.744414559937411
                                                 ],
                                                 [
                                                     -3.858951791829431,
                                                     52.744348143954788
                                                 ],
                                                 [
                                                     -3.858949570040342,
                                                     52.744295957440791
                                                 ],
                                                 [
                                                     -3.858984644332373,
                                                     52.744250465999016
                                                 ],
                                                 [
                                                     -3.859129541271158,
                                                     52.744173591761566
                                                 ],
                                                 [
                                                     -3.859296818111994,
                                                     52.744065806589454
                                                 ],
                                                 [
                                                     -3.859378356097904,
                                                     52.743929614354954
                                                 ],
                                                 [
                                                     -3.859398863563385,
                                                     52.743854689635135
                                                 ],
                                                 [
                                                     -3.859360269627359,
                                                     52.743817544273433
                                                 ],
                                                 [
                                                     -3.859339512889214,
                                                     52.743608354110627
                                                 ],
                                                 [
                                                     -3.859384554531371,
                                                     52.743518663807421
                                                 ],
                                                 [
                                                     -3.859381035673177,
                                                     52.743436027756196
                                                 ],
                                                 [
                                                     -3.859458054685057,
                                                     52.743225303213642
                                                 ],
                                                 [
                                                     -3.859506126734178,
                                                     52.743172417787008
                                                 ],
                                                 [
                                                     -3.859488036509897,
                                                     52.743060258761751
                                                 ],
                                                 [
                                                     -3.859521848496788,
                                                     52.742985126233449
                                                 ],
                                                 [
                                                     -3.859563310746587,
                                                     52.742774150112567
                                                 ],
                                                 [
                                                     -3.859618273974658,
                                                     52.742639273567754
                                                 ],
                                                 [
                                                     -3.859279030009406,
                                                     52.742187902069574
                                                 ],
                                                 [
                                                     -3.85871495175289,
                                                     52.741395624605367
                                                 ],
                                                 [
                                                     -3.85926882613027,
                                                     52.741357278060548
                                                 ],
                                                 [
                                                     -3.859477552238334,
                                                     52.741354004493665
                                                 ],
                                                 [
                                                     -3.859960325504381,
                                                     52.741384182141346
                                                 ],
                                                 [
                                                     -3.860581360153202,
                                                     52.74142567070465
                                                 ],
                                                 [
                                                     -3.861139141655217,
                                                     52.741479024312063
                                                 ],
                                                 [
                                                     -3.861508285002148,
                                                     52.741554122787548
                                                 ],
                                                 [
                                                     -3.861952346221778,
                                                     52.741547149509593
                                                 ],
                                                 [
                                                     -3.863131412611403,
                                                     52.741438653981646
                                                 ],
                                                 [
                                                     -3.863462602662835,
                                                     52.741388507243407
                                                 ],
                                                 [
                                                     -3.863937856878095,
                                                     52.741276772305454
                                                 ],
                                                 [
                                                     -3.864754250911779,
                                                     52.741039138218525
                                                 ],
                                                 [
                                                     -3.865059984433602,
                                                     52.740982197419854
                                                 ],
                                                 [
                                                     -3.865831839587533,
                                                     52.740880169269779
                                                 ],
                                                 [
                                                     -3.868149308755423,
                                                     52.740582025450948
                                                 ],
                                                 [
                                                     -3.868334657266681,
                                                     52.740586295500577
                                                 ],
                                                 [
                                                     -3.86955993598441,
                                                     52.740693714427778
                                                 ],
                                                 [
                                                     -3.871081376838037,
                                                     52.740797435024604
                                                 ],
                                                 [
                                                     -3.871365961596993,
                                                     52.74080013410871
                                                 ],
                                                 [
                                                     -3.871562227479964,
                                                     52.740782654175149
                                                 ],
                                                 [
                                                     -3.875281870642105,
                                                     52.740263496794469
                                                 ],
                                                 [
                                                     -3.875498188713566,
                                                     52.740263670318946
                                                 ],
                                                 [
                                                     -3.875770616198035,
                                                     52.740296211923315
                                                 ],
                                                 [
                                                     -3.876056012627363,
                                                     52.740352007486145
                                                 ],
                                                 [
                                                     -3.875868840276176,
                                                     52.739995348087071
                                                 ],
                                                 [
                                                     -3.875379886589223,
                                                     52.739130053063427
                                                 ],
                                                 [
                                                     -3.874763375819824,
                                                     52.738089614978357
                                                 ],
                                                 [
                                                     -3.874667472874789,
                                                     52.737889794155983
                                                 ],
                                                 [
                                                     -3.874662770237742,
                                                     52.737814366997611
                                                 ],
                                                 [
                                                     -3.874661722944728,
                                                     52.737619248048048
                                                 ],
                                                 [
                                                     -3.874666969459097,
                                                     52.737360212543585
                                                 ],
                                                 [
                                                     -3.874815554631616,
                                                     52.737336291099574
                                                 ],
                                                 [
                                                     -3.87497022728408,
                                                     52.737249355246561
                                                 ],
                                                 [
                                                     -3.874945430836298,
                                                     52.737189525831397
                                                 ],
                                                 [
                                                     -3.874943774074423,
                                                     52.737185058409025
                                                 ],
                                                 [
                                                     -3.87504237857836,
                                                     52.73713487188347
                                                 ],
                                                 [
                                                     -3.875130765844192,
                                                     52.737088533129786
                                                 ],
                                                 [
                                                     -3.875358054888267,
                                                     52.737139765819407
                                                 ],
                                                 [
                                                     -3.875896783673519,
                                                     52.737128546028131
                                                 ],
                                                 [
                                                     -3.876013318853041,
                                                     52.737083558474041
                                                 ],
                                                 [
                                                     -3.875935540137374,
                                                     52.73702996038088
                                                 ],
                                                 [
                                                     -3.875912630300648,
                                                     52.73694583320701
                                                 ],
                                                 [
                                                     -3.875614343295369,
                                                     52.736933475655775
                                                 ],
                                                 [
                                                     -3.875519360987953,
                                                     52.736755122745883
                                                 ],
                                                 [
                                                     -3.875461166416435,
                                                     52.736676946416608
                                                 ],
                                                 [
                                                     -3.875261954196989,
                                                     52.73672773580315
                                                 ],
                                                 [
                                                     -3.875241399799364,
                                                     52.736732554563908
                                                 ],
                                                 [
                                                     -3.875218375777501,
                                                     52.736645732712972
                                                 ],
                                                 [
                                                     -3.875214866387961,
                                                     52.736563994886794
                                                 ],
                                                 [
                                                     -3.875262869634042,
                                                     52.73651011493579
                                                 ],
                                                 [
                                                     -3.875471842530579,
                                                     52.736373782340742
                                                 ],
                                                 [
                                                     -3.875458611532508,
                                                     52.736239167591265
                                                 ],
                                                 [
                                                     -3.875261096833309,
                                                     52.736155915251061
                                                 ],
                                                 [
                                                     -3.875121305579349,
                                                     52.736040379603089
                                                 ],
                                                 [
                                                     -3.874932308102933,
                                                     52.735882389540663
                                                 ],
                                                 [
                                                     -3.874813036671278,
                                                     52.735795291620782
                                                 ],
                                                 [
                                                     -3.874290987575955,
                                                     52.735605714616064
                                                 ],
                                                 [
                                                     -3.873750195194908,
                                                     52.735465956773709
                                                 ],
                                                 [
                                                     -3.873287456947383,
                                                     52.735417542752394
                                                 ],
                                                 [
                                                     -3.87305281230383,
                                                     52.735368219642389
                                                 ],
                                                 [
                                                     -3.872715744761103,
                                                     52.735279977071606
                                                 ],
                                                 [
                                                     -3.872587644962373,
                                                     52.735228969001746
                                                 ],
                                                 [
                                                     -3.872296088224174,
                                                     52.735096952786009
                                                 ],
                                                 [
                                                     -3.87219602822466,
                                                     52.734973506349526
                                                 ],
                                                 [
                                                     -3.872180493610814,
                                                     52.734887463838376
                                                 ],
                                                 [
                                                     -3.871759378058498,
                                                     52.734670215491334
                                                 ],
                                                 [
                                                     -3.871548578817551,
                                                     52.734553101374331
                                                 ],
                                                 [
                                                     -3.87149374843125,
                                                     52.734484757258592
                                                 ],
                                                 [
                                                     -3.871481000181332,
                                                     52.734289822998562
                                                 ],
                                                 [
                                                     -3.871231440879186,
                                                     52.734171522051547
                                                 ],
                                                 [
                                                     -3.870933419274947,
                                                     52.733990977595383
                                                 ],
                                                 [
                                                     -3.870931341717221,
                                                     52.733942473304865
                                                 ],
                                                 [
                                                     -3.870856929278096,
                                                     52.733864551613294
                                                 ],
                                                 [
                                                     -3.870784328847785,
                                                     52.733726288890658
                                                 ],
                                                 [
                                                     -3.870788080915367,
                                                     52.733639941836444
                                                 ],
                                                 [
                                                     -3.870849984398888,
                                                     52.733494253655962
                                                 ],
                                                 [
                                                     -3.870933940765447,
                                                     52.733344532943967
                                                 ],
                                                 [
                                                     -3.871025334316204,
                                                     52.733265790801561
                                                 ],
                                                 [
                                                     -3.871036948637039,
                                                     52.7331577487993
                                                 ],
                                                 [
                                                     -3.870973756002988,
                                                     52.733065177527784
                                                 ],
                                                 [
                                                     -3.870863836234383,
                                                     52.732919504683238
                                                 ],
                                                 [
                                                     -3.870783607547692,
                                                     52.732774172358127
                                                 ],
                                                 [
                                                     -3.87070406608328,
                                                     52.73268194975509
                                                 ],
                                                 [
                                                     -3.870587056855633,
                                                     52.732541781242986
                                                 ],
                                                 [
                                                     -3.870437295484471,
                                                     52.732469451957428
                                                 ],
                                                 [
                                                     -3.870226707157179,
                                                     52.732257055314271
                                                 ],
                                                 [
                                                     -3.870009536960271,
                                                     52.731990743325269
                                                 ],
                                                 [
                                                     -3.869864993328142,
                                                     52.731866199393529
                                                 ],
                                                 [
                                                     -3.86981135940236,
                                                     52.731825699172347
                                                 ],
                                                 [
                                                     -3.869745626225218,
                                                     52.731776401614638
                                                 ],
                                                 [
                                                     -3.869975092888125,
                                                     52.731739525869116
                                                 ],
                                                 [
                                                     -3.870151922330881,
                                                     52.73171965822435
                                                 ],
                                                 [
                                                     -3.870401434712522,
                                                     52.731734597038226
                                                 ],
                                                 [
                                                     -3.8705799585334,
                                                     52.73172009562898
                                                 ],
                                                 [
                                                     -3.870583958645644,
                                                     52.731813510354826
                                                 ],
                                                 [
                                                     -3.870606124488224,
                                                     52.731880572162936
                                                 ],
                                                 [
                                                     -3.870719019969178,
                                                     52.731924721285061
                                                 ],
                                                 [
                                                     -3.870897841345894,
                                                     52.732054026917652
                                                 ],
                                                 [
                                                     -3.871245455356247,
                                                     52.732041349395203
                                                 ],
                                                 [
                                                     -3.871249848281108,
                                                     52.73204128005198
                                                 ],
                                                 [
                                                     -3.871827729266626,
                                                     52.732013281272074
                                                 ],
                                                 [
                                                     -3.872071928107326,
                                                     52.73197257339995
                                                 ],
                                                 [
                                                     -3.872443273606609,
                                                     52.732137485167364
                                                 ],
                                                 [
                                                     -3.872512257212577,
                                                     52.732191314341044
                                                 ],
                                                 [
                                                     -3.872711947077351,
                                                     52.732322983992375
                                                 ],
                                                 [
                                                     -3.872734812148108,
                                                     52.732337902728517
                                                 ],
                                                 [
                                                     -3.872870262215845,
                                                     52.732423848007748
                                                 ],
                                                 [
                                                     -3.872872034138869,
                                                     52.732431010895368
                                                 ],
                                                 [
                                                     -3.872889891749883,
                                                     52.732500028438956
                                                 ],
                                                 [
                                                     -3.872890045800109,
                                                     52.732503621446064
                                                 ],
                                                 [
                                                     -3.873640706796543,
                                                     52.732637368906062
                                                 ],
                                                 [
                                                     -3.873863962884449,
                                                     52.732663501780685
                                                 ],
                                                 [
                                                     -3.874136346903042,
                                                     52.732659195840746
                                                 ],
                                                 [
                                                     -3.874475324535985,
                                                     52.73255047116163
                                                 ],
                                                 [
                                                     -3.874667543590514,
                                                     52.732507882604772
                                                 ],
                                                 [
                                                     -3.874699858348458,
                                                     52.732501079776192
                                                 ],
                                                 [
                                                     -3.874952458668941,
                                                     52.73248540030383
                                                 ],
                                                 [
                                                     -3.875201855451423,
                                                     52.732500330877386
                                                 ],
                                                 [
                                                     -3.875400319096876,
                                                     52.732534942107542
                                                 ],
                                                 [
                                                     -3.875780900702272,
                                                     52.73260172586459
                                                 ],
                                                 [
                                                     -3.876152343144489,
                                                     52.732663259434382
                                                 ],
                                                 [
                                                     -3.876245773547615,
                                                     52.732700430605583
                                                 ],
                                                 [
                                                     -3.876621078677811,
                                                     52.732851874861325
                                                 ],
                                                 [
                                                     -3.876821975129987,
                                                     52.732908916058307
                                                 ],
                                                 [
                                                     -3.877053022399647,
                                                     52.732908853307393
                                                 ],
                                                 [
                                                     -3.877312758660882,
                                                     52.732851708677011
                                                 ],
                                                 [
                                                     -3.877577197909046,
                                                     52.732835836133106
                                                 ],
                                                 [
                                                     -3.877946250581359,
                                                     52.732841674831697
                                                 ],
                                                 [
                                                     -3.878154314414133,
                                                     52.73282399770487
                                                 ],
                                                 [
                                                     -3.878543457144295,
                                                     52.732814236285293
                                                 ],
                                                 [
                                                     -3.879012647758747,
                                                     52.732805902061905
                                                 ],
                                                 [
                                                     -3.87926805814522,
                                                     52.732753316222094
                                                 ],
                                                 [
                                                     -3.879664631224421,
                                                     52.732675032665249
                                                 ],
                                                 [
                                                     -3.879893821329252,
                                                     52.732668702011701
                                                 ],
                                                 [
                                                     -3.88012923598371,
                                                     52.732699213837385
                                                 ],
                                                 [
                                                     -3.880592988077596,
                                                     52.732703542311242
                                                 ],
                                                 [
                                                     -3.88072814052997,
                                                     52.732711285427257
                                                 ],
                                                 [
                                                     -3.880931732691164,
                                                     52.732728727923963
                                                 ],
                                                 [
                                                     -3.881077491477646,
                                                     52.732741695970503
                                                 ],
                                                 [
                                                     -3.881319038688948,
                                                     52.732812465407434
                                                 ],
                                                 [
                                                     -3.881566753022824,
                                                     52.732890327361986
                                                 ],
                                                 [
                                                     -3.881919072267958,
                                                     52.732921586510713
                                                 ],
                                                 [
                                                     -3.882036448136736,
                                                     52.732930509431156
                                                 ],
                                                 [
                                                     -3.88204104135666,
                                                     52.732932233781831
                                                 ],
                                                 [
                                                     -3.882139095595909,
                                                     52.73294056426662
                                                 ],
                                                 [
                                                     -3.882265435309769,
                                                     52.73301864351081
                                                 ],
                                                 [
                                                     -3.882562549040497,
                                                     52.733109201722137
                                                 ],
                                                 [
                                                     -3.882823260181078,
                                                     52.733142812035361
                                                 ],
                                                 [
                                                     -3.883003094109283,
                                                     52.733124675671576
                                                 ],
                                                 [
                                                     -3.883226155491331,
                                                     52.733075291480105
                                                 ],
                                                 [
                                                     -3.883435373544331,
                                                     52.733050395846341
                                                 ],
                                                 [
                                                     -3.883645023947679,
                                                     52.733069535618434
                                                 ],
                                                 [
                                                     -3.883969788867381,
                                                     52.733147067337001
                                                 ],
                                                 [
                                                     -3.884370575440151,
                                                     52.733305272275672
                                                 ],
                                                 [
                                                     -3.884501191013171,
                                                     52.733343644070942
                                                 ],
                                                 [
                                                     -3.884705243667777,
                                                     52.733337702836891
                                                 ],
                                                 [
                                                     -3.885885008436428,
                                                     52.733285684042613
                                                 ],
                                                 [
                                                     -3.886463414934725,
                                                     52.733201788483193
                                                 ],
                                                 [
                                                     -3.886784616241916,
                                                     52.733196676625035
                                                 ],
                                                 [
                                                     -3.887100971900438,
                                                     52.733215100007456
                                                 ],
                                                 [
                                                     -3.887278430670665,
                                                     52.733243733987806
                                                 ],
                                                 [
                                                     -3.887665136615374,
                                                     52.733349931269082
                                                 ],
                                                 [
                                                     -3.888115100840329,
                                                     52.733515430532677
                                                 ],
                                                 [
                                                     -3.888661316010283,
                                                     52.733678405686334
                                                 ],
                                                 [
                                                     -3.889251027247471,
                                                     52.733819203274457
                                                 ],
                                                 [
                                                     -3.889511936892669,
                                                     52.73385998666749
                                                 ],
                                                 [
                                                     -3.889718679143732,
                                                     52.733811749435276
                                                 ],
                                                 [
                                                     -3.89090390762835,
                                                     52.733510527560334
                                                 ],
                                                 [
                                                     -3.89122989160935,
                                                     52.733409961177706
                                                 ],
                                                 [
                                                     -3.891266364019928,
                                                     52.733397694763873
                                                 ],
                                                 [
                                                     -3.891291231706851,
                                                     52.733391006209345
                                                 ],
                                                 [
                                                     -3.891557694850125,
                                                     52.733317544755643
                                                 ],
                                                 [
                                                     -3.892024548090216,
                                                     52.733257962729503
                                                 ],
                                                 [
                                                     -3.892479192405533,
                                                     52.733221043759336
                                                 ],
                                                 [
                                                     -3.892850181558532,
                                                     52.733237591520286
                                                 ],
                                                 [
                                                     -3.893480423783771,
                                                     52.733287748336096
                                                 ],
                                                 [
                                                     -3.893776012738428,
                                                     52.733274936630814
                                                 ],
                                                 [
                                                     -3.89434120241126,
                                                     52.733224560829079
                                                 ],
                                                 [
                                                     -3.894576941484329,
                                                     52.733197423505501
                                                 ],
                                                 [
                                                     -3.894858536198842,
                                                     52.733098545480075
                                                 ],
                                                 [
                                                     -3.895776449384526,
                                                     52.732714270759914
                                                 ],
                                                 [
                                                     -3.896136940696057,
                                                     52.732556602436695
                                                 ],
                                                 [
                                                     -3.896281126853471,
                                                     52.732499467863647
                                                 ],
                                                 [
                                                     -3.896321559514617,
                                                     52.732477248355366
                                                 ],
                                                 [
                                                     -3.896421281876573,
                                                     52.732419835880101
                                                 ],
                                                 [
                                                     -3.896483162737446,
                                                     52.732413453185565
                                                 ],
                                                 [
                                                     -3.897288389640608,
                                                     52.732331358281158
                                                 ],
                                                 [
                                                     -3.898036218923841,
                                                     52.732294219656914
                                                 ],
                                                 [
                                                     -3.898454256858548,
                                                     52.732269549220732
                                                 ],
                                                 [
                                                     -3.90029029961733,
                                                     52.732258107493472
                                                 ],
                                                 [
                                                     -3.901823825237854,
                                                     52.732271265623936
                                                 ],
                                                 [
                                                     -3.902311246624385,
                                                     52.73227512935847
                                                 ],
                                                 [
                                                     -3.90249699353389,
                                                     52.732289223964685
                                                 ],
                                                 [
                                                     -3.902600295074621,
                                                     52.732347880535215
                                                 ],
                                                 [
                                                     -3.902689962121653,
                                                     52.732432728745472
                                                 ],
                                                 [
                                                     -3.902767766370578,
                                                     52.732486309072279
                                                 ],
                                                 [
                                                     -3.902936857462183,
                                                     52.732558197659891
                                                 ],
                                                 [
                                                     -3.903259968616757,
                                                     52.732597053227003
                                                 ],
                                                 [
                                                     -3.90335964754571,
                                                     52.732608935549159
                                                 ],
                                                 [
                                                     -3.903540386022119,
                                                     52.732676231633256
                                                 ],
                                                 [
                                                     -3.904358983705088,
                                                     52.732836558813588
                                                 ],
                                                 [
                                                     -3.90524250765909,
                                                     52.733023790487685
                                                 ],
                                                 [
                                                     -3.905567887164881,
                                                     52.733047323314686
                                                 ],
                                                 [
                                                     -3.905593755686025,
                                                     52.73309724210548
                                                 ],
                                                 [
                                                     -3.905917803388189,
                                                     52.733090234434592
                                                 ],
                                                 [
                                                     -3.906094631049957,
                                                     52.733137725950762
                                                 ],
                                                 [
                                                     -3.906263808463148,
                                                     52.733211406629309
                                                 ],
                                                 [
                                                     -3.906636359123409,
                                                     52.733297186182533
                                                 ],
                                                 [
                                                     -3.906770856889825,
                                                     52.733460407710318
                                                 ],
                                                 [
                                                     -3.906790881964432,
                                                     52.733580619351443
                                                 ],
                                                 [
                                                     -3.906830785982359,
                                                     52.733680646746798
                                                 ],
                                                 [
                                                     -3.906897037663377,
                                                     52.73373800478754
                                                 ],
                                                 [
                                                     -3.907047443211427,
                                                     52.733826367262367
                                                 ],
                                                 [
                                                     -3.907038443573761,
                                                     52.734059399602629
                                                 ],
                                                 [
                                                     -3.906959701112465,
                                                     52.734155133637969
                                                 ],
                                                 [
                                                     -3.906988618736626,
                                                     52.734207699451609
                                                 ],
                                                 [
                                                     -3.907097747419918,
                                                     52.734265266721756
                                                 ],
                                                 [
                                                     -3.907164941623922,
                                                     52.734344182206385
                                                 ],
                                                 [
                                                     -3.907069819054828,
                                                     52.734506692670791
                                                 ],
                                                 [
                                                     -3.90705703356788,
                                                     52.73458869211548
                                                 ],
                                                 [
                                                     -3.907012389407264,
                                                     52.734651430388105
                                                 ],
                                                 [
                                                     -3.906919568440635,
                                                     52.734696067236591
                                                 ],
                                                 [
                                                     -3.906771349158973,
                                                     52.734761369656596
                                                 ],
                                                 [
                                                     -3.906822382728072,
                                                     52.735049163667618
                                                 ],
                                                 [
                                                     -3.906891803799827,
                                                     52.735212623514379
                                                 ],
                                                 [
                                                     -3.906795158268787,
                                                     52.735306757299377
                                                 ],
                                                 [
                                                     -3.906657494211791,
                                                     52.735409640737693
                                                 ],
                                                 [
                                                     -3.906528961440134,
                                                     52.735453144258585
                                                 ],
                                                 [
                                                     -3.906351572608188,
                                                     52.735493747933972
                                                 ],
                                                 [
                                                     -3.906212137643091,
                                                     52.735558908362158
                                                 ],
                                                 [
                                                     -3.906068822408238,
                                                     52.735633119206369
                                                 ],
                                                 [
                                                     -3.905910735025686,
                                                     52.735710263737253
                                                 ],
                                                 [
                                                     -3.905559455498672,
                                                     52.735840938136313
                                                 ],
                                                 [
                                                     -3.905242939958792,
                                                     52.735953885566609
                                                 ],
                                                 [
                                                     -3.905148547273191,
                                                     52.735962593477964
                                                 ],
                                                 [
                                                     -3.904924430535679,
                                                     52.735920354037304
                                                 ],
                                                 [
                                                     -3.904751369227264,
                                                     52.73592583117496
                                                 ],
                                                 [
                                                     -3.904633927422859,
                                                     52.735949290839393
                                                 ],
                                                 [
                                                     -3.904433910991932,
                                                     52.736017219732048
                                                 ],
                                                 [
                                                     -3.904353353940597,
                                                     52.736071544787542
                                                 ],
                                                 [
                                                     -3.904327793666438,
                                                     52.736129570797033
                                                 ],
                                                 [
                                                     -3.904316272205255,
                                                     52.736207055037838
                                                 ],
                                                 [
                                                     -3.904250604101702,
                                                     52.736261140846615
                                                 ],
                                                 [
                                                     -3.904199049325805,
                                                     52.736269159877743
                                                 ],
                                                 [
                                                     -3.904108618253952,
                                                     52.73626791604071
                                                 ],
                                                 [
                                                     -3.903902343616349,
                                                     52.736259544468204
                                                 ],
                                                 [
                                                     -3.903786270706192,
                                                     52.736314439513883
                                                 ],
                                                 [
                                                     -3.903658658947856,
                                                     52.736410056949076
                                                 ],
                                                 [
                                                     -3.903589589445809,
                                                     52.736526216140483
                                                 ],
                                                 [
                                                     -3.903576293433645,
                                                     52.736593842410834
                                                 ],
                                                 [
                                                     -3.903464518682366,
                                                     52.736680127224773
                                                 ],
                                                 [
                                                     -3.903227739556613,
                                                     52.736787384240074
                                                 ],
                                                 [
                                                     -3.903088260579501,
                                                     52.736848946172138
                                                 ],
                                                 [
                                                     -3.903089943525309,
                                                     52.736887569175131
                                                 ],
                                                 [
                                                     -3.903095784952974,
                                                     52.736920731788466
                                                 ],
                                                 [
                                                     -3.903114975926803,
                                                     52.737021991946271
                                                 ],
                                                 [
                                                     -3.903073153878792,
                                                     52.737048818710193
                                                 ],
                                                 [
                                                     -3.902762715182515,
                                                     52.737096946350661
                                                 ],
                                                 [
                                                     -3.902531613068548,
                                                     52.737163573621878
                                                 ],
                                                 [
                                                     -3.902278995647846,
                                                     52.737179312026029
                                                 ],
                                                 [
                                                     -3.902185461759837,
                                                     52.737207777424629
                                                 ],
                                                 [
                                                     -3.902072937992887,
                                                     52.737276995622629
                                                 ],
                                                 [
                                                     -3.90195359700379,
                                                     52.737360704001539
                                                 ],
                                                 [
                                                     -3.90175146571293,
                                                     52.7374476275794
                                                 ],
                                                 [
                                                     -3.901615165042942,
                                                     52.737481273112408
                                                 ],
                                                 [
                                                     -3.901523697692322,
                                                     52.737489931183106
                                                 ],
                                                 [
                                                     -3.901346000133854,
                                                     52.737490084935388
                                                 ],
                                                 [
                                                     -3.901204171691167,
                                                     52.737497752283126
                                                 ],
                                                 [
                                                     -3.901066053114785,
                                                     52.737523337238017
                                                 ],
                                                 [
                                                     -3.900870221761298,
                                                     52.737586698360083
                                                 ],
                                                 [
                                                     -3.900764927581482,
                                                     52.737684562098394
                                                 ],
                                                 [
                                                     -3.900753170597393,
                                                     52.737744806993248
                                                 ],
                                                 [
                                                     -3.900664372315668,
                                                     52.737730160393504
                                                 ],
                                                 [
                                                     -3.900560025666909,
                                                     52.73771665399218
                                                 ],
                                                 [
                                                     -3.90044003452401,
                                                     52.737726588472107
                                                 ],
                                                 [
                                                     -3.900343006108846,
                                                     52.737744891181073
                                                 ],
                                                 [
                                                     -3.90025798929401,
                                                     52.737808674048821
                                                 ],
                                                 [
                                                     -3.899946478102545,
                                                     52.738028334053482
                                                 ],
                                                 [
                                                     -3.899732381998703,
                                                     52.738180966018767
                                                 ],
                                                 [
                                                     -3.899400415021181,
                                                     52.738391816703178
                                                 ],
                                                 [
                                                     -3.899083419969174,
                                                     52.738600904437526
                                                 ],
                                                 [
                                                     -3.898688522344351,
                                                     52.738864525222354
                                                 ],
                                                 [
                                                     -3.898453770267305,
                                                     52.739003783524396
                                                 ],
                                                 [
                                                     -3.898261688372896,
                                                     52.739086027581003
                                                 ],
                                                 [
                                                     -3.897467498332147,
                                                     52.739397143321199
                                                 ],
                                                 [
                                                     -3.896907072216331,
                                                     52.73960403151785
                                                 ],
                                                 [
                                                     -3.896450665560369,
                                                     52.739780325864274
                                                 ],
                                                 [
                                                     -3.896189051151578,
                                                     52.739878903018607
                                                 ],
                                                 [
                                                     -3.895642660940041,
                                                     52.740062723828686
                                                 ],
                                                 [
                                                     -3.895333017967076,
                                                     52.740152931401568
                                                 ],
                                                 [
                                                     -3.894604619356587,
                                                     52.740362493844543
                                                 ],
                                                 [
                                                     -3.894184082320098,
                                                     52.7404986228903
                                                 ],
                                                 [
                                                     -3.893783727628353,
                                                     52.74063747233852
                                                 ],
                                                 [
                                                     -3.893603241808416,
                                                     52.740698208830999
                                                 ],
                                                 [
                                                     -3.893364768104908,
                                                     52.740752258588806
                                                 ],
                                                 [
                                                     -3.892986377458223,
                                                     52.740819198918338
                                                 ],
                                                 [
                                                     -3.892535288765451,
                                                     52.740887299468355
                                                 ],
                                                 [
                                                     -3.892074303821958,
                                                     52.74095860053891
                                                 ],
                                                 [
                                                     -3.891947380983165,
                                                     52.740981940752221
                                                 ],
                                                 [
                                                     -3.891600643839563,
                                                     52.741095663425334
                                                 ],
                                                 [
                                                     -3.891202252281026,
                                                     52.741218582274108
                                                 ],
                                                 [
                                                     -3.89031959851233,
                                                     52.741472921163393
                                                 ],
                                                 [
                                                     -3.890010180459785,
                                                     52.741547171185289
                                                 ],
                                                 [
                                                     -3.889925426991672,
                                                     52.741567509203058
                                                 ],
                                                 [
                                                     -3.8892949119736,
                                                     52.741716965682976
                                                 ],
                                                 [
                                                     -3.888907081174575,
                                                     52.74172494370243
                                                 ],
                                                 [
                                                     -3.887875700531468,
                                                     52.74178451547715
                                                 ],
                                                 [
                                                     -3.887508124674376,
                                                     52.741814636321806
                                                 ],
                                                 [
                                                     -3.886400199454474,
                                                     52.74195720817476
                                                 ],
                                                 [
                                                     -3.88619311724575,
                                                     52.742032499067498
                                                 ],
                                                 [
                                                     -3.886039531840932,
                                                     52.74214729580229
                                                 ],
                                                 [
                                                     -3.885873715761656,
                                                     52.742253298728102
                                                 ],
                                                 [
                                                     -3.88550749187879,
                                                     52.742314850822645
                                                 ],
                                                 [
                                                     -3.884957689544205,
                                                     52.74237941060133
                                                 ],
                                                 [
                                                     -3.884498671257942,
                                                     52.742453221218021
                                                 ],
                                                 [
                                                     -3.884475146719063,
                                                     52.742457190590315
                                                 ],
                                                 [
                                                     -3.884482340496549,
                                                     52.742555947747611
                                                 ],
                                                 [
                                                     -3.884483232041452,
                                                     52.742576606242871
                                                 ],
                                                 [
                                                     -3.884190816723807,
                                                     52.742596533859306
                                                 ],
                                                 [
                                                     -3.884105199623287,
                                                     52.742602389051761
                                                 ],
                                                 [
                                                     -3.883693059920016,
                                                     52.742596354500769
                                                 ],
                                                 [
                                                     -3.883144224655954,
                                                     52.742547548201003
                                                 ],
                                                 [
                                                     -3.882540388947494,
                                                     52.742458267405361
                                                 ],
                                                 [
                                                     -3.880853689839074,
                                                     52.742404952359117
                                                 ],
                                                 [
                                                     -3.879602971029038,
                                                     52.742360970984699
                                                 ],
                                                 [
                                                     -3.878712527995719,
                                                     52.742463259848023
                                                 ],
                                                 [
                                                     -3.877682930640434,
                                                     52.74256495972292
                                                 ],
                                                 [
                                                     -3.877379901909429,
                                                     52.74254549058999
                                                 ],
                                                 [
                                                     -3.877020554634257,
                                                     52.742457612737084
                                                 ],
                                                 [
                                                     -3.876460386172582,
                                                     52.742247166581201
                                                 ],
                                                 [
                                                     -3.875755784228034,
                                                     52.741984084325466
                                                 ],
                                                 [
                                                     -3.875491477831177,
                                                     52.741901978015974
                                                 ],
                                                 [
                                                     -3.875120340689115,
                                                     52.741849335350842
                                                 ],
                                                 [
                                                     -3.874751713332085,
                                                     52.741855165126516
                                                 ],
                                                 [
                                                     -3.874373986655611,
                                                     52.741925044502167
                                                 ],
                                                 [
                                                     -3.873502435177276,
                                                     52.742154538655669
                                                 ],
                                                 [
                                                     -3.87218887898319,
                                                     52.742510640952958
                                                 ],
                                                 [
                                                     -3.871695582210739,
                                                     52.742685701620758
                                                 ],
                                                 [
                                                     -3.871191832279583,
                                                     52.74289058594799
                                                 ],
                                                 [
                                                     -3.871153876142702,
                                                     52.742905566743246
                                                 ],
                                                 [
                                                     -3.870536486823284,
                                                     52.743189450499891
                                                 ],
                                                 [
                                                     -3.870038194356273,
                                                     52.743453567031651
                                                 ],
                                                 [
                                                     -3.869726694416498,
                                                     52.74361856082654
                                                 ],
                                                 [
                                                     -3.869234790237676,
                                                     52.743895155817526
                                                 ],
                                                 [
                                                     -3.869146878294622,
                                                     52.743987323142107
                                                 ],
                                                 [
                                                     -3.869062272587628,
                                                     52.74415673782687
                                                 ],
                                                 [
                                                     -3.868602831740438,
                                                     52.744187438840889
                                                 ],
                                                 [
                                                     -3.867893651582084,
                                                     52.744230972101548
                                                 ],
                                                 [
                                                     -3.867316022505085,
                                                     52.744271530152034
                                                 ],
                                                 [
                                                     -3.866592830143599,
                                                     52.744335948909224
                                                 ],
                                                 [
                                                     -3.865881502329419,
                                                     52.744469386082137
                                                 ],
                                                 [
                                                     -3.865299924411778,
                                                     52.744589183095421
                                                 ],
                                                 [
                                                     -3.864486001917762,
                                                     52.744851858725795
                                                 ],
                                                 [
                                                     -3.862729823111445,
                                                     52.745430623345229
                                                 ],
                                                 [
                                                     -3.859778669593235,
                                                     52.746474017980589
                                                 ],
                                                 [
                                                     -3.858611277545579,
                                                     52.74686012296641
                                                 ],
                                                 [
                                                     -3.858052155468295,
                                                     52.747020788135949
                                                 ],
                                                 [
                                                     -3.85793480424881,
                                                     52.746840975027574
                                                 ],
                                                 [
                                                     -3.857810084096872,
                                                     52.746797987935118
                                                 ],
                                                 [
                                                     -3.857758385714908,
                                                     52.746731386717656
                                                 ]
                                             ]
                                         ]
                                     ]
                 }
}