{
    "type":  "Feature",
    "properties":  {
                       "Name":  "Gogledd Dolgellau ED",
                       "Area_Code":  "UTE",
                       "Area_Description":  "Unitary Authority Electoral Division",
                       "File_Name":  "GWYNEDD_-_GWYNEDD",
                       "Feature_Serial_Number":  251,
                       "Collection_Serial_Number":  251,
                       "Global_Polygon_ID":  142518,
                       "Admin_Unit_ID":  182763,
                       "Census_Code":  "W05001537",
                       "Hectares":  3314.475,
                       "Non_Inland_Area":  40.538,
                       "Area_Type_Code":  "VA",
                       "Area_Type_Description":  "CIVIL VOTING AREA",
                       "Non_Area_Type_Code":  null,
                       "Non_Area_Type_Description":  null
                   },
    "geometry":  {
                     "type":  "MultiPolygon",
                     "coordinates":  [
                                         [
                                             [
                                                 [
                                                     -3.961343476520038,
                                                     52.748287318081246
                                                 ],
                                                 [
                                                     -3.960276833030262,
                                                     52.748945206222459
                                                 ],
                                                 [
                                                     -3.9596603141643,
                                                     52.7493270884423
                                                 ],
                                                 [
                                                     -3.959077761647877,
                                                     52.749524696780107
                                                 ],
                                                 [
                                                     -3.957866594144047,
                                                     52.749835219948359
                                                 ],
                                                 [
                                                     -3.956833790577178,
                                                     52.750198327549569
                                                 ],
                                                 [
                                                     -3.955839398623727,
                                                     52.750633420297078
                                                 ],
                                                 [
                                                     -3.955258762446078,
                                                     52.751031777135537
                                                 ],
                                                 [
                                                     -3.954635096914057,
                                                     52.751255675353484
                                                 ],
                                                 [
                                                     -3.953661194282724,
                                                     52.751677595070561
                                                 ],
                                                 [
                                                     -3.952412104571597,
                                                     52.752086949404124
                                                 ],
                                                 [
                                                     -3.951699396173175,
                                                     52.752209763770011
                                                 ],
                                                 [
                                                     -3.951180257697604,
                                                     52.752252486323975
                                                 ],
                                                 [
                                                     -3.949917757958495,
                                                     52.752204898968621
                                                 ],
                                                 [
                                                     -3.948623495722813,
                                                     52.752076647402212
                                                 ],
                                                 [
                                                     -3.947943467010965,
                                                     52.751985286549029
                                                 ],
                                                 [
                                                     -3.947103506672629,
                                                     52.751781196566434
                                                 ],
                                                 [
                                                     -3.945581065587241,
                                                     52.751430226958462
                                                 ],
                                                 [
                                                     -3.94402061726573,
                                                     52.751015777423817
                                                 ],
                                                 [
                                                     -3.942565353936589,
                                                     52.75059103922424
                                                 ],
                                                 [
                                                     -3.941750170912037,
                                                     52.750309604507528
                                                 ],
                                                 [
                                                     -3.940943361547825,
                                                     52.750057932764655
                                                 ],
                                                 [
                                                     -3.940104262099244,
                                                     52.749554719022264
                                                 ],
                                                 [
                                                     -3.939130366993192,
                                                     52.749028071045181
                                                 ],
                                                 [
                                                     -3.93869687935988,
                                                     52.748620747988696
                                                 ],
                                                 [
                                                     -3.938228010291958,
                                                     52.748367804064578
                                                 ],
                                                 [
                                                     -3.937821114533075,
                                                     52.748242014551224
                                                 ],
                                                 [
                                                     -3.937407350544397,
                                                     52.748278683107003
                                                 ],
                                                 [
                                                     -3.936715198662331,
                                                     52.748388254209921
                                                 ],
                                                 [
                                                     -3.93606714832206,
                                                     52.748539823224583
                                                 ],
                                                 [
                                                     -3.935525005092757,
                                                     52.748698205629566
                                                 ],
                                                 [
                                                     -3.935237840301022,
                                                     52.748890873520409
                                                 ],
                                                 [
                                                     -3.935141201130399,
                                                     52.749093248572109
                                                 ],
                                                 [
                                                     -3.935207105006858,
                                                     52.749468134244715
                                                 ],
                                                 [
                                                     -3.935340683013683,
                                                     52.749940177808142
                                                 ],
                                                 [
                                                     -3.935285466704487,
                                                     52.750282861472762
                                                 ],
                                                 [
                                                     -3.934993458298548,
                                                     52.750843024914403
                                                 ],
                                                 [
                                                     -3.934643486436556,
                                                     52.751207608236911
                                                 ],
                                                 [
                                                     -3.93392056432928,
                                                     52.751736348845149
                                                 ],
                                                 [
                                                     -3.932899652266618,
                                                     52.752214402772587
                                                 ],
                                                 [
                                                     -3.932040026127595,
                                                     52.752518928636405
                                                 ],
                                                 [
                                                     -3.930593362212064,
                                                     52.752764652218488
                                                 ],
                                                 [
                                                     -3.928097090996097,
                                                     52.75315987152711
                                                 ],
                                                 [
                                                     -3.927468187002318,
                                                     52.753255429515093
                                                 ],
                                                 [
                                                     -3.927183689296124,
                                                     52.753323062282703
                                                 ],
                                                 [
                                                     -3.926717346262647,
                                                     52.753434006926597
                                                 ],
                                                 [
                                                     -3.92626835141366,
                                                     52.753567138822014
                                                 ],
                                                 [
                                                     -3.925577706932393,
                                                     52.75373124911566
                                                 ],
                                                 [
                                                     -3.925126959781533,
                                                     52.753827552321184
                                                 ],
                                                 [
                                                     -3.924717802887824,
                                                     52.753855763154625
                                                 ],
                                                 [
                                                     -3.924717681780043,
                                                     52.753855772313287
                                                 ],
                                                 [
                                                     -3.924335418727618,
                                                     52.753889837077026
                                                 ],
                                                 [
                                                     -3.924007974177046,
                                                     52.753923015568269
                                                 ],
                                                 [
                                                     -3.923716726561156,
                                                     52.753973581365081
                                                 ],
                                                 [
                                                     -3.923420730956042,
                                                     52.754049480674347
                                                 ],
                                                 [
                                                     -3.923177135047482,
                                                     52.754136124875181
                                                 ],
                                                 [
                                                     -3.922895111750924,
                                                     52.754293500036702
                                                 ],
                                                 [
                                                     -3.922671156504669,
                                                     52.754490471030977
                                                 ],
                                                 [
                                                     -3.922313704749677,
                                                     52.754821733387551
                                                 ],
                                                 [
                                                     -3.922122817857498,
                                                     52.755028952634134
                                                 ],
                                                 [
                                                     -3.921846086246811,
                                                     52.755373286741666
                                                 ],
                                                 [
                                                     -3.921546421094249,
                                                     52.755602042655163
                                                 ],
                                                 [
                                                     -3.921231267235354,
                                                     52.755781522459124
                                                 ],
                                                 [
                                                     -3.920581826833285,
                                                     52.75607796199575
                                                 ],
                                                 [
                                                     -3.91981814612831,
                                                     52.756335800373229
                                                 ],
                                                 [
                                                     -3.919100206647025,
                                                     52.756555951702303
                                                 ],
                                                 [
                                                     -3.918446400021359,
                                                     52.756750881820359
                                                 ],
                                                 [
                                                     -3.918149661683028,
                                                     52.756810510764439
                                                 ],
                                                 [
                                                     -3.917912941398811,
                                                     52.75682063180988
                                                 ],
                                                 [
                                                     -3.917618830139858,
                                                     52.756803816929107
                                                 ],
                                                 [
                                                     -3.917342429296302,
                                                     52.756753458576547
                                                 ],
                                                 [
                                                     -3.9172080835911,
                                                     52.756663050944553
                                                 ],
                                                 [
                                                     -3.917117222692671,
                                                     52.756586231987491
                                                 ],
                                                 [
                                                     -3.916980640516938,
                                                     52.756378113918409
                                                 ],
                                                 [
                                                     -3.916936014960718,
                                                     52.756305131761273
                                                 ],
                                                 [
                                                     -3.916804271304063,
                                                     52.756040219005513
                                                 ],
                                                 [
                                                     -3.916814464609849,
                                                     52.755935699785915
                                                 ],
                                                 [
                                                     -3.916822777933232,
                                                     52.75575220360421
                                                 ],
                                                 [
                                                     -3.916844492621313,
                                                     52.755470429039924
                                                 ],
                                                 [
                                                     -3.916814366405357,
                                                     52.75512387709459
                                                 ],
                                                 [
                                                     -3.916725716576233,
                                                     52.754924781195378
                                                 ],
                                                 [
                                                     -3.916549354004362,
                                                     52.754586885775161
                                                 ],
                                                 [
                                                     -3.916487947716572,
                                                     52.754437772884422
                                                 ],
                                                 [
                                                     -3.916454870490791,
                                                     52.754224296691945
                                                 ],
                                                 [
                                                     -3.916423947560485,
                                                     52.753926294759076
                                                 ],
                                                 [
                                                     -3.916281800853021,
                                                     52.753657954089292
                                                 ],
                                                 [
                                                     -3.91610291796765,
                                                     52.753295829644969
                                                 ],
                                                 [
                                                     -3.91591386104585,
                                                     52.753108242988468
                                                 ],
                                                 [
                                                     -3.915859562679429,
                                                     52.753087548555271
                                                 ],
                                                 [
                                                     -3.915806771401586,
                                                     52.753065031569662
                                                 ],
                                                 [
                                                     -3.915629345816399,
                                                     52.752972621908768
                                                 ],
                                                 [
                                                     -3.91548849110013,
                                                     52.752803131253863
                                                 ],
                                                 [
                                                     -3.915456698799722,
                                                     52.752752411226659
                                                 ],
                                                 [
                                                     -3.915408559510088,
                                                     52.752635442529638
                                                 ],
                                                 [
                                                     -3.915359235626063,
                                                     52.75249143758802
                                                 ],
                                                 [
                                                     -3.915265105638563,
                                                     52.752406669967485
                                                 ],
                                                 [
                                                     -3.915062653161695,
                                                     52.752317361009844
                                                 ],
                                                 [
                                                     -3.91504594241906,
                                                     52.752306844557275
                                                 ],
                                                 [
                                                     -3.915023407141357,
                                                     52.7523000185301
                                                 ],
                                                 [
                                                     -3.914976556825725,
                                                     52.752279202503033
                                                 ],
                                                 [
                                                     -3.91483730356455,
                                                     52.752246397868255
                                                 ],
                                                 [
                                                     -3.914645483316761,
                                                     52.752232327511365
                                                 ],
                                                 [
                                                     -3.914584411469687,
                                                     52.752224325519947
                                                 ],
                                                 [
                                                     -3.914405592381776,
                                                     52.752200248371359
                                                 ],
                                                 [
                                                     -3.91410888621768,
                                                     52.752226610527025
                                                 ],
                                                 [
                                                     -3.913989703782454,
                                                     52.752244713612789
                                                 ],
                                                 [
                                                     -3.913232771352099,
                                                     52.752388249173471
                                                 ],
                                                 [
                                                     -3.91267719115864,
                                                     52.752557204695933
                                                 ],
                                                 [
                                                     -3.912507776808118,
                                                     52.752613957399355
                                                 ],
                                                 [
                                                     -3.912033228654126,
                                                     52.752775310953275
                                                 ],
                                                 [
                                                     -3.91156859670477,
                                                     52.753026475300587
                                                 ],
                                                 [
                                                     -3.911364314048159,
                                                     52.753098978576716
                                                 ],
                                                 [
                                                     -3.911031330282034,
                                                     52.753212205899921
                                                 ],
                                                 [
                                                     -3.910948750188461,
                                                     52.753084105138136
                                                 ],
                                                 [
                                                     -3.91088784275551,
                                                     52.752912421513635
                                                 ],
                                                 [
                                                     -3.910780624878405,
                                                     52.752528461586579
                                                 ],
                                                 [
                                                     -3.910678070421113,
                                                     52.752317989859151
                                                 ],
                                                 [
                                                     -3.910343370201661,
                                                     52.752118359604779
                                                 ],
                                                 [
                                                     -3.909961822480064,
                                                     52.752034623827704
                                                 ],
                                                 [
                                                     -3.909681649507095,
                                                     52.751997700512227
                                                 ],
                                                 [
                                                     -3.909472958643423,
                                                     52.752002859776461
                                                 ],
                                                 [
                                                     -3.90906745595592,
                                                     52.75201388322354
                                                 ],
                                                 [
                                                     -3.908866926117379,
                                                     52.752004528215643
                                                 ],
                                                 [
                                                     -3.908437908819515,
                                                     52.751986267192244
                                                 ],
                                                 [
                                                     -3.908216455794845,
                                                     52.751903544287103
                                                 ],
                                                 [
                                                     -3.908103331255145,
                                                     52.751822672223511
                                                 ],
                                                 [
                                                     -3.907896012923977,
                                                     52.751758596691559
                                                 ],
                                                 [
                                                     -3.907405334293486,
                                                     52.751718763358809
                                                 ],
                                                 [
                                                     -3.907093409524145,
                                                     52.751771509016081
                                                 ],
                                                 [
                                                     -3.906884522825504,
                                                     52.751872840424213
                                                 ],
                                                 [
                                                     -3.906739974391788,
                                                     52.751936015302725
                                                 ],
                                                 [
                                                     -3.906190680594104,
                                                     52.751953876213662
                                                 ],
                                                 [
                                                     -3.906138936354688,
                                                     52.751955562227941
                                                 ],
                                                 [
                                                     -3.90603759660663,
                                                     52.751959277262813
                                                 ],
                                                 [
                                                     -3.906032695252729,
                                                     52.751959014402466
                                                 ],
                                                 [
                                                     -3.905986057964026,
                                                     52.751956509424829
                                                 ],
                                                 [
                                                     -3.9059345193274,
                                                     52.751953741564435
                                                 ],
                                                 [
                                                     -3.905882980696745,
                                                     52.751950973681545
                                                 ],
                                                 [
                                                     -3.90583144991746,
                                                     52.7519483854675
                                                 ],
                                                 [
                                                     -3.905505991528494,
                                                     52.751932766609499
                                                 ],
                                                 [
                                                     -3.905379597513957,
                                                     52.751926697078282
                                                 ],
                                                 [
                                                     -3.905279582877286,
                                                     52.751920032689988
                                                 ],
                                                 [
                                                     -3.90521186153817,
                                                     52.751913829313203
                                                 ],
                                                 [
                                                     -3.905180202762728,
                                                     52.751910930487249
                                                 ],
                                                 [
                                                     -3.905081196328935,
                                                     52.751900203841011
                                                 ],
                                                 [
                                                     -3.904995996964391,
                                                     52.751897553846945
                                                 ],
                                                 [
                                                     -3.904978102382652,
                                                     52.751896996215244
                                                 ],
                                                 [
                                                     -3.904921813741422,
                                                     52.75187807571605
                                                 ],
                                                 [
                                                     -3.90489844253409,
                                                     52.751854904120002
                                                 ],
                                                 [
                                                     -3.904879895788561,
                                                     52.751810810581688
                                                 ],
                                                 [
                                                     -3.904872204595764,
                                                     52.751792524446742
                                                 ],
                                                 [
                                                     -3.904843119662964,
                                                     52.751665240475738
                                                 ],
                                                 [
                                                     -3.904831155086395,
                                                     52.751564914788467
                                                 ],
                                                 [
                                                     -3.904436998006506,
                                                     52.751610841386345
                                                 ],
                                                 [
                                                     -3.904346580503505,
                                                     52.751608837572775
                                                 ],
                                                 [
                                                     -3.90419674944863,
                                                     52.751604952181793
                                                 ],
                                                 [
                                                     -3.904270472434046,
                                                     52.751393352179846
                                                 ],
                                                 [
                                                     -3.904338192671815,
                                                     52.751245755623536
                                                 ],
                                                 [
                                                     -3.904342880079983,
                                                     52.751117956964194
                                                 ],
                                                 [
                                                     -3.904242028628548,
                                                     52.750979358769889
                                                 ],
                                                 [
                                                     -3.903992431491206,
                                                     52.750895281886905
                                                 ],
                                                 [
                                                     -3.903904469509818,
                                                     52.750884110784646
                                                 ],
                                                 [
                                                     -3.903617651038938,
                                                     52.750865347074438
                                                 ],
                                                 [
                                                     -3.903368885088431,
                                                     52.750867542694884
                                                 ],
                                                 [
                                                     -3.90303041498421,
                                                     52.750852213189972
                                                 ],
                                                 [
                                                     -3.902793525452894,
                                                     52.750857812427341
                                                 ],
                                                 [
                                                     -3.902613923387424,
                                                     52.750919208992819
                                                 ],
                                                 [
                                                     -3.902499096520053,
                                                     52.750936331539712
                                                 ],
                                                 [
                                                     -3.902331564516281,
                                                     52.750932727835774
                                                 ],
                                                 [
                                                     -3.902253516687659,
                                                     52.750978022710484
                                                 ],
                                                 [
                                                     -3.902090615580522,
                                                     52.750979737088102
                                                 ],
                                                 [
                                                     -3.902052663333944,
                                                     52.75099472772137
                                                 ],
                                                 [
                                                     -3.901816425557199,
                                                     52.751046154468071
                                                 ],
                                                 [
                                                     -3.901602458695967,
                                                     52.751067563588862
                                                 ],
                                                 [
                                                     -3.900917039013962,
                                                     52.750979683038054
                                                 ],
                                                 [
                                                     -3.900662524730664,
                                                     52.750987358752859
                                                 ],
                                                 [
                                                     -3.900494579935463,
                                                     52.751010724465658
                                                 ],
                                                 [
                                                     -3.900424582175504,
                                                     52.751036114582575
                                                 ],
                                                 [
                                                     -3.900380162940212,
                                                     52.751070981936316
                                                 ],
                                                 [
                                                     -3.90012656848124,
                                                     52.751133469829306
                                                 ],
                                                 [
                                                     -3.900061846415952,
                                                     52.751212705068646
                                                 ],
                                                 [
                                                     -3.899817063730588,
                                                     52.751309297268854
                                                 ],
                                                 [
                                                     -3.899711733507568,
                                                     52.751339747627654
                                                 ],
                                                 [
                                                     -3.89950497760102,
                                                     52.751355643789665
                                                 ],
                                                 [
                                                     -3.89923932134462,
                                                     52.751379673087904
                                                 ],
                                                 [
                                                     -3.899028228021402,
                                                     52.751363280686846
                                                 ],
                                                 [
                                                     -3.898897780288568,
                                                     52.751397727159357
                                                 ],
                                                 [
                                                     -3.898858386580348,
                                                     52.751376786294266
                                                 ],
                                                 [
                                                     -3.898773178602665,
                                                     52.751395229027473
                                                 ],
                                                 [
                                                     -3.898688016536775,
                                                     52.751479285359636
                                                 ],
                                                 [
                                                     -3.898653895752742,
                                                     52.751512188962309
                                                 ],
                                                 [
                                                     -3.898304909851496,
                                                     52.751597863005387
                                                 ],
                                                 [
                                                     -3.898145971329571,
                                                     52.75158962125424
                                                 ],
                                                 [
                                                     -3.897954479284739,
                                                     52.751580103124944
                                                 ],
                                                 [
                                                     -3.897850982536696,
                                                     52.751585355255301
                                                 ],
                                                 [
                                                     -3.897596639500851,
                                                     52.751630772432584
                                                 ],
                                                 [
                                                     -3.897340728491858,
                                                     52.751642956968986
                                                 ],
                                                 [
                                                     -3.897141535404706,
                                                     52.751661424326947
                                                 ],
                                                 [
                                                     -3.896970165533846,
                                                     52.75170731066612
                                                 ],
                                                 [
                                                     -3.896770425573988,
                                                     52.751713202543606
                                                 ],
                                                 [
                                                     -3.896644396117876,
                                                     52.751711623196186
                                                 ],
                                                 [
                                                     -3.896105534226098,
                                                     52.751723837313733
                                                 ],
                                                 [
                                                     -3.895906281721861,
                                                     52.751707249092931
                                                 ],
                                                 [
                                                     -3.895773434530653,
                                                     52.751652747074154
                                                 ],
                                                 [
                                                     -3.895621259588261,
                                                     52.751594868567892
                                                 ],
                                                 [
                                                     -3.895340698594588,
                                                     52.751514864047955
                                                 ],
                                                 [
                                                     -3.895226122681632,
                                                     52.751504111947582
                                                 ],
                                                 [
                                                     -3.894984499733784,
                                                     52.751535837494039
                                                 ],
                                                 [
                                                     -3.894703210132731,
                                                     52.751540332874328
                                                 ],
                                                 [
                                                     -3.894555523974715,
                                                     52.751585837238061
                                                 ],
                                                 [
                                                     -3.894320411214621,
                                                     52.751595885643454
                                                 ],
                                                 [
                                                     -3.894118943128497,
                                                     52.75163236057427
                                                 ],
                                                 [
                                                     -3.893924108347195,
                                                     52.751649943714881
                                                 ],
                                                 [
                                                     -3.89375789891463,
                                                     52.751676867560775
                                                 ],
                                                 [
                                                     -3.89336178548555,
                                                     52.751735325334487
                                                 ],
                                                 [
                                                     -3.893202473572676,
                                                     52.751752251011773
                                                 ],
                                                 [
                                                     -3.892925045998951,
                                                     52.751778252244506
                                                 ],
                                                 [
                                                     -3.892639110313742,
                                                     52.751847532135386
                                                 ],
                                                 [
                                                     -3.892579898123632,
                                                     52.751848477305202
                                                 ],
                                                 [
                                                     -3.892368921543123,
                                                     52.751834767539869
                                                 ],
                                                 [
                                                     -3.892178061340901,
                                                     52.751876462557625
                                                 ],
                                                 [
                                                     -3.891861600502817,
                                                     52.751926454123577
                                                 ],
                                                 [
                                                     -3.891616139692061,
                                                     52.752005062845313
                                                 ],
                                                 [
                                                     -3.891467723658692,
                                                     52.752067652189368
                                                 ],
                                                 [
                                                     -3.89141395683168,
                                                     52.752092778005228
                                                 ],
                                                 [
                                                     -3.891416097432553,
                                                     52.752142180040046
                                                 ],
                                                 [
                                                     -3.891446045241683,
                                                     52.752184845786914
                                                 ],
                                                 [
                                                     -3.891349437932924,
                                                     52.752244810313677
                                                 ],
                                                 [
                                                     -3.891360697935523,
                                                     52.752335502101872
                                                 ],
                                                 [
                                                     -3.891359171492272,
                                                     52.752469452330558
                                                 ],
                                                 [
                                                     -3.891319893735547,
                                                     52.752555466757059
                                                 ],
                                                 [
                                                     -3.89127843501028,
                                                     52.752591182492971
                                                 ],
                                                 [
                                                     -3.89119397076745,
                                                     52.75262407864313
                                                 ],
                                                 [
                                                     -3.891135259590775,
                                                     52.752740963761518
                                                 ],
                                                 [
                                                     -3.890987825839873,
                                                     52.75286016296333
                                                 ],
                                                 [
                                                     -3.890793219260406,
                                                     52.752984697778409
                                                 ],
                                                 [
                                                     -3.89043043854468,
                                                     52.752992280625243
                                                 ],
                                                 [
                                                     -3.890320657421563,
                                                     52.753024590794269
                                                 ],
                                                 [
                                                     -3.890211491174545,
                                                     52.753034421135908
                                                 ],
                                                 [
                                                     -3.890118991039759,
                                                     52.753053872033789
                                                 ],
                                                 [
                                                     -3.889977691697208,
                                                     52.753074999813734
                                                 ],
                                                 [
                                                     -3.889821615049922,
                                                     52.753099059310664
                                                 ],
                                                 [
                                                     -3.889749837485456,
                                                     52.753154133116318
                                                 ],
                                                 [
                                                     -3.889673982043323,
                                                     52.753213765492134
                                                 ],
                                                 [
                                                     -3.889518293539646,
                                                     52.753246806546137
                                                 ],
                                                 [
                                                     -3.889370118855755,
                                                     52.753349028191913
                                                 ],
                                                 [
                                                     -3.889321560705531,
                                                     52.753392945413857
                                                 ],
                                                 [
                                                     -3.889332739983479,
                                                     52.753479054207517
                                                 ],
                                                 [
                                                     -3.889299077146504,
                                                     52.753522734966872
                                                 ],
                                                 [
                                                     -3.889196274300541,
                                                     52.753544146568458
                                                 ],
                                                 [
                                                     -3.889119712914365,
                                                     52.753590308054392
                                                 ],
                                                 [
                                                     -3.8889948218942,
                                                     52.753649013878032
                                                 ],
                                                 [
                                                     -3.888791368423313,
                                                     52.753673826779469
                                                 ],
                                                 [
                                                     -3.888555373505244,
                                                     52.753731515694938
                                                 ],
                                                 [
                                                     -3.888371483484732,
                                                     52.753762308056167
                                                 ],
                                                 [
                                                     -3.888263901698287,
                                                     52.753811659370619
                                                 ],
                                                 [
                                                     -3.888198571241857,
                                                     52.753877414950828
                                                 ],
                                                 [
                                                     -3.88795718989683,
                                                     52.753881258673658
                                                 ],
                                                 [
                                                     -3.887741537718501,
                                                     52.753861323277953
                                                 ],
                                                 [
                                                     -3.887589190233801,
                                                     52.753870040498711
                                                 ],
                                                 [
                                                     -3.887407962498948,
                                                     52.753891800829507
                                                 ],
                                                 [
                                                     -3.887250794022824,
                                                     52.753890707128079
                                                 ],
                                                 [
                                                     -3.887133632597549,
                                                     52.753888077393206
                                                 ],
                                                 [
                                                     -3.886917879779805,
                                                     52.753936452708722
                                                 ],
                                                 [
                                                     -3.886708475623559,
                                                     52.753925404146081
                                                 ],
                                                 [
                                                     -3.886615079061075,
                                                     52.753924193910258
                                                 ],
                                                 [
                                                     -3.886184418714353,
                                                     52.754006636063124
                                                 ],
                                                 [
                                                     -3.886068790362267,
                                                     52.753971623756044
                                                 ],
                                                 [
                                                     -3.885909970261357,
                                                     52.754000216223226
                                                 ],
                                                 [
                                                     -3.885707957015243,
                                                     52.754055560760165
                                                 ],
                                                 [
                                                     -3.885381607602566,
                                                     52.754151531905705
                                                 ],
                                                 [
                                                     -3.885145482532662,
                                                     52.754209216050135
                                                 ],
                                                 [
                                                     -3.884893651596361,
                                                     52.754245577680599
                                                 ],
                                                 [
                                                     -3.88474154137213,
                                                     52.754256983808311
                                                 ],
                                                 [
                                                     -3.88466701758608,
                                                     52.754279740102866
                                                 ],
                                                 [
                                                     -3.884453598335066,
                                                     52.754280435860878
                                                 ],
                                                 [
                                                     -3.884237030101199,
                                                     52.754310033768
                                                 ],
                                                 [
                                                     -3.884001159272016,
                                                     52.754302905632564
                                                 ],
                                                 [
                                                     -3.883915389154128,
                                                     52.754274607670105
                                                 ],
                                                 [
                                                     -3.883740544196636,
                                                     52.754203681424308
                                                 ],
                                                 [
                                                     -3.88351126715827,
                                                     52.754179460277342
                                                 ],
                                                 [
                                                     -3.883415280061203,
                                                     52.754152222439785
                                                 ],
                                                 [
                                                     -3.883129065376428,
                                                     52.753977812190861
                                                 ],
                                                 [
                                                     -3.883132327283899,
                                                     52.753880687239175
                                                 ],
                                                 [
                                                     -3.883091627729065,
                                                     52.753863357352188
                                                 ],
                                                 [
                                                     -3.882948781355745,
                                                     52.75391955564541
                                                 ],
                                                 [
                                                     -3.882827762149006,
                                                     52.753932262842746
                                                 ],
                                                 [
                                                     -3.882711569351456,
                                                     52.75395208414897
                                                 ],
                                                 [
                                                     -3.882635067709806,
                                                     52.753929030800684
                                                 ],
                                                 [
                                                     -3.882449777926191,
                                                     52.753927479053608
                                                 ],
                                                 [
                                                     -3.882368186310387,
                                                     52.753925178968771
                                                 ],
                                                 [
                                                     -3.882153840542845,
                                                     52.753904312700392
                                                 ],
                                                 [
                                                     -3.882103653052317,
                                                     52.753907806609256
                                                 ],
                                                 [
                                                     -3.882050645893621,
                                                     52.753916737056251
                                                 ],
                                                 [
                                                     -3.881932213696169,
                                                     52.753918616870344
                                                 ],
                                                 [
                                                     -3.88174604569052,
                                                     52.753964714992456
                                                 ],
                                                 [
                                                     -3.88164744094383,
                                                     52.753981559769954
                                                 ],
                                                 [
                                                     -3.881576109281976,
                                                     52.7539763999672
                                                 ],
                                                 [
                                                     -3.881509788466842,
                                                     52.753951387069236
                                                 ],
                                                 [
                                                     -3.8814636087598,
                                                     52.753945828074656
                                                 ],
                                                 [
                                                     -3.881379054505616,
                                                     52.75397683051056
                                                 ],
                                                 [
                                                     -3.881279789974496,
                                                     52.753978405530553
                                                 ],
                                                 [
                                                     -3.881212513067926,
                                                     52.753999247395342
                                                 ],
                                                 [
                                                     -3.881157813804117,
                                                     52.754036966858699
                                                 ],
                                                 [
                                                     -3.880932989748617,
                                                     52.754045118002736
                                                 ],
                                                 [
                                                     -3.880780569420947,
                                                     52.754049333097903
                                                 ],
                                                 [
                                                     -3.880682349620035,
                                                     52.754075159096629
                                                 ],
                                                 [
                                                     -3.880619995446666,
                                                     52.754003254041862
                                                 ],
                                                 [
                                                     -3.880584266295756,
                                                     52.753965170947325
                                                 ],
                                                 [
                                                     -3.880444657308362,
                                                     52.753991653200231
                                                 ],
                                                 [
                                                     -3.880262684740357,
                                                     52.753999033557591
                                                 ],
                                                 [
                                                     -3.880063582201396,
                                                     52.754022863353406
                                                 ],
                                                 [
                                                     -3.879800410859135,
                                                     52.754071168349419
                                                 ],
                                                 [
                                                     -3.879518033643075,
                                                     52.754152944372748
                                                 ],
                                                 [
                                                     -3.87934802352119,
                                                     52.754196984408367
                                                 ],
                                                 [
                                                     -3.879059923015178,
                                                     52.75421683130471
                                                 ],
                                                 [
                                                     -3.87888574107792,
                                                     52.754198018966584
                                                 ],
                                                 [
                                                     -3.87887343336509,
                                                     52.754187428598783
                                                 ],
                                                 [
                                                     -3.878753484678772,
                                                     52.754085964401973
                                                 ],
                                                 [
                                                     -3.87867411770152,
                                                     52.754033202360723
                                                 ],
                                                 [
                                                     -3.877683321059048,
                                                     52.754563204542428
                                                 ],
                                                 [
                                                     -3.877620864942864,
                                                     52.754557002720283
                                                 ],
                                                 [
                                                     -3.877481634972036,
                                                     52.754558309232593
                                                 ],
                                                 [
                                                     -3.877111467886218,
                                                     52.754567765435304
                                                 ],
                                                 [
                                                     -3.87676233512026,
                                                     52.754580482078062
                                                 ],
                                                 [
                                                     -3.876397535247166,
                                                     52.754609625515194
                                                 ],
                                                 [
                                                     -3.875878732335737,
                                                     52.754674460535846
                                                 ],
                                                 [
                                                     -3.875773685610322,
                                                     52.754712074917698
                                                 ],
                                                 [
                                                     -3.87565143355484,
                                                     52.754764433004567
                                                 ],
                                                 [
                                                     -3.875447621436112,
                                                     52.754815294781132
                                                 ],
                                                 [
                                                     -3.875300640161211,
                                                     52.754806834120849
                                                 ],
                                                 [
                                                     -3.875146975938236,
                                                     52.754784995430043
                                                 ],
                                                 [
                                                     -3.874979893496987,
                                                     52.754792132166202
                                                 ],
                                                 [
                                                     -3.874753011263618,
                                                     52.754823583137473
                                                 ],
                                                 [
                                                     -3.87421464088328,
                                                     52.754848273215913
                                                 ],
                                                 [
                                                     -3.874064222341916,
                                                     52.754899186793516
                                                 ],
                                                 [
                                                     -3.873937259263755,
                                                     52.754910182456136
                                                 ],
                                                 [
                                                     -3.873834061169964,
                                                     52.754922598780823
                                                 ],
                                                 [
                                                     -3.873722141671789,
                                                     52.754973802575662
                                                 ],
                                                 [
                                                     -3.873556370607043,
                                                     52.755011476373937
                                                 ],
                                                 [
                                                     -3.873320417477215,
                                                     52.755073628613815
                                                 ],
                                                 [
                                                     -3.873217487174212,
                                                     52.75509233194245
                                                 ],
                                                 [
                                                     -3.873014095824633,
                                                     52.755084759612075
                                                 ],
                                                 [
                                                     -3.872803571329067,
                                                     52.755081793211318
                                                 ],
                                                 [
                                                     -3.872468629898253,
                                                     52.755149191638672
                                                 ],
                                                 [
                                                     -3.872348066371323,
                                                     52.755172667180119
                                                 ],
                                                 [
                                                     -3.872250501225354,
                                                     52.755211059349271
                                                 ],
                                                 [
                                                     -3.871863586186218,
                                                     52.75524323431965
                                                 ],
                                                 [
                                                     -3.871715978596844,
                                                     52.755291404164922
                                                 ],
                                                 [
                                                     -3.871619301930931,
                                                     52.755282144837118
                                                 ],
                                                 [
                                                     -3.87147945304886,
                                                     52.755269072341008
                                                 ],
                                                 [
                                                     -3.871417993284302,
                                                     52.755254762486324
                                                 ],
                                                 [
                                                     -3.871398309215418,
                                                     52.755382705897581
                                                 ],
                                                 [
                                                     -3.871310729779863,
                                                     52.755483048241075
                                                 ],
                                                 [
                                                     -3.871141640205869,
                                                     52.75547762767458
                                                 ],
                                                 [
                                                     -3.871005453068316,
                                                     52.755481573987751
                                                 ],
                                                 [
                                                     -3.870871927111814,
                                                     52.755479187281175
                                                 ],
                                                 [
                                                     -3.870634312138928,
                                                     52.755502710630701
                                                 ],
                                                 [
                                                     -3.870359325683146,
                                                     52.755480982438236
                                                 ],
                                                 [
                                                     -3.870095633755592,
                                                     52.755483343481998
                                                 ],
                                                 [
                                                     -3.869850453977885,
                                                     52.755504288222831
                                                 ],
                                                 [
                                                     -3.869405368892516,
                                                     52.754763214780596
                                                 ],
                                                 [
                                                     -3.869245420377269,
                                                     52.75476573644508
                                                 ],
                                                 [
                                                     -3.869072812710973,
                                                     52.75481789253908
                                                 ],
                                                 [
                                                     -3.86884283988055,
                                                     52.754845786359411
                                                 ],
                                                 [
                                                     -3.868659049732536,
                                                     52.754879332689555
                                                 ],
                                                 [
                                                     -3.868300563991135,
                                                     52.754919137023883
                                                 ],
                                                 [
                                                     -3.868106543581087,
                                                     52.754956349205855
                                                 ],
                                                 [
                                                     -3.867880468567442,
                                                     52.755003953232887
                                                 ],
                                                 [
                                                     -3.867723909458363,
                                                     52.755017205721117
                                                 ],
                                                 [
                                                     -3.867587071467335,
                                                     52.755005878481654
                                                 ],
                                                 [
                                                     -3.86730066485578,
                                                     52.754962751443792
                                                 ],
                                                 [
                                                     -3.86702182289272,
                                                     52.754922201848039
                                                 ],
                                                 [
                                                     -3.866739120139749,
                                                     52.754894205114546
                                                 ],
                                                 [
                                                     -3.866545647570345,
                                                     52.754875679264828
                                                 ],
                                                 [
                                                     -3.866370616425568,
                                                     52.754871243625743
                                                 ],
                                                 [
                                                     -3.866277525269348,
                                                     52.754877203399047
                                                 ],
                                                 [
                                                     -3.866125484184975,
                                                     52.754890381764518
                                                 ],
                                                 [
                                                     -3.865952915922076,
                                                     52.754943521655463
                                                 ],
                                                 [
                                                     -3.865554793786052,
                                                     52.755059442636849
                                                 ],
                                                 [
                                                     -3.864922092426266,
                                                     52.755235677927452
                                                 ],
                                                 [
                                                     -3.864282914511042,
                                                     52.755397720744448
                                                 ],
                                                 [
                                                     -3.863943372933834,
                                                     52.755426427715946
                                                 ],
                                                 [
                                                     -3.863221495141163,
                                                     52.755491702953776
                                                 ],
                                                 [
                                                     -3.862916202456124,
                                                     52.755527059632122
                                                 ],
                                                 [
                                                     -3.862125035631372,
                                                     52.755738217259868
                                                 ],
                                                 [
                                                     -3.86185471812129,
                                                     52.75582874960665
                                                 ],
                                                 [
                                                     -3.861742667057328,
                                                     52.75587724769926
                                                 ],
                                                 [
                                                     -3.861632200611075,
                                                     52.755928507054634
                                                 ],
                                                 [
                                                     -3.861395812123518,
                                                     52.75608411961084
                                                 ],
                                                 [
                                                     -3.861327745593709,
                                                     52.756121140543563
                                                 ],
                                                 [
                                                     -3.861258137723343,
                                                     52.756156388369654
                                                 ],
                                                 [
                                                     -3.861020033884109,
                                                     52.756237425006105
                                                 ],
                                                 [
                                                     -3.860946608511114,
                                                     52.756286305075719
                                                 ],
                                                 [
                                                     -3.860807113151592,
                                                     52.756490728891222
                                                 ],
                                                 [
                                                     -3.860786154037641,
                                                     52.756520719358633
                                                 ],
                                                 [
                                                     -3.860633551559431,
                                                     52.756452106528165
                                                 ],
                                                 [
                                                     -3.860608168185023,
                                                     52.756447112155811
                                                 ],
                                                 [
                                                     -3.860452301787685,
                                                     52.756442367013037
                                                 ],
                                                 [
                                                     -3.860318501976347,
                                                     52.756465139748386
                                                 ],
                                                 [
                                                     -3.860281037803463,
                                                     52.756457637603688
                                                 ],
                                                 [
                                                     -3.86013320132341,
                                                     52.756463552323275
                                                 ],
                                                 [
                                                     -3.859959737130983,
                                                     52.756464476180263
                                                 ],
                                                 [
                                                     -3.859857008668222,
                                                     52.756450807689127
                                                 ],
                                                 [
                                                     -3.859708868098511,
                                                     52.756418077000355
                                                 ],
                                                 [
                                                     -3.859531230374836,
                                                     52.756352552655315
                                                 ],
                                                 [
                                                     -3.859473206233675,
                                                     52.756347170848223
                                                 ],
                                                 [
                                                     -3.859415336623165,
                                                     52.756345381111032
                                                 ],
                                                 [
                                                     -3.859269685406869,
                                                     52.756371034850297
                                                 ],
                                                 [
                                                     -3.859195289288651,
                                                     52.756400064770489
                                                 ],
                                                 [
                                                     -3.859027739863669,
                                                     52.756396400022801
                                                 ],
                                                 [
                                                     -3.858830862832691,
                                                     52.756401284721541
                                                 ],
                                                 [
                                                     -3.858701151594159,
                                                     52.756416799792071
                                                 ],
                                                 [
                                                     -3.858600530336007,
                                                     52.756421073385106
                                                 ],
                                                 [
                                                     -3.858537799618657,
                                                     52.756411271293729
                                                 ],
                                                 [
                                                     -3.858452557971429,
                                                     52.756357778774678
                                                 ],
                                                 [
                                                     -3.858333658640865,
                                                     52.756348856920411
                                                 ],
                                                 [
                                                     -3.858232387371601,
                                                     52.756337860528625
                                                 ],
                                                 [
                                                     -3.85814000310614,
                                                     52.756291670563741
                                                 ],
                                                 [
                                                     -3.858064908744761,
                                                     52.756232536164241
                                                 ],
                                                 [
                                                     -3.857826452716004,
                                                     52.756202117445262
                                                 ],
                                                 [
                                                     -3.857633775844459,
                                                     52.756130534155204
                                                 ],
                                                 [
                                                     -3.857534615164669,
                                                     52.756062878268182
                                                 ],
                                                 [
                                                     -3.85747212503702,
                                                     52.756024308490666
                                                 ],
                                                 [
                                                     -3.857349285854798,
                                                     52.755922778332121
                                                 ],
                                                 [
                                                     -3.857308900192476,
                                                     52.75591262557586
                                                 ],
                                                 [
                                                     -3.8571140002883,
                                                     52.755895004869956
                                                 ],
                                                 [
                                                     -3.856864848808196,
                                                     52.755891716942443
                                                 ],
                                                 [
                                                     -3.856631106202859,
                                                     52.755865715621923
                                                 ],
                                                 [
                                                     -3.856468731227097,
                                                     52.755845787312147
                                                 ],
                                                 [
                                                     -3.856259835350516,
                                                     52.755812206299872
                                                 ],
                                                 [
                                                     -3.856128586357587,
                                                     52.755722580897391
                                                 ],
                                                 [
                                                     -3.856108890453144,
                                                     52.755676060656093
                                                 ],
                                                 [
                                                     -3.856053851136566,
                                                     52.755637374405829
                                                 ],
                                                 [
                                                     -3.855992951929919,
                                                     52.755598778955417
                                                 ],
                                                 [
                                                     -3.855853974577908,
                                                     52.755537138497743
                                                 ],
                                                 [
                                                     -3.85571235899701,
                                                     52.755516884240052
                                                 ],
                                                 [
                                                     -3.855613243750744,
                                                     52.755522030819392
                                                 ],
                                                 [
                                                     -3.855430036261365,
                                                     52.755500628958032
                                                 ],
                                                 [
                                                     -3.85512240729904,
                                                     52.75540926873915
                                                 ],
                                                 [
                                                     -3.854787868386326,
                                                     52.755348798478678
                                                 ],
                                                 [
                                                     -3.854646344442385,
                                                     52.75529618365271
                                                 ],
                                                 [
                                                     -3.854481545799355,
                                                     52.755184611422507
                                                 ],
                                                 [
                                                     -3.854281239108559,
                                                     52.755108647571362
                                                 ],
                                                 [
                                                     -3.854225191583552,
                                                     52.755080671699282
                                                 ],
                                                 [
                                                     -3.854032478594275,
                                                     52.754938974768322
                                                 ],
                                                 [
                                                     -3.853910936587429,
                                                     52.754902225561636
                                                 ],
                                                 [
                                                     -3.853773886718458,
                                                     52.754851337911653
                                                 ],
                                                 [
                                                     -3.853670032662091,
                                                     52.754848467945898
                                                 ],
                                                 [
                                                     -3.853492454708777,
                                                     52.754853041211547
                                                 ],
                                                 [
                                                     -3.853354078184362,
                                                     52.754839924359928
                                                 ],
                                                 [
                                                     -3.853167562597871,
                                                     52.75480958353706
                                                 ],
                                                 [
                                                     -3.853077755005809,
                                                     52.754789324700852
                                                 ],
                                                 [
                                                     -3.852994599389846,
                                                     52.754750177379357
                                                 ],
                                                 [
                                                     -3.852915570773431,
                                                     52.754704673751043
                                                 ],
                                                 [
                                                     -3.852803526116481,
                                                     52.754577893150199
                                                 ],
                                                 [
                                                     -3.852666592589307,
                                                     52.754457703183938
                                                 ],
                                                 [
                                                     -3.852587331198901,
                                                     52.754337600976925
                                                 ],
                                                 [
                                                     -3.853123351448085,
                                                     52.754153864791867
                                                 ],
                                                 [
                                                     -3.853565866569282,
                                                     52.754035493582045
                                                 ],
                                                 [
                                                     -3.854057232516343,
                                                     52.753882202610555
                                                 ],
                                                 [
                                                     -3.854202115564782,
                                                     52.753838591047746
                                                 ],
                                                 [
                                                     -3.854373267830188,
                                                     52.753786389545489
                                                 ],
                                                 [
                                                     -3.854550689047393,
                                                     52.7537063153733
                                                 ],
                                                 [
                                                     -3.854795598564775,
                                                     52.753578447469977
                                                 ],
                                                 [
                                                     -3.854891107428514,
                                                     52.75352302388503
                                                 ],
                                                 [
                                                     -3.855075289849491,
                                                     52.753395116391196
                                                 ],
                                                 [
                                                     -3.855275545043275,
                                                     52.753225701035852
                                                 ],
                                                 [
                                                     -3.855552469273051,
                                                     52.753011851466681
                                                 ],
                                                 [
                                                     -3.855683953680227,
                                                     52.752897441108281
                                                 ],
                                                 [
                                                     -3.855716708379758,
                                                     52.752868150722392
                                                 ],
                                                 [
                                                     -3.855716792577456,
                                                     52.752868074780984
                                                 ],
                                                 [
                                                     -3.855341038776168,
                                                     52.752811936554004
                                                 ],
                                                 [
                                                     -3.855066477295833,
                                                     52.752733540543289
                                                 ],
                                                 [
                                                     -3.854818327892082,
                                                     52.752612486567415
                                                 ],
                                                 [
                                                     -3.854444823867293,
                                                     52.752436676973076
                                                 ],
                                                 [
                                                     -3.854244491798814,
                                                     52.752359814428686
                                                 ],
                                                 [
                                                     -3.854079407410344,
                                                     52.752310264659094
                                                 ],
                                                 [
                                                     -3.853867523440577,
                                                     52.752274928102345
                                                 ],
                                                 [
                                                     -3.853549537196461,
                                                     52.752255541656062
                                                 ],
                                                 [
                                                     -3.8530998650966,
                                                     52.752308499889715
                                                 ],
                                                 [
                                                     -3.852550529951187,
                                                     52.752388091641286
                                                 ],
                                                 [
                                                     -3.852349638525769,
                                                     52.752436170744396
                                                 ],
                                                 [
                                                     -3.852266810745016,
                                                     52.752511168537502
                                                 ],
                                                 [
                                                     -3.852099339930678,
                                                     52.752684651077331
                                                 ],
                                                 [
                                                     -3.851981248805994,
                                                     52.752766490343689
                                                 ],
                                                 [
                                                     -3.851859090620682,
                                                     52.752818732380923
                                                 ],
                                                 [
                                                     -3.851636329219392,
                                                     52.752843782955296
                                                 ],
                                                 [
                                                     -3.851508890433168,
                                                     52.752878130899354
                                                 ],
                                                 [
                                                     -3.851182095162107,
                                                     52.752965116239238
                                                 ],
                                                 [
                                                     -3.850985157680192,
                                                     52.752968190791307
                                                 ],
                                                 [
                                                     -3.850810339129092,
                                                     52.75293397838562
                                                 ],
                                                 [
                                                     -3.850607842079606,
                                                     52.752875119711781
                                                 ],
                                                 [
                                                     -3.850494641870031,
                                                     52.752827451495925
                                                 ],
                                                 [
                                                     -3.850407686014867,
                                                     52.752767689169929
                                                 ],
                                                 [
                                                     -3.850252519987368,
                                                     52.752637893826773
                                                 ],
                                                 [
                                                     -3.850189553902404,
                                                     52.752515737602906
                                                 ],
                                                 [
                                                     -3.850104727707636,
                                                     52.752367856340967
                                                 ],
                                                 [
                                                     -3.850026433874198,
                                                     52.752267421797278
                                                 ],
                                                 [
                                                     -3.849917384461692,
                                                     52.752248449818595
                                                 ],
                                                 [
                                                     -3.849705446038403,
                                                     52.752177154317707
                                                 ],
                                                 [
                                                     -3.849537913306057,
                                                     52.752104266690623
                                                 ],
                                                 [
                                                     -3.849337796150192,
                                                     52.751997642035327
                                                 ],
                                                 [
                                                     -3.84902357523275,
                                                     52.751891089152842
                                                 ],
                                                 [
                                                     -3.848625086172303,
                                                     52.751753490566358
                                                 ],
                                                 [
                                                     -3.848375927365496,
                                                     52.751677290435566
                                                 ],
                                                 [
                                                     -3.848082865310639,
                                                     52.751545237314069
                                                 ],
                                                 [
                                                     -3.847755083425858,
                                                     52.751539560551031
                                                 ],
                                                 [
                                                     -3.847626126004161,
                                                     52.751537974729693
                                                 ],
                                                 [
                                                     -3.847478666107637,
                                                     52.75151780180434
                                                 ],
                                                 [
                                                     -3.847061975716179,
                                                     52.751440703718764
                                                 ],
                                                 [
                                                     -3.84694563842787,
                                                     52.751422651727935
                                                 ],
                                                 [
                                                     -3.846902091891884,
                                                     52.751409847463066
                                                 ],
                                                 [
                                                     -3.846852631871269,
                                                     52.751361182926196
                                                 ],
                                                 [
                                                     -3.846827143313941,
                                                     52.751284281634099
                                                 ],
                                                 [
                                                     -3.846754071676313,
                                                     52.751237782091444
                                                 ],
                                                 [
                                                     -3.846548908536051,
                                                     52.75108089734573
                                                 ],
                                                 [
                                                     -3.846379780629669,
                                                     52.750972975961517
                                                 ],
                                                 [
                                                     -3.846184898727996,
                                                     52.75091758754202
                                                 ],
                                                 [
                                                     -3.846057033358337,
                                                     52.750837785638353
                                                 ],
                                                 [
                                                     -3.845914011387026,
                                                     52.750749141566615
                                                 ],
                                                 [
                                                     -3.845813848092362,
                                                     52.750659919130456
                                                 ],
                                                 [
                                                     -3.845711142972149,
                                                     52.75050772963229
                                                 ],
                                                 [
                                                     -3.845547699267954,
                                                     52.750392528660576
                                                 ],
                                                 [
                                                     -3.845461778778243,
                                                     52.750357014580722
                                                 ],
                                                 [
                                                     -3.845251338876913,
                                                     52.750320741164451
                                                 ],
                                                 [
                                                     -3.845182415828976,
                                                     52.750302938533508
                                                 ],
                                                 [
                                                     -3.84496362081109,
                                                     52.75017592474093
                                                 ],
                                                 [
                                                     -3.844616750480635,
                                                     52.749961110379779
                                                 ],
                                                 [
                                                     -3.844485672477855,
                                                     52.749909220138115
                                                 ],
                                                 [
                                                     -3.844355955666882,
                                                     52.749889576515912
                                                 ],
                                                 [
                                                     -3.84411733095504,
                                                     52.749888793711257
                                                 ],
                                                 [
                                                     -3.843868830166253,
                                                     52.749897153002337
                                                 ],
                                                 [
                                                     -3.843828976652351,
                                                     52.749902267268048
                                                 ],
                                                 [
                                                     -3.843664059184577,
                                                     52.749925594219242
                                                 ],
                                                 [
                                                     -3.843470158585864,
                                                     52.749896161402923
                                                 ],
                                                 [
                                                     -3.843380634809046,
                                                     52.749882273446936
                                                 ],
                                                 [
                                                     -3.843188881444145,
                                                     52.749831325103862
                                                 ],
                                                 [
                                                     -3.843101111155274,
                                                     52.749789546333915
                                                 ],
                                                 [
                                                     -3.842985143075285,
                                                     52.749707758959822
                                                 ],
                                                 [
                                                     -3.84282553578139,
                                                     52.74947196147918
                                                 ],
                                                 [
                                                     -3.842783748840001,
                                                     52.749431265923263
                                                 ],
                                                 [
                                                     -3.842452730683166,
                                                     52.749345629387371
                                                 ],
                                                 [
                                                     -3.842165596751061,
                                                     52.749214278859284
                                                 ],
                                                 [
                                                     -3.842041401791574,
                                                     52.749148796417558
                                                 ],
                                                 [
                                                     -3.841972218059635,
                                                     52.749124704235861
                                                 ],
                                                 [
                                                     -3.841847889948001,
                                                     52.749128433828957
                                                 ],
                                                 [
                                                     -3.841614164358677,
                                                     52.749136557994845
                                                 ],
                                                 [
                                                     -3.841338022464349,
                                                     52.749123769748536
                                                 ],
                                                 [
                                                     -3.841184515652127,
                                                     52.749101884810671
                                                 ],
                                                 [
                                                     -3.840962810784045,
                                                     52.749079262247356
                                                 ],
                                                 [
                                                     -3.840714470120075,
                                                     52.749024694061951
                                                 ],
                                                 [
                                                     -3.840449041890722,
                                                     52.748877722598657
                                                 ],
                                                 [
                                                     -3.840172838718653,
                                                     52.748689572763794
                                                 ],
                                                 [
                                                     -3.840034546283865,
                                                     52.748605431790139
                                                 ],
                                                 [
                                                     -3.839869431584098,
                                                     52.748484855461534
                                                 ],
                                                 [
                                                     -3.83972768271532,
                                                     52.748425935671747
                                                 ],
                                                 [
                                                     -3.839576500039081,
                                                     52.748389541941869
                                                 ],
                                                 [
                                                     -3.839527153491613,
                                                     52.748308514812258
                                                 ],
                                                 [
                                                     -3.839512283324569,
                                                     52.748236839934442
                                                 ],
                                                 [
                                                     -3.839633750354665,
                                                     52.747991285306775
                                                 ],
                                                 [
                                                     -3.83970083901628,
                                                     52.747788908320807
                                                 ],
                                                 [
                                                     -3.839675891324243,
                                                     52.747724489847563
                                                 ],
                                                 [
                                                     -3.839605677550368,
                                                     52.747641090191522
                                                 ],
                                                 [
                                                     -3.839570168273065,
                                                     52.747572431880663
                                                 ],
                                                 [
                                                     -3.839646066887411,
                                                     52.747439936652121
                                                 ],
                                                 [
                                                     -3.839597401103411,
                                                     52.747375077900344
                                                 ],
                                                 [
                                                     -3.839508778077487,
                                                     52.747309939993904
                                                 ],
                                                 [
                                                     -3.839345486234553,
                                                     52.747232478749169
                                                 ],
                                                 [
                                                     -3.839260764185239,
                                                     52.747155505810397
                                                 ],
                                                 [
                                                     -3.83925758562672,
                                                     52.747080054106831
                                                 ],
                                                 [
                                                     -3.839268345353614,
                                                     52.746984611846415
                                                 ],
                                                 [
                                                     -3.839389753819961,
                                                     52.746911721849543
                                                 ],
                                                 [
                                                     -3.839476545485209,
                                                     52.746860939494567
                                                 ],
                                                 [
                                                     -3.839499419468896,
                                                     52.746806566171131
                                                 ],
                                                 [
                                                     -3.839381651804746,
                                                     52.746719409678676
                                                 ],
                                                 [
                                                     -3.839249870747418,
                                                     52.746650446636501
                                                 ],
                                                 [
                                                     -3.839059500239916,
                                                     52.746527475649962
                                                 ],
                                                 [
                                                     -3.838937691647765,
                                                     52.746521275092334
                                                 ],
                                                 [
                                                     -3.838757043518263,
                                                     52.746452171262746
                                                 ],
                                                 [
                                                     -3.838659863196623,
                                                     52.746430308625413
                                                 ],
                                                 [
                                                     -3.83857163406748,
                                                     52.746446957584851
                                                 ],
                                                 [
                                                     -3.838521198597117,
                                                     52.746516948948646
                                                 ],
                                                 [
                                                     -3.838432258512245,
                                                     52.746513833597319
                                                 ],
                                                 [
                                                     -3.838374129896124,
                                                     52.746508443176864
                                                 ],
                                                 [
                                                     -3.838198783274075,
                                                     52.74646082788766
                                                 ],
                                                 [
                                                     -3.838111336469833,
                                                     52.746423534055381
                                                 ],
                                                 [
                                                     -3.83789405140917,
                                                     52.746435890587584
                                                 ],
                                                 [
                                                     -3.837550251151264,
                                                     52.746399874495737
                                                 ],
                                                 [
                                                     -3.837385188310688,
                                                     52.746419509719018
                                                 ],
                                                 [
                                                     -3.837310907153496,
                                                     52.746413470018773
                                                 ],
                                                 [
                                                     -3.837206301438519,
                                                     52.746322512913935
                                                 ],
                                                 [
                                                     -3.837153019338603,
                                                     52.746252332040825
                                                 ],
                                                 [
                                                     -3.837058633931179,
                                                     52.746157530219946
                                                 ],
                                                 [
                                                     -3.837037514318093,
                                                     52.746044605957536
                                                 ],
                                                 [
                                                     -3.837192728794794,
                                                     52.745999956815744
                                                 ],
                                                 [
                                                     -3.837233620106255,
                                                     52.745987637849836
                                                 ],
                                                 [
                                                     -3.837388418370752,
                                                     52.745933107733634
                                                 ],
                                                 [
                                                     -3.837379937822148,
                                                     52.745836076658591
                                                 ],
                                                 [
                                                     -3.837286511381003,
                                                     52.745798874894852
                                                 ],
                                                 [
                                                     -3.837211644885513,
                                                     52.745709254196491
                                                 ],
                                                 [
                                                     -3.837188935858157,
                                                     52.745697921667713
                                                 ],
                                                 [
                                                     -3.837190276608514,
                                                     52.745520742890932
                                                 ],
                                                 [
                                                     -3.837266966512359,
                                                     52.745334397393123
                                                 ],
                                                 [
                                                     -3.837288945275616,
                                                     52.745154203349131
                                                 ],
                                                 [
                                                     -3.83730470768464,
                                                     52.745035313992354
                                                 ],
                                                 [
                                                     -3.837349706985607,
                                                     52.744908691707423
                                                 ],
                                                 [
                                                     -3.83734452875234,
                                                     52.744785634162625
                                                 ],
                                                 [
                                                     -3.837275382232842,
                                                     52.74468963220729
                                                 ],
                                                 [
                                                     -3.837153708374324,
                                                     52.744579075315144
                                                 ],
                                                 [
                                                     -3.837021294923182,
                                                     52.744494840696881
                                                 ],
                                                 [
                                                     -3.836927115921112,
                                                     52.744439674147777
                                                 ],
                                                 [
                                                     -3.836709961218548,
                                                     52.744350369549466
                                                 ],
                                                 [
                                                     -3.836445145053163,
                                                     52.744254702802323
                                                 ],
                                                 [
                                                     -3.836198945150003,
                                                     52.7441398718979
                                                 ],
                                                 [
                                                     -3.836129394851884,
                                                     52.744106793950294
                                                 ],
                                                 [
                                                     -3.835885834509711,
                                                     52.743918127864134
                                                 ],
                                                 [
                                                     -3.835832737746497,
                                                     52.743817382959428
                                                 ],
                                                 [
                                                     -3.835861253847336,
                                                     52.743580462183502
                                                 ],
                                                 [
                                                     -3.835823636311131,
                                                     52.743423660987602
                                                 ],
                                                 [
                                                     -3.835694624319156,
                                                     52.743245894151258
                                                 ],
                                                 [
                                                     -3.835587817171024,
                                                     52.743172046828349
                                                 ],
                                                 [
                                                     -3.835419695338361,
                                                     52.743083778900576
                                                 ],
                                                 [
                                                     -3.835261319571373,
                                                     52.74305297371869
                                                 ],
                                                 [
                                                     -3.835081935838529,
                                                     52.743013506307605
                                                 ],
                                                 [
                                                     -3.834934313364438,
                                                     52.742991523234735
                                                 ],
                                                 [
                                                     -3.834673511723632,
                                                     52.742953314391414
                                                 ],
                                                 [
                                                     -3.834481117365752,
                                                     52.742923933679428
                                                 ],
                                                 [
                                                     -3.834410029160976,
                                                     52.742889081276566
                                                 ],
                                                 [
                                                     -3.83428747521915,
                                                     52.742827070956096
                                                 ],
                                                 [
                                                     -3.834307716178897,
                                                     52.742709910869671
                                                 ],
                                                 [
                                                     -3.83435902203778,
                                                     52.742486119543649
                                                 ],
                                                 [
                                                     -3.834468075616051,
                                                     52.742296578733225
                                                 ],
                                                 [
                                                     -3.834631635610739,
                                                     52.742133967791119
                                                 ],
                                                 [
                                                     -3.834855971498622,
                                                     52.741938148096075
                                                 ],
                                                 [
                                                     -3.834948073888372,
                                                     52.741766756319436
                                                 ],
                                                 [
                                                     -3.834954146070838,
                                                     52.741664196146125
                                                 ],
                                                 [
                                                     -3.834900563304147,
                                                     52.741589524430722
                                                 ],
                                                 [
                                                     -3.834683435194307,
                                                     52.741497520350819
                                                 ],
                                                 [
                                                     -3.834564044802602,
                                                     52.741440943950856
                                                 ],
                                                 [
                                                     -3.83436909885158,
                                                     52.74138553739067
                                                 ],
                                                 [
                                                     -3.834221444498126,
                                                     52.741362654877307
                                                 ],
                                                 [
                                                     -3.833974976492834,
                                                     52.741348491621089
                                                 ],
                                                 [
                                                     -3.833710378468245,
                                                     52.741292363269544
                                                 ],
                                                 [
                                                     -3.833437731910095,
                                                     52.741184136724996
                                                 ],
                                                 [
                                                     -3.833151021969675,
                                                     52.741060937981644
                                                 ],
                                                 [
                                                     -3.832834736792125,
                                                     52.740899456287387
                                                 ],
                                                 [
                                                     -3.832493643660905,
                                                     52.740749233366103
                                                 ],
                                                 [
                                                     -3.832126830562251,
                                                     52.740588530795705
                                                 ],
                                                 [
                                                     -3.83179717193848,
                                                     52.740463295290624
                                                 ],
                                                 [
                                                     -3.83159318595407,
                                                     52.740436785400789
                                                 ],
                                                 [
                                                     -3.831305410347598,
                                                     52.740427749287242
                                                 ],
                                                 [
                                                     -3.830908511486591,
                                                     52.740397028026322
                                                 ],
                                                 [
                                                     -3.830723203693474,
                                                     52.740393597927316
                                                 ],
                                                 [
                                                     -3.830628701704505,
                                                     52.740365305783143
                                                 ],
                                                 [
                                                     -3.830556417350501,
                                                     52.740301707160981
                                                 ],
                                                 [
                                                     -3.830538149987315,
                                                     52.74025345247918
                                                 ],
                                                 [
                                                     -3.830540045129332,
                                                     52.740016044983442
                                                 ],
                                                 [
                                                     -3.830422563579695,
                                                     52.739794951315879
                                                 ],
                                                 [
                                                     -3.830492347236493,
                                                     52.739586156217904
                                                 ],
                                                 [
                                                     -3.830539067588278,
                                                     52.739497350341118
                                                 ],
                                                 [
                                                     -3.830439363790259,
                                                     52.739347797863466
                                                 ],
                                                 [
                                                     -3.830214551559475,
                                                     52.739249701597714
                                                 ],
                                                 [
                                                     -3.829942449523602,
                                                     52.739118988947055
                                                 ],
                                                 [
                                                     -3.829788601217142,
                                                     52.739017999240652
                                                 ],
                                                 [
                                                     -3.829620198486305,
                                                     52.738817375126409
                                                 ],
                                                 [
                                                     -3.829267290949128,
                                                     52.73863227031724
                                                 ],
                                                 [
                                                     -3.829073532699531,
                                                     52.738531895496116
                                                 ],
                                                 [
                                                     -3.828946634019694,
                                                     52.738473543085441
                                                 ],
                                                 [
                                                     -3.828841202593072,
                                                     52.738432025482773
                                                 ],
                                                 [
                                                     -3.828827484951143,
                                                     52.73842234993122
                                                 ],
                                                 [
                                                     -3.828720814123798,
                                                     52.738351191649777
                                                 ],
                                                 [
                                                     -3.828696231828818,
                                                     52.738329998353542
                                                 ],
                                                 [
                                                     -3.828617445109019,
                                                     52.738253915369711
                                                 ],
                                                 [
                                                     -3.828617633170631,
                                                     52.738258406961108
                                                 ],
                                                 [
                                                     -3.828553771274157,
                                                     52.738182901998776
                                                 ],
                                                 [
                                                     -3.828618421401171,
                                                     52.738134267160525
                                                 ],
                                                 [
                                                     -3.828898391060331,
                                                     52.738065233684736
                                                 ],
                                                 [
                                                     -3.829006675441285,
                                                     52.737961996066787
                                                 ],
                                                 [
                                                     -3.829125130735689,
                                                     52.737713802150672
                                                 ],
                                                 [
                                                     -3.829133591541281,
                                                     52.737595026527799
                                                 ],
                                                 [
                                                     -3.829066790228461,
                                                     52.737522264421962
                                                 ],
                                                 [
                                                     -3.828869799889511,
                                                     52.737417444658682
                                                 ],
                                                 [
                                                     -3.828608128737619,
                                                     52.737287557079569
                                                 ],
                                                 [
                                                     -3.828264295440452,
                                                     52.737140869054613
                                                 ],
                                                 [
                                                     -3.82789964576877,
                                                     52.737027847819704
                                                 ],
                                                 [
                                                     -3.82748980893808,
                                                     52.736935205569011
                                                 ],
                                                 [
                                                     -3.827080510853166,
                                                     52.736852531578293
                                                 ],
                                                 [
                                                     -3.826241286372524,
                                                     52.736795354166333
                                                 ],
                                                 [
                                                     -3.826019378107838,
                                                     52.736769111785428
                                                 ],
                                                 [
                                                     -3.825893890433477,
                                                     52.736741383089772
                                                 ],
                                                 [
                                                     -3.825480567787403,
                                                     52.736635305944297
                                                 ],
                                                 [
                                                     -3.82524040965034,
                                                     52.736558110064806
                                                 ],
                                                 [
                                                     -3.824984124827021,
                                                     52.736486554629415
                                                 ],
                                                 [
                                                     -3.824764143392187,
                                                     52.73646836835583
                                                 ],
                                                 [
                                                     -3.824599865496538,
                                                     52.736400789439351
                                                 ],
                                                 [
                                                     -3.824452382731617,
                                                     52.73627623529395
                                                 ],
                                                 [
                                                     -3.824380452585755,
                                                     52.736185662370282
                                                 ],
                                                 [
                                                     -3.824341672243468,
                                                     52.736108061849201
                                                 ],
                                                 [
                                                     -3.824340659261263,
                                                     52.736083809525091
                                                 ],
                                                 [
                                                     -3.82433562807276,
                                                     52.735963354756329
                                                 ],
                                                 [
                                                     -3.82434288702515,
                                                     52.735923695306894
                                                 ],
                                                 [
                                                     -3.824369129975754,
                                                     52.73584149873593
                                                 ],
                                                 [
                                                     -3.824491172186325,
                                                     52.735678641546095
                                                 ],
                                                 [
                                                     -3.824705231032777,
                                                     52.735376848558765
                                                 ],
                                                 [
                                                     -3.824796712968968,
                                                     52.735298142202339
                                                 ],
                                                 [
                                                     -3.825030154539861,
                                                     52.735141749449888
                                                 ],
                                                 [
                                                     -3.825349503562695,
                                                     52.734951585770958
                                                 ],
                                                 [
                                                     -3.825586884264724,
                                                     52.734819398259198
                                                 ],
                                                 [
                                                     -3.825955994175654,
                                                     52.73457813260152
                                                 ],
                                                 [
                                                     -3.826200774558575,
                                                     52.734409788495576
                                                 ],
                                                 [
                                                     -3.826450137559345,
                                                     52.73417584842246
                                                 ],
                                                 [
                                                     -3.826662329109336,
                                                     52.733972951237085
                                                 ],
                                                 [
                                                     -3.826739148970156,
                                                     52.733932218856708
                                                 ],
                                                 [
                                                     -3.827048945144011,
                                                     52.733794329836769
                                                 ],
                                                 [
                                                     -3.827254969554151,
                                                     52.733692283647969
                                                 ],
                                                 [
                                                     -3.827324906622336,
                                                     52.733630086271873
                                                 ],
                                                 [
                                                     -3.827366211054049,
                                                     52.733554846733291
                                                 ],
                                                 [
                                                     -3.827381808556933,
                                                     52.733466431853685
                                                 ],
                                                 [
                                                     -3.827342986304896,
                                                     52.7333528805488
                                                 ],
                                                 [
                                                     -3.827181263213504,
                                                     52.733171024406971
                                                 ],
                                                 [
                                                     -3.827061941767294,
                                                     52.73304523114146
                                                 ],
                                                 [
                                                     -3.827027294979292,
                                                     52.732888381380221
                                                 ],
                                                 [
                                                     -3.827010574010864,
                                                     52.732806846287879
                                                 ],
                                                 [
                                                     -3.827058449095951,
                                                     52.73274858448098
                                                 ],
                                                 [
                                                     -3.827218322816131,
                                                     52.732568063211588
                                                 ],
                                                 [
                                                     -3.827260526745655,
                                                     52.732444273954897
                                                 ],
                                                 [
                                                     -3.827233130656812,
                                                     52.732320659311583
                                                 ],
                                                 [
                                                     -3.827198249741371,
                                                     52.732231225227238
                                                 ],
                                                 [
                                                     -3.827114294707987,
                                                     52.73217139894809
                                                 ],
                                                 [
                                                     -3.827021170776593,
                                                     52.732140476353202
                                                 ],
                                                 [
                                                     -3.826827664250739,
                                                     52.732118291484731
                                                 ],
                                                 [
                                                     -3.826643828215564,
                                                     52.732111237136586
                                                 ],
                                                 [
                                                     -3.826513941135073,
                                                     52.732124024708369
                                                 ],
                                                 [
                                                     -3.826435959932099,
                                                     52.732136910616134
                                                 ],
                                                 [
                                                     -3.826343885852254,
                                                     52.732166192513212
                                                 ],
                                                 [
                                                     -3.826129484004601,
                                                     52.732245895549362
                                                 ],
                                                 [
                                                     -3.825970367666973,
                                                     52.732301466796244
                                                 ],
                                                 [
                                                     -3.82586999599446,
                                                     52.732307507274399
                                                 ],
                                                 [
                                                     -3.825681903416127,
                                                     52.732236610477955
                                                 ],
                                                 [
                                                     -3.825493965311612,
                                                     52.732134343051882
                                                 ],
                                                 [
                                                     -3.825262279791395,
                                                     52.731978728680488
                                                 ],
                                                 [
                                                     -3.824933723283408,
                                                     52.731772564697586
                                                 ],
                                                 [
                                                     -3.824848571476017,
                                                     52.731683992833737
                                                 ],
                                                 [
                                                     -3.824793597775092,
                                                     52.731572396694816
                                                 ],
                                                 [
                                                     -3.824792324037708,
                                                     52.731506802440485
                                                 ],
                                                 [
                                                     -3.824804175745387,
                                                     52.731363706954042
                                                 ],
                                                 [
                                                     -3.824817324667653,
                                                     52.731289711765442
                                                 ],
                                                 [
                                                     -3.82488979004487,
                                                     52.731179839196002
                                                 ],
                                                 [
                                                     -3.825029174543248,
                                                     52.731008624358871
                                                 ],
                                                 [
                                                     -3.825135873467831,
                                                     52.730867664899598
                                                 ],
                                                 [
                                                     -3.825166056156379,
                                                     52.73077462115392
                                                 ],
                                                 [
                                                     -3.825160612464275,
                                                     52.730749537953272
                                                 ],
                                                 [
                                                     -3.825138363160727,
                                                     52.730643729871005
                                                 ],
                                                 [
                                                     -3.824988433175057,
                                                     52.730387088149278
                                                 ],
                                                 [
                                                     -3.824884428488722,
                                                     52.730235889010892
                                                 ],
                                                 [
                                                     -3.824876235698837,
                                                     52.730147930578468
                                                 ],
                                                 [
                                                     -3.824909390553889,
                                                     52.730017899781437
                                                 ],
                                                 [
                                                     -3.825082822474041,
                                                     52.729846251487821
                                                 ],
                                                 [
                                                     -3.825227391790828,
                                                     52.729691136350269
                                                 ],
                                                 [
                                                     -3.825432173164784,
                                                     52.729521701161559
                                                 ],
                                                 [
                                                     -3.825552192066755,
                                                     52.729454149145838
                                                 ],
                                                 [
                                                     -3.825652981567005,
                                                     52.729385184904459
                                                 ],
                                                 [
                                                     -3.825719544961821,
                                                     52.729309557772204
                                                 ],
                                                 [
                                                     -3.825711808555089,
                                                     52.729124429766877
                                                 ],
                                                 [
                                                     -3.825749873692921,
                                                     52.729044747022193
                                                 ],
                                                 [
                                                     -3.825881441408824,
                                                     52.728932165322327
                                                 ],
                                                 [
                                                     -3.826198864277188,
                                                     52.728767195550667
                                                 ],
                                                 [
                                                     -3.826530311446473,
                                                     52.72854637199454
                                                 ],
                                                 [
                                                     -3.826645445096111,
                                                     52.728467209671805
                                                 ],
                                                 [
                                                     -3.826942495809434,
                                                     52.72831162977991
                                                 ],
                                                 [
                                                     -3.827074247111793,
                                                     52.728273645893005
                                                 ],
                                                 [
                                                     -3.827414431383508,
                                                     52.72826480674685
                                                 ],
                                                 [
                                                     -3.827687696718953,
                                                     52.728247112128152
                                                 ],
                                                 [
                                                     -3.827865668822624,
                                                     52.728251557938243
                                                 ],
                                                 [
                                                     -3.828024312780478,
                                                     52.728223046387434
                                                 ],
                                                 [
                                                     -3.828467805867885,
                                                     52.728202723868506
                                                 ],
                                                 [
                                                     -3.828635471144421,
                                                     52.728211822000326
                                                 ],
                                                 [
                                                     -3.828818249450043,
                                                     52.728226080316411
                                                 ],
                                                 [
                                                     -3.829000391392527,
                                                     52.728260121628999
                                                 ],
                                                 [
                                                     -3.829217930535281,
                                                     52.728290920113452
                                                 ],
                                                 [
                                                     -3.829385522554557,
                                                     52.728298221057294
                                                 ],
                                                 [
                                                     -3.82951162579333,
                                                     52.7281254084008
                                                 ],
                                                 [
                                                     -3.829516656482341,
                                                     52.727997698295447
                                                 ],
                                                 [
                                                     -3.829596236653529,
                                                     52.727883218374053
                                                 ],
                                                 [
                                                     -3.829856707843443,
                                                     52.727702938692573
                                                 ],
                                                 [
                                                     -3.830039631780692,
                                                     52.727577875043501
                                                 ],
                                                 [
                                                     -3.830313105053996,
                                                     52.727533205918718
                                                 ],
                                                 [
                                                     -3.830404456408438,
                                                     52.727484067723807
                                                 ],
                                                 [
                                                     -3.830480947975483,
                                                     52.727403790019366
                                                 ],
                                                 [
                                                     -3.830476168674245,
                                                     52.727289713927846
                                                 ],
                                                 [
                                                     -3.830442568401281,
                                                     52.727158015865022
                                                 ],
                                                 [
                                                     -3.830321177195647,
                                                     52.72683981958221
                                                 ],
                                                 [
                                                     -3.830310870927129,
                                                     52.726736614181036
                                                 ],
                                                 [
                                                     -3.830314140669731,
                                                     52.726671847912229
                                                 ],
                                                 [
                                                     -3.830342425972469,
                                                     52.726606696284755
                                                 ],
                                                 [
                                                     -3.83044097984443,
                                                     52.726519696254257
                                                 ],
                                                 [
                                                     -3.830677509403766,
                                                     52.726368636732836
                                                 ],
                                                 [
                                                     -3.830974876336372,
                                                     52.72621834438975
                                                 ],
                                                 [
                                                     -3.831053557896316,
                                                     52.726187468378328
                                                 ],
                                                 [
                                                     -3.831141024172585,
                                                     52.726156455712406
                                                 ],
                                                 [
                                                     -3.83137493112503,
                                                     52.726082734601896
                                                 ],
                                                 [
                                                     -3.831731810570079,
                                                     52.725977450385322
                                                 ],
                                                 [
                                                     -3.832102295753893,
                                                     52.725876360289206
                                                 ],
                                                 [
                                                     -3.832124164432194,
                                                     52.725867932365098
                                                 ],
                                                 [
                                                     -3.833094262130439,
                                                     52.725449273533549
                                                 ],
                                                 [
                                                     -3.833895310757081,
                                                     52.725093442521221
                                                 ],
                                                 [
                                                     -3.834174060362253,
                                                     52.724959698887822
                                                 ],
                                                 [
                                                     -3.834375137792421,
                                                     52.724883693494682
                                                 ],
                                                 [
                                                     -3.834379577479768,
                                                     52.724881826628426
                                                 ],
                                                 [
                                                     -3.834535799405225,
                                                     52.724793122384234
                                                 ],
                                                 [
                                                     -3.834652038038262,
                                                     52.724705934956248
                                                 ],
                                                 [
                                                     -3.834731493083809,
                                                     52.724623811262106
                                                 ],
                                                 [
                                                     -3.834777469109258,
                                                     52.724517846921998
                                                 ],
                                                 [
                                                     -3.83476332503711,
                                                     52.724428183828365
                                                 ],
                                                 [
                                                     -3.834664154046665,
                                                     52.72414829656433
                                                 ],
                                                 [
                                                     -3.834606611850639,
                                                     52.724010768254196
                                                 ],
                                                 [
                                                     -3.834580409634774,
                                                     52.723950863433792
                                                 ],
                                                 [
                                                     -3.834551200419159,
                                                     52.723891992336945
                                                 ],
                                                 [
                                                     -3.834459088621462,
                                                     52.723742415435737
                                                 ],
                                                 [
                                                     -3.834462832679708,
                                                     52.723692024240158
                                                 ],
                                                 [
                                                     -3.834474290160806,
                                                     52.723645017389387
                                                 ],
                                                 [
                                                     -3.83454176422392,
                                                     52.72359453806304
                                                 ],
                                                 [
                                                     -3.834566182823197,
                                                     52.723577082996385
                                                 ],
                                                 [
                                                     -3.83460747138303,
                                                     52.723536895193376
                                                 ],
                                                 [
                                                     -3.834709803898106,
                                                     52.723435542094983
                                                 ],
                                                 [
                                                     -3.834756372570344,
                                                     52.723346646608704
                                                 ],
                                                 [
                                                     -3.8347622796756,
                                                     52.723170385624066
                                                 ],
                                                 [
                                                     -3.834756652941925,
                                                     52.722963653485387
                                                 ],
                                                 [
                                                     -3.834728028142614,
                                                     52.722776242533612
                                                 ],
                                                 [
                                                     -3.834717753872803,
                                                     52.722708899445749
                                                 ],
                                                 [
                                                     -3.834716062591589,
                                                     52.722703532934908
                                                 ],
                                                 [
                                                     -3.834732121335067,
                                                     52.722556776392778
                                                 ],
                                                 [
                                                     -3.834811140537044,
                                                     52.722394573676638
                                                 ],
                                                 [
                                                     -3.834879474619394,
                                                     52.722291948492867
                                                 ],
                                                 [
                                                     -3.834881635478704,
                                                     52.722203830252596
                                                 ],
                                                 [
                                                     -3.834799251705627,
                                                     52.722038733210347
                                                 ],
                                                 [
                                                     -3.834807747668232,
                                                     52.721854343078178
                                                 ],
                                                 [
                                                     -3.834838428176382,
                                                     52.721773782495653
                                                 ],
                                                 [
                                                     -3.83495284644339,
                                                     52.721643479536233
                                                 ],
                                                 [
                                                     -3.834993485697558,
                                                     52.721552968351212
                                                 ],
                                                 [
                                                     -3.834989065214967,
                                                     52.721374980006516
                                                 ],
                                                 [
                                                     -3.834975563023478,
                                                     52.721300585951838
                                                 ],
                                                 [
                                                     -3.834919009600507,
                                                     52.721259217184574
                                                 ],
                                                 [
                                                     -3.834698680731443,
                                                     52.721196114574617
                                                 ],
                                                 [
                                                     -3.834625593741463,
                                                     52.721147720819573
                                                 ],
                                                 [
                                                     -3.834559825386885,
                                                     52.721064249372098
                                                 ],
                                                 [
                                                     -3.834461501611381,
                                                     52.720801426791958
                                                 ],
                                                 [
                                                     -3.834433992716159,
                                                     52.720745226582046
                                                 ],
                                                 [
                                                     -3.834372212193284,
                                                     52.720649109771415
                                                 ],
                                                 [
                                                     -3.83427235829592,
                                                     52.720530122383416
                                                 ],
                                                 [
                                                     -3.834146492516711,
                                                     52.720457467892373
                                                 ],
                                                 [
                                                     -3.834123194362637,
                                                     52.720431762232721
                                                 ],
                                                 [
                                                     -3.834102591701965,
                                                     52.720365567883881
                                                 ],
                                                 [
                                                     -3.834136288357374,
                                                     52.72028415252197
                                                 ],
                                                 [
                                                     -3.834310778701674,
                                                     52.720174402338351
                                                 ],
                                                 [
                                                     -3.834346577911091,
                                                     52.720145984897144
                                                 ],
                                                 [
                                                     -3.83440029462074,
                                                     52.720084932211321
                                                 ],
                                                 [
                                                     -3.834457728505875,
                                                     52.719969893262608
                                                 ],
                                                 [
                                                     -3.834415297985417,
                                                     52.719913024897018
                                                 ],
                                                 [
                                                     -3.834292012137099,
                                                     52.71979709650266
                                                 ],
                                                 [
                                                     -3.834270813233482,
                                                     52.719751584884762
                                                 ],
                                                 [
                                                     -3.834277790039942,
                                                     52.719670582955992
                                                 ],
                                                 [
                                                     -3.834300208420466,
                                                     52.719605520138202
                                                 ],
                                                 [
                                                     -3.83427836091083,
                                                     52.719471843830512
                                                 ],
                                                 [
                                                     -3.834223299502014,
                                                     52.719361242148516
                                                 ],
                                                 [
                                                     -3.834127629560627,
                                                     52.719269154247463
                                                 ],
                                                 [
                                                     -3.833974150889944,
                                                     52.719210409486038
                                                 ],
                                                 [
                                                     -3.834039432513651,
                                                     52.719107831946602
                                                 ],
                                                 [
                                                     -3.834148863569774,
                                                     52.71903333372542
                                                 ],
                                                 [
                                                     -3.834181383854211,
                                                     52.718961733822745
                                                 ],
                                                 [
                                                     -3.834176181648654,
                                                     52.71883777612107
                                                 ],
                                                 [
                                                     -3.834132261287253,
                                                     52.718777336179635
                                                 ],
                                                 [
                                                     -3.833972035587457,
                                                     52.718630520191184
                                                 ],
                                                 [
                                                     -3.833957456243909,
                                                     52.718600185985537
                                                 ],
                                                 [
                                                     -3.833974470383112,
                                                     52.71854599311802
                                                 ],
                                                 [
                                                     -3.833885636544703,
                                                     52.718442205594187
                                                 ],
                                                 [
                                                     -3.8337173671731,
                                                     52.718417843666991
                                                 ],
                                                 [
                                                     -3.833467301017431,
                                                     52.718387556838969
                                                 ],
                                                 [
                                                     -3.833298842226443,
                                                     52.71835870364032
                                                 ],
                                                 [
                                                     -3.833211406605231,
                                                     52.718323114508046
                                                 ],
                                                 [
                                                     -3.833127621326803,
                                                     52.718266885283704
                                                 ],
                                                 [
                                                     -3.832995673196491,
                                                     52.718191627320955
                                                 ],
                                                 [
                                                     -3.832951753610448,
                                                     52.718131186039756
                                                 ],
                                                 [
                                                     -3.832923029194348,
                                                     52.717976044163834
                                                 ],
                                                 [
                                                     -3.832917529410776,
                                                     52.717844901058221
                                                 ],
                                                 [
                                                     -3.832870584709956,
                                                     52.717715207113166
                                                 ],
                                                 [
                                                     -3.832836650148024,
                                                     52.717648320511486
                                                 ],
                                                 [
                                                     -3.832753922786868,
                                                     52.717617241762795
                                                 ],
                                                 [
                                                     -3.83263700178568,
                                                     52.717548042825428
                                                 ],
                                                 [
                                                     -3.832602836789647,
                                                     52.717402871289075
                                                 ],
                                                 [
                                                     -3.832529108740597,
                                                     52.717234133314207
                                                 ],
                                                 [
                                                     -3.832420417132369,
                                                     52.717148627961741
                                                 ],
                                                 [
                                                     -3.83240977522003,
                                                     52.717107356506567
                                                 ],
                                                 [
                                                     -3.832405346030294,
                                                     52.717106525898572
                                                 ],
                                                 [
                                                     -3.832298763712857,
                                                     52.717071322014377
                                                 ],
                                                 [
                                                     -3.832261977672654,
                                                     52.717006276594908
                                                 ],
                                                 [
                                                     -3.832253624030083,
                                                     52.716914725473856
                                                 ],
                                                 [
                                                     -3.832207262995394,
                                                     52.716830952730234
                                                 ],
                                                 [
                                                     -3.83214207205899,
                                                     52.716795918047595
                                                 ],
                                                 [
                                                     -3.832139662303774,
                                                     52.716738430253393
                                                 ],
                                                 [
                                                     -3.832272193784065,
                                                     52.716650094016089
                                                 ],
                                                 [
                                                     -3.832306738421773,
                                                     52.716521927260388
                                                 ],
                                                 [
                                                     -3.832334091983128,
                                                     52.716501729998555
                                                 ],
                                                 [
                                                     -3.832376148761413,
                                                     52.71637515444263
                                                 ],
                                                 [
                                                     -3.832441062710584,
                                                     52.716333703897767
                                                 ],
                                                 [
                                                     -3.832504912784152,
                                                     52.716196994068056
                                                 ],
                                                 [
                                                     -3.832507864594481,
                                                     52.716054844956737
                                                 ],
                                                 [
                                                     -3.832471936019553,
                                                     52.715940350325283
                                                 ],
                                                 [
                                                     -3.832438455373072,
                                                     52.715884241972198
                                                 ],
                                                 [
                                                     -3.832312258293511,
                                                     52.715768357461599
                                                 ],
                                                 [
                                                     -3.832294292784609,
                                                     52.715729985460321
                                                 ],
                                                 [
                                                     -3.832342727929732,
                                                     52.71550803648951
                                                 ],
                                                 [
                                                     -3.832352113933501,
                                                     52.715449467249996
                                                 ],
                                                 [
                                                     -3.832345646339098,
                                                     52.715365077814027
                                                 ],
                                                 [
                                                     -3.832312614437265,
                                                     52.715284694468799
                                                 ],
                                                 [
                                                     -3.832290716548226,
                                                     52.715254473195337
                                                 ],
                                                 [
                                                     -3.832238670398886,
                                                     52.715180584735755
                                                 ],
                                                 [
                                                     -3.832200078859649,
                                                     52.715072423855517
                                                 ],
                                                 [
                                                     -3.832165323915689,
                                                     52.71494802467744
                                                 ],
                                                 [
                                                     -3.832142614848116,
                                                     52.714831438418543
                                                 ],
                                                 [
                                                     -3.832127841201216,
                                                     52.714726503868512
                                                 ],
                                                 [
                                                     -3.83212567753733,
                                                     52.71449724713996
                                                 ],
                                                 [
                                                     -3.832123485308154,
                                                     52.714375040941754
                                                 ],
                                                 [
                                                     -3.832228208188031,
                                                     52.714258282986442
                                                 ],
                                                 [
                                                     -3.832293976320652,
                                                     52.714167384158245
                                                 ],
                                                 [
                                                     -3.832295651410585,
                                                     52.714067588027362
                                                 ],
                                                 [
                                                     -3.832286107098033,
                                                     52.713979650706655
                                                 ],
                                                 [
                                                     -3.832377365936324,
                                                     52.71375434327868
                                                 ],
                                                 [
                                                     -3.832372863510865,
                                                     52.713507145522179
                                                 ],
                                                 [
                                                     -3.832476047468246,
                                                     52.713388703749118
                                                 ],
                                                 [
                                                     -3.832524786761964,
                                                     52.713281798255707
                                                 ],
                                                 [
                                                     -3.832523049303687,
                                                     52.713205425609338
                                                 ],
                                                 [
                                                     -3.83243809935254,
                                                     52.713013401269315
                                                 ],
                                                 [
                                                     -3.832403939606551,
                                                     52.71290607099322
                                                 ],
                                                 [
                                                     -3.832389320459344,
                                                     52.712839783803645
                                                 ],
                                                 [
                                                     -3.832356474413023,
                                                     52.712690996300125
                                                 ],
                                                 [
                                                     -3.832387612781391,
                                                     52.712656359665054
                                                 ],
                                                 [
                                                     -3.832518325001845,
                                                     52.712597712763682
                                                 ],
                                                 [
                                                     -3.832578568805912,
                                                     52.712552738858484
                                                 ],
                                                 [
                                                     -3.83259550719277,
                                                     52.712496750040529
                                                 ],
                                                 [
                                                     -3.832571673244304,
                                                     52.712315466167269
                                                 ],
                                                 [
                                                     -3.83258012234697,
                                                     52.712269494917237
                                                 ],
                                                 [
                                                     -3.832657718061375,
                                                     52.712178412958728
                                                 ],
                                                 [
                                                     -3.832648841514485,
                                                     52.712109340649796
                                                 ],
                                                 [
                                                     -3.832768472808953,
                                                     52.712031000465892
                                                 ],
                                                 [
                                                     -3.832834170890937,
                                                     52.712008412844625
                                                 ],
                                                 [
                                                     -3.832879842911336,
                                                     52.711968158625204
                                                 ],
                                                 [
                                                     -3.832858310501332,
                                                     52.711914561948284
                                                 ],
                                                 [
                                                     -3.832776524541815,
                                                     52.711835831717529
                                                 ],
                                                 [
                                                     -3.832770702497021,
                                                     52.711801765605557
                                                 ],
                                                 [
                                                     -3.832762462317145,
                                                     52.711747874356831
                                                 ],
                                                 [
                                                     -3.832796753462064,
                                                     52.711718581546485
                                                 ],
                                                 [
                                                     -3.832910678047951,
                                                     52.711681765466167
                                                 ],
                                                 [
                                                     -3.833025359790629,
                                                     52.711625163144802
                                                 ],
                                                 [
                                                     -3.833054573450973,
                                                     52.711582467042213
                                                 ],
                                                 [
                                                     -3.833100845973209,
                                                     52.711556584268138
                                                 ],
                                                 [
                                                     -3.83319783657863,
                                                     52.71153800606767
                                                 ],
                                                 [
                                                     -3.833244298802691,
                                                     52.711516614815949
                                                 ],
                                                 [
                                                     -3.833267731907852,
                                                     52.711475805335084
                                                 ],
                                                 [
                                                     -3.833101908361679,
                                                     52.711334468381231
                                                 ],
                                                 [
                                                     -3.833086691851209,
                                                     52.711288863102261
                                                 ],
                                                 [
                                                     -3.833102245588828,
                                                     52.711269747204412
                                                 ],
                                                 [
                                                     -3.833137584964082,
                                                     52.711230550866226
                                                 ],
                                                 [
                                                     -3.833206548455864,
                                                     52.711216002466493
                                                 ],
                                                 [
                                                     -3.833301420513865,
                                                     52.711149819052579
                                                 ],
                                                 [
                                                     -3.833346974451436,
                                                     52.711106780208759
                                                 ],
                                                 [
                                                     -3.833397943849937,
                                                     52.711050264840843
                                                 ],
                                                 [
                                                     -3.833324389562924,
                                                     52.710990282087948
                                                 ],
                                                 [
                                                     -3.833294559115826,
                                                     52.710913444882827
                                                 ],
                                                 [
                                                     -3.833314988751197,
                                                     52.710870883679057
                                                 ],
                                                 [
                                                     -3.83333515086293,
                                                     52.710859786409792
                                                 ],
                                                 [
                                                     -3.833515030101481,
                                                     52.710806579675769
                                                 ],
                                                 [
                                                     -3.833581473281451,
                                                     52.710766902019472
                                                 ],
                                                 [
                                                     -3.833615909129183,
                                                     52.710706147817277
                                                 ],
                                                 [
                                                     -3.833607937728425,
                                                     52.710620882560306
                                                 ],
                                                 [
                                                     -3.833627280575948,
                                                     52.710587327140246
                                                 ],
                                                 [
                                                     -3.833671900195446,
                                                     52.710556975187615
                                                 ],
                                                 [
                                                     -3.833702355812764,
                                                     52.710543920433992
                                                 ],
                                                 [
                                                     -3.833816502674051,
                                                     52.710512493609798
                                                 ],
                                                 [
                                                     -3.83383979035365,
                                                     52.710503145158114
                                                 ],
                                                 [
                                                     -3.833852639533321,
                                                     52.710489373792434
                                                 ],
                                                 [
                                                     -3.833852669387185,
                                                     52.710455218075815
                                                 ],
                                                 [
                                                     -3.833778653768663,
                                                     52.710314348667879
                                                 ],
                                                 [
                                                     -3.833759865237118,
                                                     52.710291269508687
                                                 ],
                                                 [
                                                     -3.833736836642596,
                                                     52.710271852279483
                                                 ],
                                                 [
                                                     -3.833702467119788,
                                                     52.710264294089242
                                                 ],
                                                 [
                                                     -3.833592563142555,
                                                     52.710254309949164
                                                 ],
                                                 [
                                                     -3.83356243382867,
                                                     52.71024309158674
                                                 ],
                                                 [
                                                     -3.833539593685633,
                                                     52.710228165019934
                                                 ],
                                                 [
                                                     -3.833507028636979,
                                                     52.710190918118037
                                                 ],
                                                 [
                                                     -3.833518926258244,
                                                     52.710157387082546
                                                 ],
                                                 [
                                                     -3.833693113680641,
                                                     52.710006385860851
                                                 ],
                                                 [
                                                     -3.833826078896606,
                                                     52.709963881568356
                                                 ],
                                                 [
                                                     -3.833838540344543,
                                                     52.709908860886792
                                                 ],
                                                 [
                                                     -3.833841455019798,
                                                     52.709800866508793
                                                 ],
                                                 [
                                                     -3.83389831533907,
                                                     52.709745158833748
                                                 ],
                                                 [
                                                     -3.83398605814171,
                                                     52.709718634000048
                                                 ],
                                                 [
                                                     -3.834051589879687,
                                                     52.709622344125066
                                                 ],
                                                 [
                                                     -3.834152394745473,
                                                     52.70955516999085
                                                 ],
                                                 [
                                                     -3.834276866110119,
                                                     52.709522593930942
                                                 ],
                                                 [
                                                     -3.834407684843342,
                                                     52.709501693887063
                                                 ],
                                                 [
                                                     -3.834460605565908,
                                                     52.709456832307509
                                                 ],
                                                 [
                                                     -3.834675031887198,
                                                     52.709380708152118
                                                 ],
                                                 [
                                                     -3.834680732123178,
                                                     52.709304219434117
                                                 ],
                                                 [
                                                     -3.834763884667577,
                                                     52.709275967803968
                                                 ],
                                                 [
                                                     -3.834781723785213,
                                                     52.709241536374734
                                                 ],
                                                 [
                                                     -3.834757749099222,
                                                     52.709199572397821
                                                 ],
                                                 [
                                                     -3.834780463353351,
                                                     52.709141695631786
                                                 ],
                                                 [
                                                     -3.834811674221053,
                                                     52.709108855355879
                                                 ],
                                                 [
                                                     -3.834869925737819,
                                                     52.709086381841544
                                                 ],
                                                 [
                                                     -3.834930056406775,
                                                     52.709073765522461
                                                 ],
                                                 [
                                                     -3.835037364517112,
                                                     52.70901907349559
                                                 ],
                                                 [
                                                     -3.835051513467572,
                                                     52.708969419239729
                                                 ],
                                                 [
                                                     -3.835158932796314,
                                                     52.70891742172752
                                                 ],
                                                 [
                                                     -3.835260818065293,
                                                     52.708841151849704
                                                 ],
                                                 [
                                                     -3.835314709974477,
                                                     52.708784589450424
                                                 ],
                                                 [
                                                     -3.835330013950087,
                                                     52.708692672948118
                                                 ],
                                                 [
                                                     -3.835283542276378,
                                                     52.708643956490363
                                                 ],
                                                 [
                                                     -3.835345874308532,
                                                     52.708541334609265
                                                 ],
                                                 [
                                                     -3.835449913605552,
                                                     52.70847860286144
                                                 ],
                                                 [
                                                     -3.835493692607386,
                                                     52.708393435314207
                                                 ],
                                                 [
                                                     -3.835502086499595,
                                                     52.708276457759204
                                                 ],
                                                 [
                                                     -3.835488909929906,
                                                     52.70813995081776
                                                 ],
                                                 [
                                                     -3.835493264858057,
                                                     52.708101233580265
                                                 ],
                                                 [
                                                     -3.835538892691028,
                                                     52.708060079870585
                                                 ],
                                                 [
                                                     -3.8355785440147,
                                                     52.708019018705507
                                                 ],
                                                 [
                                                     -3.835658200282966,
                                                     52.707977337918379
                                                 ],
                                                 [
                                                     -3.83569654360026,
                                                     52.707937105246991
                                                 ],
                                                 [
                                                     -3.835728204001778,
                                                     52.70791504315477
                                                 ],
                                                 [
                                                     -3.835804971593394,
                                                     52.707874306092407
                                                 ],
                                                 [
                                                     -3.835844251728949,
                                                     52.707859315910341
                                                 ],
                                                 [
                                                     -3.835862899374324,
                                                     52.707951696478382
                                                 ],
                                                 [
                                                     -3.836203323505393,
                                                     52.708019227832914
                                                 ],
                                                 [
                                                     -3.836643687274628,
                                                     52.708071726861832
                                                 ],
                                                 [
                                                     -3.836836034152309,
                                                     52.70810649666933
                                                 ],
                                                 [
                                                     -3.83700552030936,
                                                     52.708157799512698
                                                 ],
                                                 [
                                                     -3.837587897233842,
                                                     52.708386150990108
                                                 ],
                                                 [
                                                     -3.837843933897566,
                                                     52.708490040404811
                                                 ],
                                                 [
                                                     -3.838187956607573,
                                                     52.70864298797116
                                                 ],
                                                 [
                                                     -3.839575601189532,
                                                     52.708411941683558
                                                 ],
                                                 [
                                                     -3.839731447414981,
                                                     52.708458059659939
                                                 ],
                                                 [
                                                     -3.839880890254809,
                                                     52.708421584503128
                                                 ],
                                                 [
                                                     -3.84006491038225,
                                                     52.708571617733469
                                                 ],
                                                 [
                                                     -3.840173243411281,
                                                     52.708613978273966
                                                 ],
                                                 [
                                                     -3.840800871428026,
                                                     52.70882363520964
                                                 ],
                                                 [
                                                     -3.840889329299633,
                                                     52.708851922050215
                                                 ],
                                                 [
                                                     -3.84097775733068,
                                                     52.708876614751354
                                                 ],
                                                 [
                                                     -3.841157345798719,
                                                     52.70892415934231
                                                 ],
                                                 [
                                                     -3.841352685428477,
                                                     52.708992131585774
                                                 ],
                                                 [
                                                     -3.841724561222306,
                                                     52.708823665945019
                                                 ],
                                                 [
                                                     -3.842849991295192,
                                                     52.708623620078576
                                                 ],
                                                 [
                                                     -3.843390349076367,
                                                     52.708554995219693
                                                 ],
                                                 [
                                                     -3.844127262755126,
                                                     52.708476119684676
                                                 ],
                                                 [
                                                     -3.844591898880404,
                                                     52.708438239303135
                                                 ],
                                                 [
                                                     -3.84492873123816,
                                                     52.708423109198755
                                                 ],
                                                 [
                                                     -3.84507405802638,
                                                     52.708428037736397
                                                 ],
                                                 [
                                                     -3.845203422689089,
                                                     52.708442291768506
                                                 ],
                                                 [
                                                     -3.845509327046039,
                                                     52.708463595019154
                                                 ],
                                                 [
                                                     -3.845859142936067,
                                                     52.708510278952545
                                                 ],
                                                 [
                                                     -3.846480139424429,
                                                     52.708634531478836
                                                 ],
                                                 [
                                                     -3.847025172220389,
                                                     52.708780727200384
                                                 ],
                                                 [
                                                     -3.847087901818704,
                                                     52.708795029532659
                                                 ],
                                                 [
                                                     -3.847221300020482,
                                                     52.708832498512031
                                                 ],
                                                 [
                                                     -3.847961127234297,
                                                     52.709001630104716
                                                 ],
                                                 [
                                                     -3.848326763639752,
                                                     52.709104776189641
                                                 ],
                                                 [
                                                     -3.84879189572557,
                                                     52.709217065563521
                                                 ],
                                                 [
                                                     -3.849043013446056,
                                                     52.709276066041134
                                                 ],
                                                 [
                                                     -3.849229215806103,
                                                     52.709303720802652
                                                 ],
                                                 [
                                                     -3.849436211573244,
                                                     52.709297794547702
                                                 ],
                                                 [
                                                     -3.8495513314886,
                                                     52.709289706297966
                                                 ],
                                                 [
                                                     -3.849774121246846,
                                                     52.709235894955597
                                                 ],
                                                 [
                                                     -3.850009939216227,
                                                     52.709175588030554
                                                 ],
                                                 [
                                                     -3.850294050903848,
                                                     52.709102842176854
                                                 ],
                                                 [
                                                     -3.850589632877227,
                                                     52.708986772133173
                                                 ],
                                                 [
                                                     -3.850867039574235,
                                                     52.708896962449401
                                                 ],
                                                 [
                                                     -3.851024502173819,
                                                     52.708839674379597
                                                 ],
                                                 [
                                                     -3.851273039356437,
                                                     52.708696473787974
                                                 ],
                                                 [
                                                     -3.851505027045539,
                                                     52.708580406661206
                                                 ],
                                                 [
                                                     -3.851635358696898,
                                                     52.708513655261548
                                                 ],
                                                 [
                                                     -3.851918091548074,
                                                     52.708339359116238
                                                 ],
                                                 [
                                                     -3.852010270926683,
                                                     52.708276708077172
                                                 ],
                                                 [
                                                     -3.852351377044794,
                                                     52.708117677733092
                                                 ],
                                                 [
                                                     -3.852418675653434,
                                                     52.70809864956297
                                                 ],
                                                 [
                                                     -3.852787108624758,
                                                     52.707991232594424
                                                 ],
                                                 [
                                                     -3.853231080364465,
                                                     52.707883622298645
                                                 ],
                                                 [
                                                     -3.853525011923376,
                                                     52.707798131436803
                                                 ],
                                                 [
                                                     -3.853769805627355,
                                                     52.707708015715383
                                                 ],
                                                 [
                                                     -3.853969465915603,
                                                     52.70763289648476
                                                 ],
                                                 [
                                                     -3.854377349255655,
                                                     52.707618425249748
                                                 ],
                                                 [
                                                     -3.854721023936753,
                                                     52.707623833765318
                                                 ],
                                                 [
                                                     -3.855165756436084,
                                                     52.707603390421525
                                                 ],
                                                 [
                                                     -3.855524318652713,
                                                     52.707577104547426
                                                 ],
                                                 [
                                                     -3.855772546511049,
                                                     52.707565127998251
                                                 ],
                                                 [
                                                     -3.856030330210927,
                                                     52.707640278266297
                                                 ],
                                                 [
                                                     -3.856259021263851,
                                                     52.707694221960701
                                                 ],
                                                 [
                                                     -3.856906133940932,
                                                     52.70780362914762
                                                 ],
                                                 [
                                                     -3.857351962928554,
                                                     52.7079152883435
                                                 ],
                                                 [
                                                     -3.857561931119462,
                                                     52.707979499218034
                                                 ],
                                                 [
                                                     -3.857750329479372,
                                                     52.708021487958618
                                                 ],
                                                 [
                                                     -3.857781501193616,
                                                     52.70802549387173
                                                 ],
                                                 [
                                                     -3.858075997088683,
                                                     52.707953464623358
                                                 ],
                                                 [
                                                     -3.858164141138371,
                                                     52.70793680272056
                                                 ],
                                                 [
                                                     -3.858252437830476,
                                                     52.707923733804861
                                                 ],
                                                 [
                                                     -3.858440192894033,
                                                     52.707918991632397
                                                 ],
                                                 [
                                                     -3.859048239494268,
                                                     52.708119781413359
                                                 ],
                                                 [
                                                     -3.859395633290143,
                                                     52.708284300425881
                                                 ],
                                                 [
                                                     -3.859565898591515,
                                                     52.708387690682301
                                                 ],
                                                 [
                                                     -3.859803545726488,
                                                     52.708545841334107
                                                 ],
                                                 [
                                                     -3.86021265634628,
                                                     52.70890713188583
                                                 ],
                                                 [
                                                     -3.860434859799278,
                                                     52.709502443758467
                                                 ],
                                                 [
                                                     -3.860352667283148,
                                                     52.709587324701651
                                                 ],
                                                 [
                                                     -3.860222736843862,
                                                     52.709734974747384
                                                 ],
                                                 [
                                                     -3.860389937061933,
                                                     52.709803447383727
                                                 ],
                                                 [
                                                     -3.860605265209803,
                                                     52.709646277552878
                                                 ],
                                                 [
                                                     -3.860793116356477,
                                                     52.709503111330285
                                                 ],
                                                 [
                                                     -3.861070009245955,
                                                     52.709295538642969
                                                 ],
                                                 [
                                                     -3.861323077638344,
                                                     52.709225050965465
                                                 ],
                                                 [
                                                     -3.861342042954289,
                                                     52.709217562220175
                                                 ],
                                                 [
                                                     -3.86135529949542,
                                                     52.70921645583666
                                                 ],
                                                 [
                                                     -3.861394847616344,
                                                     52.709205048376418
                                                 ],
                                                 [
                                                     -3.861493735866893,
                                                     52.709199899794079
                                                 ],
                                                 [
                                                     -3.861806444684388,
                                                     52.709174315158251
                                                 ],
                                                 [
                                                     -3.862307467139334,
                                                     52.709119704500651
                                                 ],
                                                 [
                                                     -3.863171324278877,
                                                     52.708929866747312
                                                 ],
                                                 [
                                                     -3.864122619764339,
                                                     52.708709884692375
                                                 ],
                                                 [
                                                     -3.864500349923431,
                                                     52.70864641751367
                                                 ],
                                                 [
                                                     -3.864796832213581,
                                                     52.708621080217831
                                                 ],
                                                 [
                                                     -3.865073122070893,
                                                     52.708574487242977
                                                 ],
                                                 [
                                                     -3.865341948194351,
                                                     52.708490261114633
                                                 ],
                                                 [
                                                     -3.865685915725058,
                                                     52.708399367990914
                                                 ],
                                                 [
                                                     -3.86582239281251,
                                                     52.708336997735472
                                                 ],
                                                 [
                                                     -3.865902288654724,
                                                     52.708301584474292
                                                 ],
                                                 [
                                                     -3.866173316654891,
                                                     52.708166088171609
                                                 ],
                                                 [
                                                     -3.866360289734103,
                                                     52.708037217749506
                                                 ],
                                                 [
                                                     -3.86659217191944,
                                                     52.707851103308819
                                                 ],
                                                 [
                                                     -3.866862749177066,
                                                     52.70760226990965
                                                 ],
                                                 [
                                                     -3.867088270209249,
                                                     52.707373021128426
                                                 ],
                                                 [
                                                     -3.867247188369845,
                                                     52.707244681131122
                                                 ],
                                                 [
                                                     -3.867387707651763,
                                                     52.70713991089297
                                                 ],
                                                 [
                                                     -3.867737805035076,
                                                     52.706984288680488
                                                 ],
                                                 [
                                                     -3.868023890811431,
                                                     52.706853045262925
                                                 ],
                                                 [
                                                     -3.868348109080208,
                                                     52.7067516691924
                                                 ],
                                                 [
                                                     -3.868894851325715,
                                                     52.706591146931196
                                                 ],
                                                 [
                                                     -3.869018137986124,
                                                     52.706531677277681
                                                 ],
                                                 [
                                                     -3.869164050830316,
                                                     52.706413337095327
                                                 ],
                                                 [
                                                     -3.869522851007575,
                                                     52.706218923152058
                                                 ],
                                                 [
                                                     -3.869707750996595,
                                                     52.706147605451036
                                                 ],
                                                 [
                                                     -3.869992697380602,
                                                     52.706061316087919
                                                 ],
                                                 [
                                                     -3.870093319842642,
                                                     52.706025572899385
                                                 ],
                                                 [
                                                     -3.870581627454219,
                                                     52.705814640331191
                                                 ],
                                                 [
                                                     -3.871001297798053,
                                                     52.705659709239406
                                                 ],
                                                 [
                                                     -3.871361888202502,
                                                     52.705541661391031
                                                 ],
                                                 [
                                                     -3.871597269123303,
                                                     52.705506485326332
                                                 ],
                                                 [
                                                     -3.871844893727871,
                                                     52.705449453670461
                                                 ],
                                                 [
                                                     -3.871947131465789,
                                                     52.705417278827852
                                                 ],
                                                 [
                                                     -3.872133612111384,
                                                     52.705346022225804
                                                 ],
                                                 [
                                                     -3.872225175533663,
                                                     52.705306824848464
                                                 ],
                                                 [
                                                     -3.872431845883721,
                                                     52.705191205162677
                                                 ],
                                                 [
                                                     -3.872616052823903,
                                                     52.705066862851915
                                                 ],
                                                 [
                                                     -3.872771820855041,
                                                     52.704936767733273
                                                 ],
                                                 [
                                                     -3.872940836571698,
                                                     52.704839629526028
                                                 ],
                                                 [
                                                     -3.872999025384273,
                                                     52.704816238987455
                                                 ],
                                                 [
                                                     -3.873169005939648,
                                                     52.704741646034172
                                                 ],
                                                 [
                                                     -3.873526339920097,
                                                     52.704653304804673
                                                 ],
                                                 [
                                                     -3.873951494733317,
                                                     52.704592652860271
                                                 ],
                                                 [
                                                     -3.874407630737942,
                                                     52.704528813015649
                                                 ],
                                                 [
                                                     -3.874495141473318,
                                                     52.704497678046437
                                                 ],
                                                 [
                                                     -3.874773134645892,
                                                     52.70438631970665
                                                 ],
                                                 [
                                                     -3.875264673826011,
                                                     52.704322815570819
                                                 ],
                                                 [
                                                     -3.875536806327764,
                                                     52.704385022920718
                                                 ],
                                                 [
                                                     -3.875636606410072,
                                                     52.704401419864759
                                                 ],
                                                 [
                                                     -3.876471183326819,
                                                     52.704326189296275
                                                 ],
                                                 [
                                                     -3.876819533253842,
                                                     52.704338649552881
                                                 ],
                                                 [
                                                     -3.877035404416046,
                                                     52.704366689848314
                                                 ],
                                                 [
                                                     -3.877348071149696,
                                                     52.70437522006177
                                                 ],
                                                 [
                                                     -3.877468490722816,
                                                     52.70438858706877
                                                 ],
                                                 [
                                                     -3.877583246194449,
                                                     52.704406548128347
                                                 ],
                                                 [
                                                     -3.877771068603372,
                                                     52.704471974148696
                                                 ],
                                                 [
                                                     -3.877929952646885,
                                                     52.704551250369377
                                                 ],
                                                 [
                                                     -3.878116773985358,
                                                     52.70466154189242
                                                 ],
                                                 [
                                                     -3.878285865490816,
                                                     52.704739757689588
                                                 ],
                                                 [
                                                     -3.878354387661376,
                                                     52.704783702573074
                                                 ],
                                                 [
                                                     -3.878495504285528,
                                                     52.704830003224295
                                                 ],
                                                 [
                                                     -3.878661586984498,
                                                     52.704838156977146
                                                 ],
                                                 [
                                                     -3.878685169090114,
                                                     52.704835984972391
                                                 ],
                                                 [
                                                     -3.878967112884363,
                                                     52.704680421401392
                                                 ],
                                                 [
                                                     -3.879383613879608,
                                                     52.704415762285365
                                                 ],
                                                 [
                                                     -3.879620592118975,
                                                     52.704315829278741
                                                 ],
                                                 [
                                                     -3.879989194111964,
                                                     52.704180550543207
                                                 ],
                                                 [
                                                     -3.880333071430392,
                                                     52.704157118612152
                                                 ],
                                                 [
                                                     -3.88057394614824,
                                                     52.7041479038581
                                                 ],
                                                 [
                                                     -3.880908268343413,
                                                     52.70414349647212
                                                 ],
                                                 [
                                                     -3.881265900128597,
                                                     52.704130629912363
                                                 ],
                                                 [
                                                     -3.88163683056071,
                                                     52.704151705760566
                                                 ],
                                                 [
                                                     -3.881760259321839,
                                                     52.7041641269374
                                                 ],
                                                 [
                                                     -3.881970742836331,
                                                     52.704239882092175
                                                 ],
                                                 [
                                                     -3.882123503085884,
                                                     52.704315654521224
                                                 ],
                                                 [
                                                     -3.88236798601389,
                                                     52.704424216271434
                                                 ],
                                                 [
                                                     -3.882538055870951,
                                                     52.704559036103944
                                                 ],
                                                 [
                                                     -3.882712368981748,
                                                     52.704687496454561
                                                 ],
                                                 [
                                                     -3.882965920324709,
                                                     52.704870514931422
                                                 ],
                                                 [
                                                     -3.883062267892714,
                                                     52.704942688805225
                                                 ],
                                                 [
                                                     -3.883275430590814,
                                                     52.705080508252401
                                                 ],
                                                 [
                                                     -3.883469739788899,
                                                     52.705194268802217
                                                 ],
                                                 [
                                                     -3.883550017049567,
                                                     52.705236136708216
                                                 ],
                                                 [
                                                     -3.88373045295183,
                                                     52.70529978266147
                                                 ],
                                                 [
                                                     -3.884170334696925,
                                                     52.705306362717351
                                                 ],
                                                 [
                                                     -3.884397605106439,
                                                     52.705462741474193
                                                 ],
                                                 [
                                                     -3.884614271916516,
                                                     52.705579739239148
                                                 ],
                                                 [
                                                     -3.884689784295066,
                                                     52.705646940297534
                                                 ],
                                                 [
                                                     -3.884701847154906,
                                                     52.705652141207729
                                                 ],
                                                 [
                                                     -3.884828324756549,
                                                     52.705704059918233
                                                 ],
                                                 [
                                                     -3.885100278187984,
                                                     52.705727598189192
                                                 ],
                                                 [
                                                     -3.885501610231104,
                                                     52.70566368823556
                                                 ],
                                                 [
                                                     -3.885840277530337,
                                                     52.705587202311634
                                                 ],
                                                 [
                                                     -3.88585638209616,
                                                     52.705584249674686
                                                 ],
                                                 [
                                                     -3.885982424068638,
                                                     52.70555527842852
                                                 ],
                                                 [
                                                     -3.886434608359256,
                                                     52.705433930413591
                                                 ],
                                                 [
                                                     -3.886864493624143,
                                                     52.705242735584953
                                                 ],
                                                 [
                                                     -3.887124478057514,
                                                     52.705195452275042
                                                 ],
                                                 [
                                                     -3.887553765072367,
                                                     52.705095137330211
                                                 ],
                                                 [
                                                     -3.88768835861818,
                                                     52.705057938928974
                                                 ],
                                                 [
                                                     -3.888314099483797,
                                                     52.70484384527407
                                                 ],
                                                 [
                                                     -3.888620468568136,
                                                     52.704774246785746
                                                 ],
                                                 [
                                                     -3.88891307789009,
                                                     52.704694081313953
                                                 ],
                                                 [
                                                     -3.889178173931806,
                                                     52.70462963464994
                                                 ],
                                                 [
                                                     -3.889674018446207,
                                                     52.704457152617117
                                                 ],
                                                 [
                                                     -3.889989650499458,
                                                     52.704328080816268
                                                 ],
                                                 [
                                                     -3.890311921306664,
                                                     52.704149375826724
                                                 ],
                                                 [
                                                     -3.890391894593211,
                                                     52.704082485407007
                                                 ],
                                                 [
                                                     -3.890612327379931,
                                                     52.704009758795664
                                                 ],
                                                 [
                                                     -3.890759054237123,
                                                     52.7039795542292
                                                 ],
                                                 [
                                                     -3.890857055158503,
                                                     52.703920375083882
                                                 ],
                                                 [
                                                     -3.891014253553605,
                                                     52.703858543915018
                                                 ],
                                                 [
                                                     -3.891278265457989,
                                                     52.703803097106274
                                                 ],
                                                 [
                                                     -3.891562453965283,
                                                     52.703802156961594
                                                 ],
                                                 [
                                                     -3.891683448569877,
                                                     52.703792136570328
                                                 ],
                                                 [
                                                     -3.891891044968274,
                                                     52.703733094325145
                                                 ],
                                                 [
                                                     -3.892126795224601,
                                                     52.703743712476466
                                                 ],
                                                 [
                                                     -3.892240259124977,
                                                     52.703697857974944
                                                 ],
                                                 [
                                                     -3.892431362239979,
                                                     52.703632787174165
                                                 ],
                                                 [
                                                     -3.89259451528145,
                                                     52.703640967266949
                                                 ],
                                                 [
                                                     -3.89277943784724,
                                                     52.703638913036364
                                                 ],
                                                 [
                                                     -3.893222830317657,
                                                     52.703521183896356
                                                 ],
                                                 [
                                                     -3.893329895164232,
                                                     52.703462846875404
                                                 ],
                                                 [
                                                     -3.89348339235681,
                                                     52.703419947055444
                                                 ],
                                                 [
                                                     -3.893784132832803,
                                                     52.703392670636234
                                                 ],
                                                 [
                                                     -3.894015052846528,
                                                     52.703460887004915
                                                 ],
                                                 [
                                                     -3.894101881898701,
                                                     52.703481970289182
                                                 ],
                                                 [
                                                     -3.894596296574188,
                                                     52.703381487747151
                                                 ],
                                                 [
                                                     -3.895261979248447,
                                                     52.703338485450992
                                                 ],
                                                 [
                                                     -3.895544578810823,
                                                     52.703337561144437
                                                 ],
                                                 [
                                                     -3.895653212878952,
                                                     52.703349305404608
                                                 ],
                                                 [
                                                     -3.895784076968324,
                                                     52.703364290327308
                                                 ],
                                                 [
                                                     -3.896042309643583,
                                                     52.703414987591962
                                                 ],
                                                 [
                                                     -3.896084513436786,
                                                     52.703431390623408
                                                 ],
                                                 [
                                                     -3.896268237283663,
                                                     52.703503054098881
                                                 ],
                                                 [
                                                     -3.896434744408553,
                                                     52.703588565495657
                                                 ],
                                                 [
                                                     -3.89666205425277,
                                                     52.703677508234414
                                                 ],
                                                 [
                                                     -3.897070368416003,
                                                     52.703707824804788
                                                 ],
                                                 [
                                                     -3.897302236147928,
                                                     52.703730179418251
                                                 ],
                                                 [
                                                     -3.897483001035205,
                                                     52.703733577165252
                                                 ],
                                                 [
                                                     -3.897692254815147,
                                                     52.703608883303346
                                                 ],
                                                 [
                                                     -3.897850514751287,
                                                     52.703470535705634
                                                 ],
                                                 [
                                                     -3.897940450843124,
                                                     52.703394491425115
                                                 ],
                                                 [
                                                     -3.898056998158483,
                                                     52.70328206886208
                                                 ],
                                                 [
                                                     -3.898176954309484,
                                                     52.703217229094761
                                                 ],
                                                 [
                                                     -3.898932747704574,
                                                     52.702793274684453
                                                 ],
                                                 [
                                                     -3.899284335799374,
                                                     52.702607873216259
                                                 ],
                                                 [
                                                     -3.899517874229618,
                                                     52.702533930830356
                                                 ],
                                                 [
                                                     -3.899585902105784,
                                                     52.702498684795572
                                                 ],
                                                 [
                                                     -3.899647922586662,
                                                     52.702459939544724
                                                 ],
                                                 [
                                                     -3.899724033925033,
                                                     52.702338276120237
                                                 ],
                                                 [
                                                     -3.899827726554604,
                                                     52.702272796252082
                                                 ],
                                                 [
                                                     -3.900225448585529,
                                                     52.702127009918257
                                                 ],
                                                 [
                                                     -3.900461702826287,
                                                     52.702079178503787
                                                 ],
                                                 [
                                                     -3.900634258978063,
                                                     52.702031470023677
                                                 ],
                                                 [
                                                     -3.901049313543697,
                                                     52.701944815873567
                                                 ],
                                                 [
                                                     -3.901582918480373,
                                                     52.701960523191815
                                                 ],
                                                 [
                                                     -3.901678623395564,
                                                     52.701949999241911
                                                 ],
                                                 [
                                                     -3.901842179650399,
                                                     52.701933891778523
                                                 ],
                                                 [
                                                     -3.901902950046899,
                                                     52.701933815603446
                                                 ],
                                                 [
                                                     -3.901963675795419,
                                                     52.701935537401027
                                                 ],
                                                 [
                                                     -3.902424663994263,
                                                     52.701984764711348
                                                 ],
                                                 [
                                                     -3.902593979169325,
                                                     52.702000023932548
                                                 ],
                                                 [
                                                     -3.902947139852286,
                                                     52.702019521010527
                                                 ],
                                                 [
                                                     -3.903223954340916,
                                                     52.702020468508607
                                                 ],
                                                 [
                                                     -3.903378451435574,
                                                     52.702000908936149
                                                 ],
                                                 [
                                                     -3.903943733563673,
                                                     52.701723886090122
                                                 ],
                                                 [
                                                     -3.90423437314567,
                                                     52.701602367447236
                                                 ],
                                                 [
                                                     -3.904748155127299,
                                                     52.701437623433819
                                                 ],
                                                 [
                                                     -3.905337125337593,
                                                     52.701231309808023
                                                 ],
                                                 [
                                                     -3.905476645247237,
                                                     52.701170552635951
                                                 ],
                                                 [
                                                     -3.905786412096608,
                                                     52.701079282772213
                                                 ],
                                                 [
                                                     -3.906057318288154,
                                                     52.701012007272226
                                                 ],
                                                 [
                                                     -3.906333632841767,
                                                     52.700968014294318
                                                 ],
                                                 [
                                                     -3.906791495927786,
                                                     52.700912110531469
                                                 ],
                                                 [
                                                     -3.906818992258636,
                                                     52.70099975414422
                                                 ],
                                                 [
                                                     -3.906876682802839,
                                                     52.701066239037658
                                                 ],
                                                 [
                                                     -3.906885370289062,
                                                     52.701097558546572
                                                 ],
                                                 [
                                                     -3.906712026401109,
                                                     52.701160569883612
                                                 ],
                                                 [
                                                     -3.906442312915934,
                                                     52.701221625742981
                                                 ],
                                                 [
                                                     -3.906210034507824,
                                                     52.701256821496052
                                                 ],
                                                 [
                                                     -3.906087581341919,
                                                     52.701367549993101
                                                 ],
                                                 [
                                                     -3.905937192817006,
                                                     52.701484121303189
                                                 ],
                                                 [
                                                     -3.906009103931827,
                                                     52.701605296348227
                                                 ],
                                                 [
                                                     -3.906007287404607,
                                                     52.701768014781983
                                                 ],
                                                 [
                                                     -3.905968715768786,
                                                     52.701865799297828
                                                 ],
                                                 [
                                                     -3.906022653205113,
                                                     52.701916165766903
                                                 ],
                                                 [
                                                     -3.906045405015615,
                                                     52.701995795802532
                                                 ],
                                                 [
                                                     -3.90625582656946,
                                                     52.702102968335119
                                                 ],
                                                 [
                                                     -3.9063518322364,
                                                     52.702132973207078
                                                 ],
                                                 [
                                                     -3.906425454866891,
                                                     52.702226166747117
                                                 ],
                                                 [
                                                     -3.906530478405556,
                                                     52.702258632880095
                                                 ],
                                                 [
                                                     -3.906652787484152,
                                                     52.702382502310009
                                                 ],
                                                 [
                                                     -3.906773902214463,
                                                     52.7024453594492
                                                 ],
                                                 [
                                                     -3.907131441958376,
                                                     52.702598700846032
                                                 ],
                                                 [
                                                     -3.907368364726111,
                                                     52.702736993254177
                                                 ],
                                                 [
                                                     -3.907542471288912,
                                                     52.702758460175339
                                                 ],
                                                 [
                                                     -3.907770927049309,
                                                     52.702803319378809
                                                 ],
                                                 [
                                                     -3.907969234735984,
                                                     52.702940345924581
                                                 ],
                                                 [
                                                     -3.908142401698651,
                                                     52.702940254239543
                                                 ],
                                                 [
                                                     -3.908229026193897,
                                                     52.702990092517837
                                                 ],
                                                 [
                                                     -3.908335750907556,
                                                     52.703027923340244
                                                 ],
                                                 [
                                                     -3.908552945720374,
                                                     52.703052379423859
                                                 ],
                                                 [
                                                     -3.908809100518523,
                                                     52.703088701406294
                                                 ],
                                                 [
                                                     -3.909278733334914,
                                                     52.703234837215867
                                                 ],
                                                 [
                                                     -3.909458291652087,
                                                     52.70328048185366
                                                 ],
                                                 [
                                                     -3.909719579844857,
                                                     52.703364447577442
                                                 ],
                                                 [
                                                     -3.90995142248877,
                                                     52.703455987435987
                                                 ],
                                                 [
                                                     -3.910358204787721,
                                                     52.7035851554282
                                                 ],
                                                 [
                                                     -3.910601366351509,
                                                     52.703695477960252
                                                 ],
                                                 [
                                                     -3.91086486176754,
                                                     52.703799089468205
                                                 ],
                                                 [
                                                     -3.91104223079728,
                                                     52.703895101916054
                                                 ],
                                                 [
                                                     -3.911097491323115,
                                                     52.703939242828511
                                                 ],
                                                 [
                                                     -3.911170702123115,
                                                     52.704123222559829
                                                 ],
                                                 [
                                                     -3.911383125895698,
                                                     52.704345494510783
                                                 ],
                                                 [
                                                     -3.911594474861115,
                                                     52.704473315602243
                                                 ],
                                                 [
                                                     -3.911636047141003,
                                                     52.704508598906472
                                                 ],
                                                 [
                                                     -3.91197932762124,
                                                     52.70481235044214
                                                 ],
                                                 [
                                                     -3.912115728189808,
                                                     52.704883944726291
                                                 ],
                                                 [
                                                     -3.912803569687252,
                                                     52.705380777295979
                                                 ],
                                                 [
                                                     -3.91303330329015,
                                                     52.705591082330933
                                                 ],
                                                 [
                                                     -3.913191396232597,
                                                     52.705753915962141
                                                 ],
                                                 [
                                                     -3.913356847321482,
                                                     52.705948179806818
                                                 ],
                                                 [
                                                     -3.913544028473702,
                                                     52.70610074682056
                                                 ],
                                                 [
                                                     -3.913755177595542,
                                                     52.706290586869443
                                                 ],
                                                 [
                                                     -3.914007716790683,
                                                     52.706480747103718
                                                 ],
                                                 [
                                                     -3.91416913722724,
                                                     52.706652514859201
                                                 ],
                                                 [
                                                     -3.914261961789904,
                                                     52.70681019930057
                                                 ],
                                                 [
                                                     -3.91431941497247,
                                                     52.706940502180274
                                                 ],
                                                 [
                                                     -3.914409243957532,
                                                     52.707063180110232
                                                 ],
                                                 [
                                                     -3.914513334041916,
                                                     52.707243962625114
                                                 ],
                                                 [
                                                     -3.914573999962693,
                                                     52.707377897970204
                                                 ],
                                                 [
                                                     -3.914552179199495,
                                                     52.70745375281016
                                                 ],
                                                 [
                                                     -3.914527278043319,
                                                     52.707495501718782
                                                 ],
                                                 [
                                                     -3.914444636816426,
                                                     52.707601101957707
                                                 ],
                                                 [
                                                     -3.914397271915289,
                                                     52.70777093811639
                                                 ],
                                                 [
                                                     -3.914303818061068,
                                                     52.707902778541559
                                                 ],
                                                 [
                                                     -3.914083534006631,
                                                     52.708112260459664
                                                 ],
                                                 [
                                                     -3.913887433009662,
                                                     52.708433704897963
                                                 ],
                                                 [
                                                     -3.913738316786469,
                                                     52.708679787983492
                                                 ],
                                                 [
                                                     -3.913696122655701,
                                                     52.708730804178735
                                                 ],
                                                 [
                                                     -3.913542333942859,
                                                     52.708833957071015
                                                 ],
                                                 [
                                                     -3.913361766071564,
                                                     52.70890248732325
                                                 ],
                                                 [
                                                     -3.913115950979209,
                                                     52.708969464076901
                                                 ],
                                                 [
                                                     -3.913034423184954,
                                                     52.709033698669813
                                                 ],
                                                 [
                                                     -3.91294374517971,
                                                     52.70912594470947
                                                 ],
                                                 [
                                                     -3.912874868590812,
                                                     52.709211546941809
                                                 ],
                                                 [
                                                     -3.912721292990004,
                                                     52.709389388400886
                                                 ],
                                                 [
                                                     -3.912555060750296,
                                                     52.70968248550605
                                                 ],
                                                 [
                                                     -3.912397853996577,
                                                     52.709947572008382
                                                 ],
                                                 [
                                                     -3.911985136111855,
                                                     52.710496318617835
                                                 ],
                                                 [
                                                     -3.911809039321439,
                                                     52.710667332074593
                                                 ],
                                                 [
                                                     -3.911612509514798,
                                                     52.710879121437735
                                                 ],
                                                 [
                                                     -3.911547255824286,
                                                     52.711011404667261
                                                 ],
                                                 [
                                                     -3.911507160335847,
                                                     52.711177526762128
                                                 ],
                                                 [
                                                     -3.911449610537033,
                                                     52.7113492340888
                                                 ],
                                                 [
                                                     -3.911337232152521,
                                                     52.711456209783812
                                                 ],
                                                 [
                                                     -3.911113449047543,
                                                     52.711619901116848
                                                 ],
                                                 [
                                                     -3.910874217773949,
                                                     52.711835075000607
                                                 ],
                                                 [
                                                     -3.910486297606955,
                                                     52.712206346111103
                                                 ],
                                                 [
                                                     -3.910410994244759,
                                                     52.712312723245979
                                                 ],
                                                 [
                                                     -3.910445196085162,
                                                     52.712385876886891
                                                 ],
                                                 [
                                                     -3.910562176842763,
                                                     52.71248744712517
                                                 ],
                                                 [
                                                     -3.910601978880834,
                                                     52.712515568386657
                                                 ],
                                                 [
                                                     -3.910817128353666,
                                                     52.712628947802024
                                                 ],
                                                 [
                                                     -3.91088098145147,
                                                     52.712668366722589
                                                 ],
                                                 [
                                                     -3.910940482980048,
                                                     52.712708753065726
                                                 ],
                                                 [
                                                     -3.911078948774403,
                                                     52.712827054662192
                                                 ],
                                                 [
                                                     -3.911243937968547,
                                                     52.713013149766702
                                                 ],
                                                 [
                                                     -3.911305947705072,
                                                     52.71314436860505
                                                 ],
                                                 [
                                                     -3.911393116815035,
                                                     52.713172623934312
                                                 ],
                                                 [
                                                     -3.911548750575218,
                                                     52.713178203960311
                                                 ],
                                                 [
                                                     -3.911634692463613,
                                                     52.713211872565033
                                                 ],
                                                 [
                                                     -3.911637402781129,
                                                     52.713273848283407
                                                 ],
                                                 [
                                                     -3.911728686271067,
                                                     52.713432458534164
                                                 ],
                                                 [
                                                     -3.911728535767909,
                                                     52.713666248503579
                                                 ],
                                                 [
                                                     -3.911765552841155,
                                                     52.713733962702939
                                                 ],
                                                 [
                                                     -3.911849960401187,
                                                     52.713735297551381
                                                 ],
                                                 [
                                                     -3.91198683767116,
                                                     52.713750166904198
                                                 ],
                                                 [
                                                     -3.912112874152547,
                                                     52.713754425475329
                                                 ],
                                                 [
                                                     -3.912351786728675,
                                                     52.713835960413412
                                                 ],
                                                 [
                                                     -3.912363049266613,
                                                     52.713889708986414
                                                 ],
                                                 [
                                                     -3.912426399622005,
                                                     52.713914753308856
                                                 ],
                                                 [
                                                     -3.912483728865271,
                                                     52.713941692042233
                                                 ],
                                                 [
                                                     -3.91258105764552,
                                                     52.714031892815647
                                                 ],
                                                 [
                                                     -3.91269764744468,
                                                     52.714127085530428
                                                 ],
                                                 [
                                                     -3.91278139725011,
                                                     52.714213819895384
                                                 ],
                                                 [
                                                     -3.912928674868072,
                                                     52.714262675968641
                                                 ],
                                                 [
                                                     -3.913045755299877,
                                                     52.714332783824716
                                                 ],
                                                 [
                                                     -3.913166348183513,
                                                     52.71441622596118
                                                 ],
                                                 [
                                                     -3.913169847085465,
                                                     52.71449616628415
                                                 ],
                                                 [
                                                     -3.913428820593468,
                                                     52.714628698188598
                                                 ],
                                                 [
                                                     -3.91359889605871,
                                                     52.714660108016432
                                                 ],
                                                 [
                                                     -3.913734382631441,
                                                     52.71471005346411
                                                 ],
                                                 [
                                                     -3.913776564575575,
                                                     52.714725551543367
                                                 ],
                                                 [
                                                     -3.913723593759121,
                                                     52.714801009991874
                                                 ],
                                                 [
                                                     -3.913678977203367,
                                                     52.714863749820381
                                                 ],
                                                 [
                                                     -3.913560989402082,
                                                     52.714943045130298
                                                 ],
                                                 [
                                                     -3.913460648462038,
                                                     52.715018369144616
                                                 ],
                                                 [
                                                     -3.913354195221964,
                                                     52.715157609361562
                                                 ],
                                                 [
                                                     -3.91330570173813,
                                                     52.715232187046453
                                                 ],
                                                 [
                                                     -3.913231935061805,
                                                     52.715373595863625
                                                 ],
                                                 [
                                                     -3.913117766549792,
                                                     52.715503972159553
                                                 ],
                                                 [
                                                     -3.913110679987145,
                                                     52.71551217658277
                                                 ],
                                                 [
                                                     -3.913148246553829,
                                                     52.715625811645786
                                                 ],
                                                 [
                                                     -3.913200924309888,
                                                     52.715747202902278
                                                 ],
                                                 [
                                                     -3.91319626921551,
                                                     52.715844443007768
                                                 ],
                                                 [
                                                     -3.913146787877076,
                                                     52.715896474723415
                                                 ],
                                                 [
                                                     -3.913150855981375,
                                                     52.715922475557498
                                                 ],
                                                 [
                                                     -3.913159698367932,
                                                     52.715990644102334
                                                 ],
                                                 [
                                                     -3.913100250169482,
                                                     52.716018569261863
                                                 ],
                                                 [
                                                     -3.913113411406615,
                                                     52.716082173533323
                                                 ],
                                                 [
                                                     -3.913155762923668,
                                                     52.716204720482828
                                                 ],
                                                 [
                                                     -3.913213230697803,
                                                     52.716332326261551
                                                 ],
                                                 [
                                                     -3.913308249380681,
                                                     52.71647559492947
                                                 ],
                                                 [
                                                     -3.913462023445894,
                                                     52.716672653558412
                                                 ],
                                                 [
                                                     -3.913574864203533,
                                                     52.716782377754022
                                                 ],
                                                 [
                                                     -3.913695466479193,
                                                     52.716865820121185
                                                 ],
                                                 [
                                                     -3.913702325375163,
                                                     52.717122866088516
                                                 ],
                                                 [
                                                     -3.91367416727832,
                                                     52.717190732897407
                                                 ],
                                                 [
                                                     -3.913692345570923,
                                                     52.717299199045023
                                                 ],
                                                 [
                                                     -3.913825511895114,
                                                     52.717468816062279
                                                 ],
                                                 [
                                                     -3.913916445377534,
                                                     52.717515885254649
                                                 ],
                                                 [
                                                     -3.914191955961077,
                                                     52.717585140112675
                                                 ],
                                                 [
                                                     -3.91458733370914,
                                                     52.717687513774273
                                                 ],
                                                 [
                                                     -3.91497242552297,
                                                     52.717791938609636
                                                 ],
                                                 [
                                                     -3.91518413484399,
                                                     52.717892783034102
                                                 ],
                                                 [
                                                     -3.915388429476092,
                                                     52.718061248999696
                                                 ],
                                                 [
                                                     -3.915473648870783,
                                                     52.718181215193049
                                                 ],
                                                 [
                                                     -3.915557673504598,
                                                     52.718343535320045
                                                 ],
                                                 [
                                                     -3.915665627966191,
                                                     52.718405607288894
                                                 ],
                                                 [
                                                     -3.915980658668073,
                                                     52.718568597970865
                                                 ],
                                                 [
                                                     -3.916045922176885,
                                                     52.718570239353667
                                                 ],
                                                 [
                                                     -3.916129307512985,
                                                     52.718581475065832
                                                 ],
                                                 [
                                                     -3.916237472658534,
                                                     52.71858152368781
                                                 ],
                                                 [
                                                     -3.916339426859343,
                                                     52.718545719702227
                                                 ],
                                                 [
                                                     -3.916558298685785,
                                                     52.718503531484671
                                                 ],
                                                 [
                                                     -3.916725075180743,
                                                     52.718492744586733
                                                 ],
                                                 [
                                                     -3.916853220823415,
                                                     52.718511345991928
                                                 ],
                                                 [
                                                     -3.91705754508863,
                                                     52.718577251807062
                                                 ],
                                                 [
                                                     -3.917491516229327,
                                                     52.718749190141565
                                                 ],
                                                 [
                                                     -3.917562550854916,
                                                     52.718782196593807
                                                 ],
                                                 [
                                                     -3.917621791100125,
                                                     52.718816292915683
                                                 ],
                                                 [
                                                     -3.917799077758361,
                                                     52.718942047865944
                                                 ],
                                                 [
                                                     -3.917754620677484,
                                                     52.719008382093655
                                                 ],
                                                 [
                                                     -3.917705767385082,
                                                     52.719077483811233
                                                 ],
                                                 [
                                                     -3.917685477661028,
                                                     52.719254972968351
                                                 ],
                                                 [
                                                     -3.917676249922071,
                                                     52.719281187870457
                                                 ],
                                                 [
                                                     -3.917675683421763,
                                                     52.719337823710674
                                                 ],
                                                 [
                                                     -3.917719510004848,
                                                     52.719490815472575
                                                 ],
                                                 [
                                                     -3.917819730000236,
                                                     52.719682533980404
                                                 ],
                                                 [
                                                     -3.917741502364572,
                                                     52.719791659382828
                                                 ],
                                                 [
                                                     -3.917710874571957,
                                                     52.720003471429145
                                                 ],
                                                 [
                                                     -3.91774478347633,
                                                     52.720303224321832
                                                 ],
                                                 [
                                                     -3.917476693474242,
                                                     52.720436993192351
                                                 ],
                                                 [
                                                     -3.917399863413544,
                                                     52.720475088980749
                                                 ],
                                                 [
                                                     -3.91717769594352,
                                                     52.720573150360345
                                                 ],
                                                 [
                                                     -3.917125479814827,
                                                     52.720632418874253
                                                 ],
                                                 [
                                                     -3.917088452722258,
                                                     52.720734586460587
                                                 ],
                                                 [
                                                     -3.917013083532945,
                                                     52.720806003912607
                                                 ],
                                                 [
                                                     -3.917025765241692,
                                                     52.720925343969355
                                                 ],
                                                 [
                                                     -3.917103618363747,
                                                     52.72114708585476
                                                 ],
                                                 [
                                                     -3.917271775615592,
                                                     52.72143747646561
                                                 ],
                                                 [
                                                     -3.917321043641225,
                                                     52.721480722480045
                                                 ],
                                                 [
                                                     -3.917639733627835,
                                                     52.721723645546767
                                                 ],
                                                 [
                                                     -3.917718494569701,
                                                     52.721762908684227
                                                 ],
                                                 [
                                                     -3.917955085035418,
                                                     52.72185705386412
                                                 ],
                                                 [
                                                     -3.917977604935032,
                                                     52.72186387951038
                                                 ],
                                                 [
                                                     -3.918120044814708,
                                                     52.721904719331306
                                                 ],
                                                 [
                                                     -3.918300881141251,
                                                     52.721941341211206
                                                 ],
                                                 [
                                                     -3.918745276549447,
                                                     52.721979989442325
                                                 ],
                                                 [
                                                     -3.919045398093887,
                                                     52.722102855007314
                                                 ],
                                                 [
                                                     -3.919760142547481,
                                                     52.722361920523646
                                                 ],
                                                 [
                                                     -3.91961161756627,
                                                     52.72248836482143
                                                 ],
                                                 [
                                                     -3.919581377246228,
                                                     52.72250593282601
                                                 ],
                                                 [
                                                     -3.919575517493322,
                                                     52.722508724102113
                                                 ],
                                                 [
                                                     -3.919652853640692,
                                                     52.722548818228191
                                                 ],
                                                 [
                                                     -3.91959929351158,
                                                     52.722610805967108
                                                 ],
                                                 [
                                                     -3.919648528205391,
                                                     52.722653243286132
                                                 ],
                                                 [
                                                     -3.919670098304413,
                                                     52.722671769506064
                                                 ],
                                                 [
                                                     -3.919576717279301,
                                                     52.722738896706204
                                                 ],
                                                 [
                                                     -3.919890178876692,
                                                     52.722862353314873
                                                 ],
                                                 [
                                                     -3.920045051461781,
                                                     52.722949817824905
                                                 ],
                                                 [
                                                     -3.920308016394179,
                                                     52.723035441100102
                                                 ],
                                                 [
                                                     -3.920686194319344,
                                                     52.723183913658431
                                                 ],
                                                 [
                                                     -3.920855269718398,
                                                     52.723358334717247
                                                 ],
                                                 [
                                                     -3.920850629890808,
                                                     52.723422227519713
                                                 ],
                                                 [
                                                     -3.920871527072731,
                                                     52.723458740892582
                                                 ],
                                                 [
                                                     -3.920975781737514,
                                                     52.723472331439119
                                                 ],
                                                 [
                                                     -3.921121881807108,
                                                     52.723426819734456
                                                 ],
                                                 [
                                                     -3.921393927982622,
                                                     52.723382860920651
                                                 ],
                                                 [
                                                     -3.921451439679093,
                                                     52.723377434984201
                                                 ],
                                                 [
                                                     -3.92155169657872,
                                                     52.723369517891236
                                                 ],
                                                 [
                                                     -3.921977351854333,
                                                     52.723384188690673
                                                 ],
                                                 [
                                                     -3.922190456801236,
                                                     52.723413091410244
                                                 ],
                                                 [
                                                     -3.922213649846588,
                                                     52.72343518543034
                                                 ],
                                                 [
                                                     -3.922215190818777,
                                                     52.723470215180249
                                                 ],
                                                 [
                                                     -3.922078547980197,
                                                     52.723597458883731
                                                 ],
                                                 [
                                                     -3.922065802445609,
                                                     52.723610249265406
                                                 ],
                                                 [
                                                     -3.922148168526107,
                                                     52.723631384663108
                                                 ],
                                                 [
                                                     -3.922196337521088,
                                                     52.723649479095648
                                                 ],
                                                 [
                                                     -3.922364756464455,
                                                     52.723672814302688
                                                 ],
                                                 [
                                                     -3.922720348370026,
                                                     52.723746144495834
                                                 ],
                                                 [
                                                     -3.923325110159848,
                                                     52.723893719377848
                                                 ],
                                                 [
                                                     -3.923419946675653,
                                                     52.723929032546884
                                                 ],
                                                 [
                                                     -3.923624942523781,
                                                     52.723843012731407
                                                 ],
                                                 [
                                                     -3.923846679081259,
                                                     52.723765620070857
                                                 ],
                                                 [
                                                     -3.923947336235356,
                                                     52.723730728852956
                                                 ],
                                                 [
                                                     -3.924271153510465,
                                                     52.723620309069936
                                                 ],
                                                 [
                                                     -3.92431876962031,
                                                     52.723659084474193
                                                 ],
                                                 [
                                                     -3.924613570767567,
                                                     52.723896174951783
                                                 ],
                                                 [
                                                     -3.924805459654023,
                                                     52.724083612952512
                                                 ],
                                                 [
                                                     -3.924828222539927,
                                                     52.724162430061199
                                                 ],
                                                 [
                                                     -3.92484682341434,
                                                     52.724182801757586
                                                 ],
                                                 [
                                                     -3.925351694216638,
                                                     52.724548607914137
                                                 ],
                                                 [
                                                     -3.9254783553227,
                                                     52.724668792113832
                                                 ],
                                                 [
                                                     -3.925602369642516,
                                                     52.724795400942831
                                                 ],
                                                 [
                                                     -3.925640051704592,
                                                     52.724844224535339
                                                 ],
                                                 [
                                                     -3.925669028908415,
                                                     52.724894987719594
                                                 ],
                                                 [
                                                     -3.925701842231203,
                                                     52.725002314373533
                                                 ],
                                                 [
                                                     -3.925754889043468,
                                                     52.725061764646206
                                                 ],
                                                 [
                                                     -3.925914365700449,
                                                     52.725153551447875
                                                 ],
                                                 [
                                                     -3.926144460641247,
                                                     52.725301716328445
                                                 ],
                                                 [
                                                     -3.926286009983025,
                                                     52.725355143723121
                                                 ],
                                                 [
                                                     -3.926393761717063,
                                                     52.725378649950265
                                                 ],
                                                 [
                                                     -3.926865474887537,
                                                     52.725531874724823
                                                 ],
                                                 [
                                                     -3.927030342024141,
                                                     52.725643346181791
                                                 ],
                                                 [
                                                     -3.92709570075528,
                                                     52.725749335082398
                                                 ],
                                                 [
                                                     -3.927208453321402,
                                                     52.726157461571475
                                                 ],
                                                 [
                                                     -3.927222507801296,
                                                     52.72620756791072
                                                 ],
                                                 [
                                                     -3.92740702053895,
                                                     52.726393413426898
                                                 ],
                                                 [
                                                     -3.928298023346514,
                                                     52.727088283626934
                                                 ],
                                                 [
                                                     -3.928338486188674,
                                                     52.727164026751993
                                                 ],
                                                 [
                                                     -3.92845071769244,
                                                     52.727258465965654
                                                 ],
                                                 [
                                                     -3.928475496701139,
                                                     52.727249972795555
                                                 ],
                                                 [
                                                     -3.928568564257246,
                                                     52.727311377200344
                                                 ],
                                                 [
                                                     -3.92862774540058,
                                                     52.727343671787082
                                                 ],
                                                 [
                                                     -3.928695237299787,
                                                     52.727329090850112
                                                 ],
                                                 [
                                                     -3.928786713651895,
                                                     52.72728805399197
                                                 ],
                                                 [
                                                     -3.928902096331678,
                                                     52.727218763340254
                                                 ],
                                                 [
                                                     -3.92905053016296,
                                                     52.727159631222584
                                                 ],
                                                 [
                                                     -3.929172640545256,
                                                     52.727074052525481
                                                 ],
                                                 [
                                                     -3.929421578938702,
                                                     52.726976522048872
                                                 ],
                                                 [
                                                     -3.929513926508787,
                                                     52.726955244202493
                                                 ],
                                                 [
                                                     -3.929738841411191,
                                                     52.726916528100787
                                                 ],
                                                 [
                                                     -3.930003656179597,
                                                     52.726877161927412
                                                 ],
                                                 [
                                                     -3.930159212183452,
                                                     52.726810722383995
                                                 ],
                                                 [
                                                     -3.930231333055597,
                                                     52.726801457951034
                                                 ],
                                                 [
                                                     -3.930324983802857,
                                                     52.726740609808957
                                                 ],
                                                 [
                                                     -3.930414677263154,
                                                     52.726728362715278
                                                 ],
                                                 [
                                                     -3.930566606176518,
                                                     52.726745663053428
                                                 ],
                                                 [
                                                     -3.930763181056786,
                                                     52.726773021523883
                                                 ],
                                                 [
                                                     -3.930948916354023,
                                                     52.726820330916553
                                                 ],
                                                 [
                                                     -3.931035013792962,
                                                     52.726823422931396
                                                 ],
                                                 [
                                                     -3.931183803123294,
                                                     52.726772461374765
                                                 ],
                                                 [
                                                     -3.931288263295689,
                                                     52.726757277555684
                                                 ],
                                                 [
                                                     -3.931500633786556,
                                                     52.726771793731416
                                                 ],
                                                 [
                                                     -3.931788584698828,
                                                     52.726852580888163
                                                 ],
                                                 [
                                                     -3.932065379630623,
                                                     52.726747309959521
                                                 ],
                                                 [
                                                     -3.932226321200475,
                                                     52.726703339962413
                                                 ],
                                                 [
                                                     -3.932426650825145,
                                                     52.726680299592367
                                                 ],
                                                 [
                                                     -3.932804521971718,
                                                     52.726684925192949
                                                 ],
                                                 [
                                                     -3.933158919985936,
                                                     52.726694426078879
                                                 ],
                                                 [
                                                     -3.93345129017195,
                                                     52.726709432236483
                                                 ],
                                                 [
                                                     -3.933663937832344,
                                                     52.726730231879074
                                                 ],
                                                 [
                                                     -3.933777476430046,
                                                     52.726785006434959
                                                 ],
                                                 [
                                                     -3.933979214547154,
                                                     52.726860003771591
                                                 ],
                                                 [
                                                     -3.934153548818972,
                                                     52.726884124022739
                                                 ],
                                                 [
                                                     -3.934330651426552,
                                                     52.726904604264611
                                                 ],
                                                 [
                                                     -3.934642188767446,
                                                     52.726949854931746
                                                 ],
                                                 [
                                                     -3.934958560060739,
                                                     52.727002216832474
                                                 ],
                                                 [
                                                     -3.935232600899805,
                                                     52.727005832285393
                                                 ],
                                                 [
                                                     -3.935508076211105,
                                                     52.727039085707197
                                                 ],
                                                 [
                                                     -3.935464318655952,
                                                     52.727120785222745
                                                 ],
                                                 [
                                                     -3.935454966769746,
                                                     52.727243179696764
                                                 ],
                                                 [
                                                     -3.93535079764855,
                                                     52.727333865687413
                                                 ],
                                                 [
                                                     -3.935273402609767,
                                                     52.727458360066784
                                                 ],
                                                 [
                                                     -3.935121589412786,
                                                     52.727609146833515
                                                 ],
                                                 [
                                                     -3.935014079771078,
                                                     52.727789860310452
                                                 ],
                                                 [
                                                     -3.934905086717775,
                                                     52.727903993890557
                                                 ],
                                                 [
                                                     -3.934801858274017,
                                                     52.727947025508819
                                                 ],
                                                 [
                                                     -3.934648138609841,
                                                     52.728052091446251
                                                 ],
                                                 [
                                                     -3.934519069743348,
                                                     52.728148575822331
                                                 ],
                                                 [
                                                     -3.934453686440458,
                                                     52.728210764171465
                                                 ],
                                                 [
                                                     -3.934353916620871,
                                                     52.728331936758629
                                                 ],
                                                 [
                                                     -3.934416111686016,
                                                     52.728365977493915
                                                 ],
                                                 [
                                                     -3.934292514977032,
                                                     52.728484033283337
                                                 ],
                                                 [
                                                     -3.934172039801948,
                                                     52.728606443564338
                                                 ],
                                                 [
                                                     -3.934147167293653,
                                                     52.728712103645123
                                                 ],
                                                 [
                                                     -3.934118047602843,
                                                     52.728790777479936
                                                 ],
                                                 [
                                                     -3.934106218704302,
                                                     52.728824227072735
                                                 ],
                                                 [
                                                     -3.93401724929621,
                                                     52.728921853875292
                                                 ],
                                                 [
                                                     -3.933753991669737,
                                                     52.729065558679196
                                                 ],
                                                 [
                                                     -3.93360842352238,
                                                     52.72922253337839
                                                 ],
                                                 [
                                                     -3.933577354604915,
                                                     52.72925719584871
                                                 ],
                                                 [
                                                     -3.933604318748645,
                                                     52.729298102643014
                                                 ],
                                                 [
                                                     -3.933640894781514,
                                                     52.729288517768246
                                                 ],
                                                 [
                                                     -3.933959943595029,
                                                     52.729202416944311
                                                 ],
                                                 [
                                                     -3.934324673536466,
                                                     52.729111077058874
                                                 ],
                                                 [
                                                     -3.934518913782141,
                                                     52.729046785957721
                                                 ],
                                                 [
                                                     -3.934836713768076,
                                                     52.728899492800522
                                                 ],
                                                 [
                                                     -3.935037111544958,
                                                     52.728775778098615
                                                 ],
                                                 [
                                                     -3.935318630204081,
                                                     52.728879042041385
                                                 ],
                                                 [
                                                     -3.935498152919584,
                                                     52.728887796451254
                                                 ],
                                                 [
                                                     -3.936205288370634,
                                                     52.729237670619113
                                                 ],
                                                 [
                                                     -3.937329743209555,
                                                     52.729814507957293
                                                 ],
                                                 [
                                                     -3.937312259103256,
                                                     52.729987460272532
                                                 ],
                                                 [
                                                     -3.937405384675013,
                                                     52.73004975598289
                                                 ],
                                                 [
                                                     -3.937540069473943,
                                                     52.730079912130506
                                                 ],
                                                 [
                                                     -3.937542021458654,
                                                     52.730123923259512
                                                 ],
                                                 [
                                                     -3.937588441290432,
                                                     52.730204150434787
                                                 ],
                                                 [
                                                     -3.937854274123506,
                                                     52.730352606956252
                                                 ],
                                                 [
                                                     -3.938153017158429,
                                                     52.730408844155306
                                                 ],
                                                 [
                                                     -3.938308644495514,
                                                     52.730445847979247
                                                 ],
                                                 [
                                                     -3.938420108828636,
                                                     52.73052231396084
                                                 ],
                                                 [
                                                     -3.938491605767143,
                                                     52.730531931225428
                                                 ],
                                                 [
                                                     -3.938497704479144,
                                                     52.730534527876877
                                                 ],
                                                 [
                                                     -3.938908637587486,
                                                     52.730584433903715
                                                 ],
                                                 [
                                                     -3.938991933523288,
                                                     52.730590261498449
                                                 ],
                                                 [
                                                     -3.939074988560362,
                                                     52.730593397490161
                                                 ],
                                                 [
                                                     -3.939308111890781,
                                                     52.730574303728474
                                                 ],
                                                 [
                                                     -3.939976156973202,
                                                     52.730477083868955
                                                 ],
                                                 [
                                                     -3.940611587852183,
                                                     52.730511625116264
                                                 ],
                                                 [
                                                     -3.940616301323018,
                                                     52.730516042526638
                                                 ],
                                                 [
                                                     -3.940623089385335,
                                                     52.730569860897297
                                                 ],
                                                 [
                                                     -3.940222139962299,
                                                     52.730777763825721
                                                 ],
                                                 [
                                                     -3.939943232905864,
                                                     52.730967578880374
                                                 ],
                                                 [
                                                     -3.939846548836352,
                                                     52.73105904537509
                                                 ],
                                                 [
                                                     -3.939696297267259,
                                                     52.731244956192995
                                                 ],
                                                 [
                                                     -3.939537995850894,
                                                     52.731516389109288
                                                 ],
                                                 [
                                                     -3.939358215804438,
                                                     52.731834911705626
                                                 ],
                                                 [
                                                     -3.939194869574162,
                                                     52.732193613614115
                                                 ],
                                                 [
                                                     -3.939265890207174,
                                                     52.732426238773066
                                                 ],
                                                 [
                                                     -3.939275670773974,
                                                     52.732913338385657
                                                 ],
                                                 [
                                                     -3.939247792909649,
                                                     52.733484736307368
                                                 ],
                                                 [
                                                     -3.939195892808587,
                                                     52.733616815302078
                                                 ],
                                                 [
                                                     -3.939086451948686,
                                                     52.733822731356511
                                                 ],
                                                 [
                                                     -3.939076895510599,
                                                     52.734006339719144
                                                 ],
                                                 [
                                                     -3.939072013985066,
                                                     52.734097201988739
                                                 ],
                                                 [
                                                     -3.939040128627408,
                                                     52.734413305528598
                                                 ],
                                                 [
                                                     -3.939013961658199,
                                                     52.734792233199272
                                                 ],
                                                 [
                                                     -3.939053262499669,
                                                     52.734876980002326
                                                 ],
                                                 [
                                                     -3.938954290324377,
                                                     52.735249998342695
                                                 ],
                                                 [
                                                     -3.939045547218027,
                                                     52.735602736966172
                                                 ],
                                                 [
                                                     -3.939183290026268,
                                                     52.736201985662369
                                                 ],
                                                 [
                                                     -3.93930942940118,
                                                     52.736674597837428
                                                 ],
                                                 [
                                                     -3.93925510328466,
                                                     52.73701893132727
                                                 ],
                                                 [
                                                     -3.93929264162562,
                                                     52.737030900966758
                                                 ],
                                                 [
                                                     -3.939516648754387,
                                                     52.737105524855394
                                                 ],
                                                 [
                                                     -3.939572857338062,
                                                     52.737304147380165
                                                 ],
                                                 [
                                                     -3.939207141916697,
                                                     52.737341589601122
                                                 ],
                                                 [
                                                     -3.939044132183139,
                                                     52.737438723759901
                                                 ],
                                                 [
                                                     -3.938950082427212,
                                                     52.737523853478834
                                                 ],
                                                 [
                                                     -3.938793813270531,
                                                     52.737673818355638
                                                 ],
                                                 [
                                                     -3.938819700644023,
                                                     52.737888307087474
                                                 ],
                                                 [
                                                     -3.939233902038633,
                                                     52.738142284647182
                                                 ],
                                                 [
                                                     -3.939513753756973,
                                                     52.738140402858285
                                                 ],
                                                 [
                                                     -3.939696893482689,
                                                     52.738196729558297
                                                 ],
                                                 [
                                                     -3.939947420422103,
                                                     52.738233077696279
                                                 ],
                                                 [
                                                     -3.940060335438968,
                                                     52.738206961556145
                                                 ],
                                                 [
                                                     -3.940467123495271,
                                                     52.738194910984696
                                                 ],
                                                 [
                                                     -3.9409105899174,
                                                     52.73810675532178
                                                 ],
                                                 [
                                                     -3.941346020401513,
                                                     52.738137376694688
                                                 ],
                                                 [
                                                     -3.941392150458191,
                                                     52.738142014927213
                                                 ],
                                                 [
                                                     -3.941425614894685,
                                                     52.738161240668092
                                                 ],
                                                 [
                                                     -3.941665303991236,
                                                     52.738321892458735
                                                 ],
                                                 [
                                                     -3.941859499073037,
                                                     52.738291657026828
                                                 ],
                                                 [
                                                     -3.94198439890423,
                                                     52.738436211019753
                                                 ],
                                                 [
                                                     -3.942012310629707,
                                                     52.738432158311042
                                                 ],
                                                 [
                                                     -3.94221415529902,
                                                     52.738406380568719
                                                 ],
                                                 [
                                                     -3.942227697966866,
                                                     52.738411551460629
                                                 ],
                                                 [
                                                     -3.942332981500987,
                                                     52.738513193544136
                                                 ],
                                                 [
                                                     -3.942369258926475,
                                                     52.738730206847222
                                                 ],
                                                 [
                                                     -3.942432542614274,
                                                     52.738752540107527
                                                 ],
                                                 [
                                                     -3.942697108532498,
                                                     52.738840784598018
                                                 ],
                                                 [
                                                     -3.943185768241417,
                                                     52.738969489346161
                                                 ],
                                                 [
                                                     -3.9431784171484,
                                                     52.7390046646127
                                                 ],
                                                 [
                                                     -3.943035542590275,
                                                     52.739721760851189
                                                 ],
                                                 [
                                                     -3.943174088611204,
                                                     52.740370427609278
                                                 ],
                                                 [
                                                     -3.943990864032947,
                                                     52.740151202981245
                                                 ],
                                                 [
                                                     -3.944102473387383,
                                                     52.740128609992126
                                                 ],
                                                 [
                                                     -3.94463469264161,
                                                     52.740137947398331
                                                 ],
                                                 [
                                                     -3.945439076942225,
                                                     52.740038372296844
                                                 ],
                                                 [
                                                     -3.945815295050796,
                                                     52.740069049970074
                                                 ],
                                                 [
                                                     -3.94590878245877,
                                                     52.740072908260004
                                                 ],
                                                 [
                                                     -3.946147973406599,
                                                     52.740054600897679
                                                 ],
                                                 [
                                                     -3.946309791123973,
                                                     52.740029473302535
                                                 ],
                                                 [
                                                     -3.946760609356242,
                                                     52.739908817616858
                                                 ],
                                                 [
                                                     -3.946844771392179,
                                                     52.739867887072087
                                                 ],
                                                 [
                                                     -3.946925762218532,
                                                     52.739824311263234
                                                 ],
                                                 [
                                                     -3.947053958297477,
                                                     52.73964234832799
                                                 ],
                                                 [
                                                     -3.947126158830004,
                                                     52.739601614029787
                                                 ],
                                                 [
                                                     -3.947744224146366,
                                                     52.739706511846954
                                                 ],
                                                 [
                                                     -3.947800847842023,
                                                     52.73971636796108
                                                 ],
                                                 [
                                                     -3.947985780808792,
                                                     52.739675578160551
                                                 ],
                                                 [
                                                     -3.948045198020473,
                                                     52.739646737980699
                                                 ],
                                                 [
                                                     -3.948162606764939,
                                                     52.739589979153614
                                                 ],
                                                 [
                                                     -3.94820865885343,
                                                     52.739592817839579
                                                 ],
                                                 [
                                                     -3.948309751530938,
                                                     52.739600144727085
                                                 ],
                                                 [
                                                     -3.948404381547301,
                                                     52.739596792205745
                                                 ],
                                                 [
                                                     -3.948425385795558,
                                                     52.739700712293896
                                                 ],
                                                 [
                                                     -3.948385713504226,
                                                     52.739709453471882
                                                 ],
                                                 [
                                                     -3.948326611381325,
                                                     52.739879495937323
                                                 ],
                                                 [
                                                     -3.948335165297155,
                                                     52.740169770076406
                                                 ],
                                                 [
                                                     -3.948934010789164,
                                                     52.740377445631296
                                                 ],
                                                 [
                                                     -3.949436628548433,
                                                     52.740552633889195
                                                 ],
                                                 [
                                                     -3.949572155880537,
                                                     52.740600740137168
                                                 ],
                                                 [
                                                     -3.949655228328382,
                                                     52.740669483585044
                                                 ],
                                                 [
                                                     -3.949776172225576,
                                                     52.740691852794214
                                                 ],
                                                 [
                                                     -3.949862054418632,
                                                     52.740757853503887
                                                 ],
                                                 [
                                                     -3.949880491568772,
                                                     52.740872601104833
                                                 ],
                                                 [
                                                     -3.949888737869843,
                                                     52.740956056996559
                                                 ],
                                                 [
                                                     -3.949945945545655,
                                                     52.741143062790599
                                                 ],
                                                 [
                                                     -3.950049123657995,
                                                     52.741265405658766
                                                 ],
                                                 [
                                                     -3.950065777352398,
                                                     52.741638328793293
                                                 ],
                                                 [
                                                     -3.950065210979282,
                                                     52.742022231685958
                                                 ],
                                                 [
                                                     -3.949870654500213,
                                                     52.742342811201183
                                                 ],
                                                 [
                                                     -3.949893831625765,
                                                     52.742364001972526
                                                 ],
                                                 [
                                                     -3.950242296570652,
                                                     52.74270261430199
                                                 ],
                                                 [
                                                     -3.950281506275156,
                                                     52.742784662595177
                                                 ],
                                                 [
                                                     -3.950303675989184,
                                                     52.743182572427344
                                                 ],
                                                 [
                                                     -3.950406444527153,
                                                     52.743328380895051
                                                 ],
                                                 [
                                                     -3.95040465706036,
                                                     52.74358646656102
                                                 ],
                                                 [
                                                     -3.95042520674528,
                                                     52.743846881120028
                                                 ],
                                                 [
                                                     -3.950589923781255,
                                                     52.744282893188171
                                                 ],
                                                 [
                                                     -3.950867931289713,
                                                     52.745034421112642
                                                 ],
                                                 [
                                                     -3.952526112380071,
                                                     52.745076424236707
                                                 ],
                                                 [
                                                     -3.955700810424025,
                                                     52.745133755157546
                                                 ],
                                                 [
                                                     -3.955938559503435,
                                                     52.745118147484298
                                                 ],
                                                 [
                                                     -3.956119528208852,
                                                     52.745223022552565
                                                 ],
                                                 [
                                                     -3.956433483802287,
                                                     52.745384216857644
                                                 ],
                                                 [
                                                     -3.956582363888701,
                                                     52.74546535238472
                                                 ],
                                                 [
                                                     -3.956621024513081,
                                                     52.745534823075971
                                                 ],
                                                 [
                                                     -3.956708195059456,
                                                     52.745596392985561
                                                 ],
                                                 [
                                                     -3.95765230123388,
                                                     52.746197500222067
                                                 ],
                                                 [
                                                     -3.957714473698189,
                                                     52.746197372693217
                                                 ],
                                                 [
                                                     -3.958064034723369,
                                                     52.746196093630552
                                                 ],
                                                 [
                                                     -3.958064038712387,
                                                     52.746196182575076
                                                 ],
                                                 [
                                                     -3.958067396223871,
                                                     52.746238373802058
                                                 ],
                                                 [
                                                     -3.958119292098554,
                                                     52.746469416681492
                                                 ],
                                                 [
                                                     -3.959021979933651,
                                                     52.746974211867716
                                                 ],
                                                 [
                                                     -3.959745565318975,
                                                     52.747380302943249
                                                 ],
                                                 [
                                                     -3.96080979181141,
                                                     52.747985781597386
                                                 ],
                                                 [
                                                     -3.961343476520038,
                                                     52.748287318081246
                                                 ]
                                             ],
                                             [
                                                 [
                                                     -3.857758385714908,
                                                     52.746731386717656
                                                 ],
                                                 [
                                                     -3.857810084096872,
                                                     52.746797987935118
                                                 ],
                                                 [
                                                     -3.85793480424881,
                                                     52.746840975027574
                                                 ],
                                                 [
                                                     -3.858052155468295,
                                                     52.747020788135949
                                                 ],
                                                 [
                                                     -3.858611277545579,
                                                     52.74686012296641
                                                 ],
                                                 [
                                                     -3.859778669593235,
                                                     52.746474017980589
                                                 ],
                                                 [
                                                     -3.862729823111445,
                                                     52.745430623345229
                                                 ],
                                                 [
                                                     -3.864486001917762,
                                                     52.744851858725795
                                                 ],
                                                 [
                                                     -3.865299924411778,
                                                     52.744589183095421
                                                 ],
                                                 [
                                                     -3.865881502329419,
                                                     52.744469386082137
                                                 ],
                                                 [
                                                     -3.866592830143599,
                                                     52.744335948909224
                                                 ],
                                                 [
                                                     -3.867316022505085,
                                                     52.744271530152034
                                                 ],
                                                 [
                                                     -3.867893651582084,
                                                     52.744230972101548
                                                 ],
                                                 [
                                                     -3.868602831740438,
                                                     52.744187438840889
                                                 ],
                                                 [
                                                     -3.869062272587628,
                                                     52.74415673782687
                                                 ],
                                                 [
                                                     -3.869146878294622,
                                                     52.743987323142107
                                                 ],
                                                 [
                                                     -3.869234790237676,
                                                     52.743895155817526
                                                 ],
                                                 [
                                                     -3.869726694416498,
                                                     52.74361856082654
                                                 ],
                                                 [
                                                     -3.870038194356273,
                                                     52.743453567031651
                                                 ],
                                                 [
                                                     -3.870536486823284,
                                                     52.743189450499891
                                                 ],
                                                 [
                                                     -3.871153876142702,
                                                     52.742905566743246
                                                 ],
                                                 [
                                                     -3.871191832279583,
                                                     52.74289058594799
                                                 ],
                                                 [
                                                     -3.871695582210739,
                                                     52.742685701620758
                                                 ],
                                                 [
                                                     -3.87218887898319,
                                                     52.742510640952958
                                                 ],
                                                 [
                                                     -3.873502435177276,
                                                     52.742154538655669
                                                 ],
                                                 [
                                                     -3.874373986655611,
                                                     52.741925044502167
                                                 ],
                                                 [
                                                     -3.874751713332085,
                                                     52.741855165126516
                                                 ],
                                                 [
                                                     -3.875120340689115,
                                                     52.741849335350842
                                                 ],
                                                 [
                                                     -3.875491477831177,
                                                     52.741901978015974
                                                 ],
                                                 [
                                                     -3.875755784228034,
                                                     52.741984084325466
                                                 ],
                                                 [
                                                     -3.876460386172582,
                                                     52.742247166581201
                                                 ],
                                                 [
                                                     -3.877020554634257,
                                                     52.742457612737084
                                                 ],
                                                 [
                                                     -3.877379901909429,
                                                     52.74254549058999
                                                 ],
                                                 [
                                                     -3.877682930640434,
                                                     52.74256495972292
                                                 ],
                                                 [
                                                     -3.878712527995719,
                                                     52.742463259848023
                                                 ],
                                                 [
                                                     -3.879602971029038,
                                                     52.742360970984699
                                                 ],
                                                 [
                                                     -3.880853689839074,
                                                     52.742404952359117
                                                 ],
                                                 [
                                                     -3.882540388947494,
                                                     52.742458267405361
                                                 ],
                                                 [
                                                     -3.883144224655954,
                                                     52.742547548201003
                                                 ],
                                                 [
                                                     -3.883693059920016,
                                                     52.742596354500769
                                                 ],
                                                 [
                                                     -3.884105199623287,
                                                     52.742602389051761
                                                 ],
                                                 [
                                                     -3.884190816723807,
                                                     52.742596533859306
                                                 ],
                                                 [
                                                     -3.884483232041452,
                                                     52.742576606242871
                                                 ],
                                                 [
                                                     -3.884482340496549,
                                                     52.742555947747611
                                                 ],
                                                 [
                                                     -3.884475146719063,
                                                     52.742457190590315
                                                 ],
                                                 [
                                                     -3.884498671257942,
                                                     52.742453221218021
                                                 ],
                                                 [
                                                     -3.884957689544205,
                                                     52.74237941060133
                                                 ],
                                                 [
                                                     -3.88550749187879,
                                                     52.742314850822645
                                                 ],
                                                 [
                                                     -3.885873715761656,
                                                     52.742253298728102
                                                 ],
                                                 [
                                                     -3.886039531840932,
                                                     52.74214729580229
                                                 ],
                                                 [
                                                     -3.88619311724575,
                                                     52.742032499067498
                                                 ],
                                                 [
                                                     -3.886400199454474,
                                                     52.74195720817476
                                                 ],
                                                 [
                                                     -3.887508124674376,
                                                     52.741814636321806
                                                 ],
                                                 [
                                                     -3.887875700531468,
                                                     52.74178451547715
                                                 ],
                                                 [
                                                     -3.888907081174575,
                                                     52.74172494370243
                                                 ],
                                                 [
                                                     -3.8892949119736,
                                                     52.741716965682976
                                                 ],
                                                 [
                                                     -3.889925426991672,
                                                     52.741567509203058
                                                 ],
                                                 [
                                                     -3.890010180459785,
                                                     52.741547171185289
                                                 ],
                                                 [
                                                     -3.89031959851233,
                                                     52.741472921163393
                                                 ],
                                                 [
                                                     -3.891202252281026,
                                                     52.741218582274108
                                                 ],
                                                 [
                                                     -3.891600643839563,
                                                     52.741095663425334
                                                 ],
                                                 [
                                                     -3.891947380983165,
                                                     52.740981940752221
                                                 ],
                                                 [
                                                     -3.892074303821958,
                                                     52.74095860053891
                                                 ],
                                                 [
                                                     -3.892535288765451,
                                                     52.740887299468355
                                                 ],
                                                 [
                                                     -3.892986377458223,
                                                     52.740819198918338
                                                 ],
                                                 [
                                                     -3.893364768104908,
                                                     52.740752258588806
                                                 ],
                                                 [
                                                     -3.893603241808416,
                                                     52.740698208830999
                                                 ],
                                                 [
                                                     -3.893783727628353,
                                                     52.74063747233852
                                                 ],
                                                 [
                                                     -3.894184082320098,
                                                     52.7404986228903
                                                 ],
                                                 [
                                                     -3.894604619356587,
                                                     52.740362493844543
                                                 ],
                                                 [
                                                     -3.895333017967076,
                                                     52.740152931401568
                                                 ],
                                                 [
                                                     -3.895642660940041,
                                                     52.740062723828686
                                                 ],
                                                 [
                                                     -3.896189051151578,
                                                     52.739878903018607
                                                 ],
                                                 [
                                                     -3.896450665560369,
                                                     52.739780325864274
                                                 ],
                                                 [
                                                     -3.896907072216331,
                                                     52.73960403151785
                                                 ],
                                                 [
                                                     -3.897467498332147,
                                                     52.739397143321199
                                                 ],
                                                 [
                                                     -3.898261688372896,
                                                     52.739086027581003
                                                 ],
                                                 [
                                                     -3.898453770267305,
                                                     52.739003783524396
                                                 ],
                                                 [
                                                     -3.898688522344351,
                                                     52.738864525222354
                                                 ],
                                                 [
                                                     -3.899083419969174,
                                                     52.738600904437526
                                                 ],
                                                 [
                                                     -3.899400415021181,
                                                     52.738391816703178
                                                 ],
                                                 [
                                                     -3.899732381998703,
                                                     52.738180966018767
                                                 ],
                                                 [
                                                     -3.899946478102545,
                                                     52.738028334053482
                                                 ],
                                                 [
                                                     -3.90025798929401,
                                                     52.737808674048821
                                                 ],
                                                 [
                                                     -3.900343006108846,
                                                     52.737744891181073
                                                 ],
                                                 [
                                                     -3.90044003452401,
                                                     52.737726588472107
                                                 ],
                                                 [
                                                     -3.900560025666909,
                                                     52.73771665399218
                                                 ],
                                                 [
                                                     -3.900664372315668,
                                                     52.737730160393504
                                                 ],
                                                 [
                                                     -3.900753170597393,
                                                     52.737744806993248
                                                 ],
                                                 [
                                                     -3.900764927581482,
                                                     52.737684562098394
                                                 ],
                                                 [
                                                     -3.900870221761298,
                                                     52.737586698360083
                                                 ],
                                                 [
                                                     -3.901066053114785,
                                                     52.737523337238017
                                                 ],
                                                 [
                                                     -3.901204171691167,
                                                     52.737497752283126
                                                 ],
                                                 [
                                                     -3.901346000133854,
                                                     52.737490084935388
                                                 ],
                                                 [
                                                     -3.901523697692322,
                                                     52.737489931183106
                                                 ],
                                                 [
                                                     -3.901615165042942,
                                                     52.737481273112408
                                                 ],
                                                 [
                                                     -3.90175146571293,
                                                     52.7374476275794
                                                 ],
                                                 [
                                                     -3.90195359700379,
                                                     52.737360704001539
                                                 ],
                                                 [
                                                     -3.902072937992887,
                                                     52.737276995622629
                                                 ],
                                                 [
                                                     -3.902185461759837,
                                                     52.737207777424629
                                                 ],
                                                 [
                                                     -3.902278995647846,
                                                     52.737179312026029
                                                 ],
                                                 [
                                                     -3.902531613068548,
                                                     52.737163573621878
                                                 ],
                                                 [
                                                     -3.902762715182515,
                                                     52.737096946350661
                                                 ],
                                                 [
                                                     -3.903073153878792,
                                                     52.737048818710193
                                                 ],
                                                 [
                                                     -3.903114975926803,
                                                     52.737021991946271
                                                 ],
                                                 [
                                                     -3.903095784952974,
                                                     52.736920731788466
                                                 ],
                                                 [
                                                     -3.903089943525309,
                                                     52.736887569175131
                                                 ],
                                                 [
                                                     -3.903088260579501,
                                                     52.736848946172138
                                                 ],
                                                 [
                                                     -3.903227739556613,
                                                     52.736787384240074
                                                 ],
                                                 [
                                                     -3.903464518682366,
                                                     52.736680127224773
                                                 ],
                                                 [
                                                     -3.903576293433645,
                                                     52.736593842410834
                                                 ],
                                                 [
                                                     -3.903589589445809,
                                                     52.736526216140483
                                                 ],
                                                 [
                                                     -3.903658658947856,
                                                     52.736410056949076
                                                 ],
                                                 [
                                                     -3.903786270706192,
                                                     52.736314439513883
                                                 ],
                                                 [
                                                     -3.903902343616349,
                                                     52.736259544468204
                                                 ],
                                                 [
                                                     -3.904108618253952,
                                                     52.73626791604071
                                                 ],
                                                 [
                                                     -3.904199049325805,
                                                     52.736269159877743
                                                 ],
                                                 [
                                                     -3.904250604101702,
                                                     52.736261140846615
                                                 ],
                                                 [
                                                     -3.904316272205255,
                                                     52.736207055037838
                                                 ],
                                                 [
                                                     -3.904327793666438,
                                                     52.736129570797033
                                                 ],
                                                 [
                                                     -3.904353353940597,
                                                     52.736071544787542
                                                 ],
                                                 [
                                                     -3.904433910991932,
                                                     52.736017219732048
                                                 ],
                                                 [
                                                     -3.904633927422859,
                                                     52.735949290839393
                                                 ],
                                                 [
                                                     -3.904751369227264,
                                                     52.73592583117496
                                                 ],
                                                 [
                                                     -3.904924430535679,
                                                     52.735920354037304
                                                 ],
                                                 [
                                                     -3.905148547273191,
                                                     52.735962593477964
                                                 ],
                                                 [
                                                     -3.905242939958792,
                                                     52.735953885566609
                                                 ],
                                                 [
                                                     -3.905559455498672,
                                                     52.735840938136313
                                                 ],
                                                 [
                                                     -3.905910735025686,
                                                     52.735710263737253
                                                 ],
                                                 [
                                                     -3.906068822408238,
                                                     52.735633119206369
                                                 ],
                                                 [
                                                     -3.906212137643091,
                                                     52.735558908362158
                                                 ],
                                                 [
                                                     -3.906351572608188,
                                                     52.735493747933972
                                                 ],
                                                 [
                                                     -3.906528961440134,
                                                     52.735453144258585
                                                 ],
                                                 [
                                                     -3.906657494211791,
                                                     52.735409640737693
                                                 ],
                                                 [
                                                     -3.906795158268787,
                                                     52.735306757299377
                                                 ],
                                                 [
                                                     -3.906891803799827,
                                                     52.735212623514379
                                                 ],
                                                 [
                                                     -3.906822382728072,
                                                     52.735049163667618
                                                 ],
                                                 [
                                                     -3.906771349158973,
                                                     52.734761369656596
                                                 ],
                                                 [
                                                     -3.906919568440635,
                                                     52.734696067236591
                                                 ],
                                                 [
                                                     -3.907012389407264,
                                                     52.734651430388105
                                                 ],
                                                 [
                                                     -3.90705703356788,
                                                     52.73458869211548
                                                 ],
                                                 [
                                                     -3.907069819054828,
                                                     52.734506692670791
                                                 ],
                                                 [
                                                     -3.907164941623922,
                                                     52.734344182206385
                                                 ],
                                                 [
                                                     -3.907097747419918,
                                                     52.734265266721756
                                                 ],
                                                 [
                                                     -3.906988618736626,
                                                     52.734207699451609
                                                 ],
                                                 [
                                                     -3.906959701112465,
                                                     52.734155133637969
                                                 ],
                                                 [
                                                     -3.907038443573761,
                                                     52.734059399602629
                                                 ],
                                                 [
                                                     -3.907047443211427,
                                                     52.733826367262367
                                                 ],
                                                 [
                                                     -3.906897037663377,
                                                     52.73373800478754
                                                 ],
                                                 [
                                                     -3.906830785982359,
                                                     52.733680646746798
                                                 ],
                                                 [
                                                     -3.906790881964432,
                                                     52.733580619351443
                                                 ],
                                                 [
                                                     -3.906770856889825,
                                                     52.733460407710318
                                                 ],
                                                 [
                                                     -3.906636359123409,
                                                     52.733297186182533
                                                 ],
                                                 [
                                                     -3.906263808463148,
                                                     52.733211406629309
                                                 ],
                                                 [
                                                     -3.906094631049957,
                                                     52.733137725950762
                                                 ],
                                                 [
                                                     -3.905917803388189,
                                                     52.733090234434592
                                                 ],
                                                 [
                                                     -3.905593755686025,
                                                     52.73309724210548
                                                 ],
                                                 [
                                                     -3.905567887164881,
                                                     52.733047323314686
                                                 ],
                                                 [
                                                     -3.90524250765909,
                                                     52.733023790487685
                                                 ],
                                                 [
                                                     -3.904358983705088,
                                                     52.732836558813588
                                                 ],
                                                 [
                                                     -3.903540386022119,
                                                     52.732676231633256
                                                 ],
                                                 [
                                                     -3.90335964754571,
                                                     52.732608935549159
                                                 ],
                                                 [
                                                     -3.903259968616757,
                                                     52.732597053227003
                                                 ],
                                                 [
                                                     -3.902936857462183,
                                                     52.732558197659891
                                                 ],
                                                 [
                                                     -3.902767766370578,
                                                     52.732486309072279
                                                 ],
                                                 [
                                                     -3.902689962121653,
                                                     52.732432728745472
                                                 ],
                                                 [
                                                     -3.902600295074621,
                                                     52.732347880535215
                                                 ],
                                                 [
                                                     -3.90249699353389,
                                                     52.732289223964685
                                                 ],
                                                 [
                                                     -3.902311246624385,
                                                     52.73227512935847
                                                 ],
                                                 [
                                                     -3.901823825237854,
                                                     52.732271265623936
                                                 ],
                                                 [
                                                     -3.90029029961733,
                                                     52.732258107493472
                                                 ],
                                                 [
                                                     -3.898454256858548,
                                                     52.732269549220732
                                                 ],
                                                 [
                                                     -3.898036218923841,
                                                     52.732294219656914
                                                 ],
                                                 [
                                                     -3.897288389640608,
                                                     52.732331358281158
                                                 ],
                                                 [
                                                     -3.896483162737446,
                                                     52.732413453185565
                                                 ],
                                                 [
                                                     -3.896421281876573,
                                                     52.732419835880101
                                                 ],
                                                 [
                                                     -3.896321559514617,
                                                     52.732477248355366
                                                 ],
                                                 [
                                                     -3.896281126853471,
                                                     52.732499467863647
                                                 ],
                                                 [
                                                     -3.896136940696057,
                                                     52.732556602436695
                                                 ],
                                                 [
                                                     -3.895776449384526,
                                                     52.732714270759914
                                                 ],
                                                 [
                                                     -3.894858536198842,
                                                     52.733098545480075
                                                 ],
                                                 [
                                                     -3.894576941484329,
                                                     52.733197423505501
                                                 ],
                                                 [
                                                     -3.89434120241126,
                                                     52.733224560829079
                                                 ],
                                                 [
                                                     -3.893776012738428,
                                                     52.733274936630814
                                                 ],
                                                 [
                                                     -3.893480423783771,
                                                     52.733287748336096
                                                 ],
                                                 [
                                                     -3.892850181558532,
                                                     52.733237591520286
                                                 ],
                                                 [
                                                     -3.892479192405533,
                                                     52.733221043759336
                                                 ],
                                                 [
                                                     -3.892024548090216,
                                                     52.733257962729503
                                                 ],
                                                 [
                                                     -3.891557694850125,
                                                     52.733317544755643
                                                 ],
                                                 [
                                                     -3.891291231706851,
                                                     52.733391006209345
                                                 ],
                                                 [
                                                     -3.891266364019928,
                                                     52.733397694763873
                                                 ],
                                                 [
                                                     -3.89122989160935,
                                                     52.733409961177706
                                                 ],
                                                 [
                                                     -3.89090390762835,
                                                     52.733510527560334
                                                 ],
                                                 [
                                                     -3.889718679143732,
                                                     52.733811749435276
                                                 ],
                                                 [
                                                     -3.889511936892669,
                                                     52.73385998666749
                                                 ],
                                                 [
                                                     -3.889251027247471,
                                                     52.733819203274457
                                                 ],
                                                 [
                                                     -3.888661316010283,
                                                     52.733678405686334
                                                 ],
                                                 [
                                                     -3.888115100840329,
                                                     52.733515430532677
                                                 ],
                                                 [
                                                     -3.887665136615374,
                                                     52.733349931269082
                                                 ],
                                                 [
                                                     -3.887278430670665,
                                                     52.733243733987806
                                                 ],
                                                 [
                                                     -3.887100971900438,
                                                     52.733215100007456
                                                 ],
                                                 [
                                                     -3.886784616241916,
                                                     52.733196676625035
                                                 ],
                                                 [
                                                     -3.886463414934725,
                                                     52.733201788483193
                                                 ],
                                                 [
                                                     -3.885885008436428,
                                                     52.733285684042613
                                                 ],
                                                 [
                                                     -3.884705243667777,
                                                     52.733337702836891
                                                 ],
                                                 [
                                                     -3.884501191013171,
                                                     52.733343644070942
                                                 ],
                                                 [
                                                     -3.884370575440151,
                                                     52.733305272275672
                                                 ],
                                                 [
                                                     -3.883969788867381,
                                                     52.733147067337001
                                                 ],
                                                 [
                                                     -3.883645023947679,
                                                     52.733069535618434
                                                 ],
                                                 [
                                                     -3.883435373544331,
                                                     52.733050395846341
                                                 ],
                                                 [
                                                     -3.883226155491331,
                                                     52.733075291480105
                                                 ],
                                                 [
                                                     -3.883003094109283,
                                                     52.733124675671576
                                                 ],
                                                 [
                                                     -3.882823260181078,
                                                     52.733142812035361
                                                 ],
                                                 [
                                                     -3.882562549040497,
                                                     52.733109201722137
                                                 ],
                                                 [
                                                     -3.882265435309769,
                                                     52.73301864351081
                                                 ],
                                                 [
                                                     -3.882139095595909,
                                                     52.73294056426662
                                                 ],
                                                 [
                                                     -3.88204104135666,
                                                     52.732932233781831
                                                 ],
                                                 [
                                                     -3.882036448136736,
                                                     52.732930509431156
                                                 ],
                                                 [
                                                     -3.881919072267958,
                                                     52.732921586510713
                                                 ],
                                                 [
                                                     -3.881566753022824,
                                                     52.732890327361986
                                                 ],
                                                 [
                                                     -3.881319038688948,
                                                     52.732812465407434
                                                 ],
                                                 [
                                                     -3.881077491477646,
                                                     52.732741695970503
                                                 ],
                                                 [
                                                     -3.880931732691164,
                                                     52.732728727923963
                                                 ],
                                                 [
                                                     -3.88072814052997,
                                                     52.732711285427257
                                                 ],
                                                 [
                                                     -3.880592988077596,
                                                     52.732703542311242
                                                 ],
                                                 [
                                                     -3.88012923598371,
                                                     52.732699213837385
                                                 ],
                                                 [
                                                     -3.879893821329252,
                                                     52.732668702011701
                                                 ],
                                                 [
                                                     -3.879664631224421,
                                                     52.732675032665249
                                                 ],
                                                 [
                                                     -3.87926805814522,
                                                     52.732753316222094
                                                 ],
                                                 [
                                                     -3.879012647758747,
                                                     52.732805902061905
                                                 ],
                                                 [
                                                     -3.878543457144295,
                                                     52.732814236285293
                                                 ],
                                                 [
                                                     -3.878154314414133,
                                                     52.73282399770487
                                                 ],
                                                 [
                                                     -3.877946250581359,
                                                     52.732841674831697
                                                 ],
                                                 [
                                                     -3.877577197909046,
                                                     52.732835836133106
                                                 ],
                                                 [
                                                     -3.877312758660882,
                                                     52.732851708677011
                                                 ],
                                                 [
                                                     -3.877053022399647,
                                                     52.732908853307393
                                                 ],
                                                 [
                                                     -3.876821975129987,
                                                     52.732908916058307
                                                 ],
                                                 [
                                                     -3.876621078677811,
                                                     52.732851874861325
                                                 ],
                                                 [
                                                     -3.876245773547615,
                                                     52.732700430605583
                                                 ],
                                                 [
                                                     -3.876152343144489,
                                                     52.732663259434382
                                                 ],
                                                 [
                                                     -3.875780900702272,
                                                     52.73260172586459
                                                 ],
                                                 [
                                                     -3.875400319096876,
                                                     52.732534942107542
                                                 ],
                                                 [
                                                     -3.875201855451423,
                                                     52.732500330877386
                                                 ],
                                                 [
                                                     -3.874952458668941,
                                                     52.73248540030383
                                                 ],
                                                 [
                                                     -3.874699858348458,
                                                     52.732501079776192
                                                 ],
                                                 [
                                                     -3.874667543590514,
                                                     52.732507882604772
                                                 ],
                                                 [
                                                     -3.874475324535985,
                                                     52.73255047116163
                                                 ],
                                                 [
                                                     -3.874136346903042,
                                                     52.732659195840746
                                                 ],
                                                 [
                                                     -3.873863962884449,
                                                     52.732663501780685
                                                 ],
                                                 [
                                                     -3.873640706796543,
                                                     52.732637368906062
                                                 ],
                                                 [
                                                     -3.872890045800109,
                                                     52.732503621446064
                                                 ],
                                                 [
                                                     -3.872889891749883,
                                                     52.732500028438956
                                                 ],
                                                 [
                                                     -3.872872034138869,
                                                     52.732431010895368
                                                 ],
                                                 [
                                                     -3.872870262215845,
                                                     52.732423848007748
                                                 ],
                                                 [
                                                     -3.872734812148108,
                                                     52.732337902728517
                                                 ],
                                                 [
                                                     -3.872711947077351,
                                                     52.732322983992375
                                                 ],
                                                 [
                                                     -3.872512257212577,
                                                     52.732191314341044
                                                 ],
                                                 [
                                                     -3.872443273606609,
                                                     52.732137485167364
                                                 ],
                                                 [
                                                     -3.872071928107326,
                                                     52.73197257339995
                                                 ],
                                                 [
                                                     -3.871827729266626,
                                                     52.732013281272074
                                                 ],
                                                 [
                                                     -3.871249848281108,
                                                     52.73204128005198
                                                 ],
                                                 [
                                                     -3.871245455356247,
                                                     52.732041349395203
                                                 ],
                                                 [
                                                     -3.870897841345894,
                                                     52.732054026917652
                                                 ],
                                                 [
                                                     -3.870719019969178,
                                                     52.731924721285061
                                                 ],
                                                 [
                                                     -3.870606124488224,
                                                     52.731880572162936
                                                 ],
                                                 [
                                                     -3.870583958645644,
                                                     52.731813510354826
                                                 ],
                                                 [
                                                     -3.8705799585334,
                                                     52.73172009562898
                                                 ],
                                                 [
                                                     -3.870401434712522,
                                                     52.731734597038226
                                                 ],
                                                 [
                                                     -3.870151922330881,
                                                     52.73171965822435
                                                 ],
                                                 [
                                                     -3.869975092888125,
                                                     52.731739525869116
                                                 ],
                                                 [
                                                     -3.869745626225218,
                                                     52.731776401614638
                                                 ],
                                                 [
                                                     -3.86981135940236,
                                                     52.731825699172347
                                                 ],
                                                 [
                                                     -3.869864993328142,
                                                     52.731866199393529
                                                 ],
                                                 [
                                                     -3.870009536960271,
                                                     52.731990743325269
                                                 ],
                                                 [
                                                     -3.870226707157179,
                                                     52.732257055314271
                                                 ],
                                                 [
                                                     -3.870437295484471,
                                                     52.732469451957428
                                                 ],
                                                 [
                                                     -3.870587056855633,
                                                     52.732541781242986
                                                 ],
                                                 [
                                                     -3.87070406608328,
                                                     52.73268194975509
                                                 ],
                                                 [
                                                     -3.870783607547692,
                                                     52.732774172358127
                                                 ],
                                                 [
                                                     -3.870863836234383,
                                                     52.732919504683238
                                                 ],
                                                 [
                                                     -3.870973756002988,
                                                     52.733065177527784
                                                 ],
                                                 [
                                                     -3.871036948637039,
                                                     52.7331577487993
                                                 ],
                                                 [
                                                     -3.871025334316204,
                                                     52.733265790801561
                                                 ],
                                                 [
                                                     -3.870933940765447,
                                                     52.733344532943967
                                                 ],
                                                 [
                                                     -3.870849984398888,
                                                     52.733494253655962
                                                 ],
                                                 [
                                                     -3.870788080915367,
                                                     52.733639941836444
                                                 ],
                                                 [
                                                     -3.870784328847785,
                                                     52.733726288890658
                                                 ],
                                                 [
                                                     -3.870856929278096,
                                                     52.733864551613294
                                                 ],
                                                 [
                                                     -3.870931341717221,
                                                     52.733942473304865
                                                 ],
                                                 [
                                                     -3.870933419274947,
                                                     52.733990977595383
                                                 ],
                                                 [
                                                     -3.871231440879186,
                                                     52.734171522051547
                                                 ],
                                                 [
                                                     -3.871481000181332,
                                                     52.734289822998562
                                                 ],
                                                 [
                                                     -3.87149374843125,
                                                     52.734484757258592
                                                 ],
                                                 [
                                                     -3.871548578817551,
                                                     52.734553101374331
                                                 ],
                                                 [
                                                     -3.871759378058498,
                                                     52.734670215491334
                                                 ],
                                                 [
                                                     -3.872180493610814,
                                                     52.734887463838376
                                                 ],
                                                 [
                                                     -3.87219602822466,
                                                     52.734973506349526
                                                 ],
                                                 [
                                                     -3.872296088224174,
                                                     52.735096952786009
                                                 ],
                                                 [
                                                     -3.872587644962373,
                                                     52.735228969001746
                                                 ],
                                                 [
                                                     -3.872715744761103,
                                                     52.735279977071606
                                                 ],
                                                 [
                                                     -3.87305281230383,
                                                     52.735368219642389
                                                 ],
                                                 [
                                                     -3.873287456947383,
                                                     52.735417542752394
                                                 ],
                                                 [
                                                     -3.873750195194908,
                                                     52.735465956773709
                                                 ],
                                                 [
                                                     -3.874290987575955,
                                                     52.735605714616064
                                                 ],
                                                 [
                                                     -3.874813036671278,
                                                     52.735795291620782
                                                 ],
                                                 [
                                                     -3.874932308102933,
                                                     52.735882389540663
                                                 ],
                                                 [
                                                     -3.875121305579349,
                                                     52.736040379603089
                                                 ],
                                                 [
                                                     -3.875261096833309,
                                                     52.736155915251061
                                                 ],
                                                 [
                                                     -3.875458611532508,
                                                     52.736239167591265
                                                 ],
                                                 [
                                                     -3.875471842530579,
                                                     52.736373782340742
                                                 ],
                                                 [
                                                     -3.875262869634042,
                                                     52.73651011493579
                                                 ],
                                                 [
                                                     -3.875214866387961,
                                                     52.736563994886794
                                                 ],
                                                 [
                                                     -3.875218375777501,
                                                     52.736645732712972
                                                 ],
                                                 [
                                                     -3.875241399799364,
                                                     52.736732554563908
                                                 ],
                                                 [
                                                     -3.875261954196989,
                                                     52.73672773580315
                                                 ],
                                                 [
                                                     -3.875461166416435,
                                                     52.736676946416608
                                                 ],
                                                 [
                                                     -3.875519360987953,
                                                     52.736755122745883
                                                 ],
                                                 [
                                                     -3.875614343295369,
                                                     52.736933475655775
                                                 ],
                                                 [
                                                     -3.875912630300648,
                                                     52.73694583320701
                                                 ],
                                                 [
                                                     -3.875935540137374,
                                                     52.73702996038088
                                                 ],
                                                 [
                                                     -3.876013318853041,
                                                     52.737083558474041
                                                 ],
                                                 [
                                                     -3.875896783673519,
                                                     52.737128546028131
                                                 ],
                                                 [
                                                     -3.875358054888267,
                                                     52.737139765819407
                                                 ],
                                                 [
                                                     -3.875130765844192,
                                                     52.737088533129786
                                                 ],
                                                 [
                                                     -3.87504237857836,
                                                     52.73713487188347
                                                 ],
                                                 [
                                                     -3.874943774074423,
                                                     52.737185058409025
                                                 ],
                                                 [
                                                     -3.874945430836298,
                                                     52.737189525831397
                                                 ],
                                                 [
                                                     -3.87497022728408,
                                                     52.737249355246561
                                                 ],
                                                 [
                                                     -3.874815554631616,
                                                     52.737336291099574
                                                 ],
                                                 [
                                                     -3.874666969459097,
                                                     52.737360212543585
                                                 ],
                                                 [
                                                     -3.874661722944728,
                                                     52.737619248048048
                                                 ],
                                                 [
                                                     -3.874662770237742,
                                                     52.737814366997611
                                                 ],
                                                 [
                                                     -3.874667472874789,
                                                     52.737889794155983
                                                 ],
                                                 [
                                                     -3.874763375819824,
                                                     52.738089614978357
                                                 ],
                                                 [
                                                     -3.875379886589223,
                                                     52.739130053063427
                                                 ],
                                                 [
                                                     -3.875868840276176,
                                                     52.739995348087071
                                                 ],
                                                 [
                                                     -3.876056012627363,
                                                     52.740352007486145
                                                 ],
                                                 [
                                                     -3.875770616198035,
                                                     52.740296211923315
                                                 ],
                                                 [
                                                     -3.875498188713566,
                                                     52.740263670318946
                                                 ],
                                                 [
                                                     -3.875281870642105,
                                                     52.740263496794469
                                                 ],
                                                 [
                                                     -3.871562227479964,
                                                     52.740782654175149
                                                 ],
                                                 [
                                                     -3.871365961596993,
                                                     52.74080013410871
                                                 ],
                                                 [
                                                     -3.871081376838037,
                                                     52.740797435024604
                                                 ],
                                                 [
                                                     -3.86955993598441,
                                                     52.740693714427778
                                                 ],
                                                 [
                                                     -3.868334657266681,
                                                     52.740586295500577
                                                 ],
                                                 [
                                                     -3.868149308755423,
                                                     52.740582025450948
                                                 ],
                                                 [
                                                     -3.865831839587533,
                                                     52.740880169269779
                                                 ],
                                                 [
                                                     -3.865059984433602,
                                                     52.740982197419854
                                                 ],
                                                 [
                                                     -3.864754250911779,
                                                     52.741039138218525
                                                 ],
                                                 [
                                                     -3.863937856878095,
                                                     52.741276772305454
                                                 ],
                                                 [
                                                     -3.863462602662835,
                                                     52.741388507243407
                                                 ],
                                                 [
                                                     -3.863131412611403,
                                                     52.741438653981646
                                                 ],
                                                 [
                                                     -3.861952346221778,
                                                     52.741547149509593
                                                 ],
                                                 [
                                                     -3.861508285002148,
                                                     52.741554122787548
                                                 ],
                                                 [
                                                     -3.861139141655217,
                                                     52.741479024312063
                                                 ],
                                                 [
                                                     -3.860581360153202,
                                                     52.74142567070465
                                                 ],
                                                 [
                                                     -3.859960325504381,
                                                     52.741384182141346
                                                 ],
                                                 [
                                                     -3.859477552238334,
                                                     52.741354004493665
                                                 ],
                                                 [
                                                     -3.85926882613027,
                                                     52.741357278060548
                                                 ],
                                                 [
                                                     -3.85871495175289,
                                                     52.741395624605367
                                                 ],
                                                 [
                                                     -3.859279030009406,
                                                     52.742187902069574
                                                 ],
                                                 [
                                                     -3.859618273974658,
                                                     52.742639273567754
                                                 ],
                                                 [
                                                     -3.859563310746587,
                                                     52.742774150112567
                                                 ],
                                                 [
                                                     -3.859521848496788,
                                                     52.742985126233449
                                                 ],
                                                 [
                                                     -3.859488036509897,
                                                     52.743060258761751
                                                 ],
                                                 [
                                                     -3.859506126734178,
                                                     52.743172417787008
                                                 ],
                                                 [
                                                     -3.859458054685057,
                                                     52.743225303213642
                                                 ],
                                                 [
                                                     -3.859381035673177,
                                                     52.743436027756196
                                                 ],
                                                 [
                                                     -3.859384554531371,
                                                     52.743518663807421
                                                 ],
                                                 [
                                                     -3.859339512889214,
                                                     52.743608354110627
                                                 ],
                                                 [
                                                     -3.859360269627359,
                                                     52.743817544273433
                                                 ],
                                                 [
                                                     -3.859398863563385,
                                                     52.743854689635135
                                                 ],
                                                 [
                                                     -3.859378356097904,
                                                     52.743929614354954
                                                 ],
                                                 [
                                                     -3.859296818111994,
                                                     52.744065806589454
                                                 ],
                                                 [
                                                     -3.859129541271158,
                                                     52.744173591761566
                                                 ],
                                                 [
                                                     -3.858984644332373,
                                                     52.744250465999016
                                                 ],
                                                 [
                                                     -3.858949570040342,
                                                     52.744295957440791
                                                 ],
                                                 [
                                                     -3.858951791829431,
                                                     52.744348143954788
                                                 ],
                                                 [
                                                     -3.859015328908009,
                                                     52.744414559937411
                                                 ],
                                                 [
                                                     -3.858982368868411,
                                                     52.744475298125259
                                                 ],
                                                 [
                                                     -3.859008573902939,
                                                     52.744534209528446
                                                 ],
                                                 [
                                                     -3.859025849480286,
                                                     52.744661661260885
                                                 ],
                                                 [
                                                     -3.858992851023971,
                                                     52.744721500969156
                                                 ],
                                                 [
                                                     -3.859008152006193,
                                                     52.745080881034689
                                                 ],
                                                 [
                                                     -3.858898328412091,
                                                     52.745112263701635
                                                 ],
                                                 [
                                                     -3.85887377187372,
                                                     52.745404856455487
                                                 ],
                                                 [
                                                     -3.858936660297598,
                                                     52.745456002761678
                                                 ],
                                                 [
                                                     -3.858723521984686,
                                                     52.745668860028381
                                                 ],
                                                 [
                                                     -3.858702402234699,
                                                     52.745729412492338
                                                 ],
                                                 [
                                                     -3.858631905054987,
                                                     52.745812310689359
                                                 ],
                                                 [
                                                     -3.858658760492111,
                                                     52.745886491849745
                                                 ],
                                                 [
                                                     -3.858601795467905,
                                                     52.745977356824682
                                                 ],
                                                 [
                                                     -3.85851918837298,
                                                     52.746054153015706
                                                 ],
                                                 [
                                                     -3.85844647282628,
                                                     52.74608495444253
                                                 ],
                                                 [
                                                     -3.858328119173132,
                                                     52.746228823942531
                                                 ],
                                                 [
                                                     -3.858328135748974,
                                                     52.746228900104647
                                                 ],
                                                 [
                                                     -3.858343340570038,
                                                     52.746273615841083
                                                 ],
                                                 [
                                                     -3.858261324377033,
                                                     52.746401635819076
                                                 ],
                                                 [
                                                     -3.857778450499808,
                                                     52.746611528708634
                                                 ],
                                                 [
                                                     -3.857780361480112,
                                                     52.746656439329826
                                                 ],
                                                 [
                                                     -3.857758385714908,
                                                     52.746731386717656
                                                 ]
                                             ]
                                         ]
                                     ]
                 }
}