{
    "type":  "Feature",
    "properties":  {
                       "Name":  "Gorllewin Tywyn ED",
                       "Area_Code":  "UTE",
                       "Area_Description":  "Unitary Authority Electoral Division",
                       "File_Name":  "GWYNEDD_-_GWYNEDD",
                       "Feature_Serial_Number":  250,
                       "Collection_Serial_Number":  250,
                       "Global_Polygon_ID":  142524,
                       "Admin_Unit_ID":  182769,
                       "Census_Code":  "W05001540",
                       "Hectares":  2409.075,
                       "Non_Inland_Area":  38.961,
                       "Area_Type_Code":  "VA",
                       "Area_Type_Description":  "CIVIL VOTING AREA",
                       "Non_Area_Type_Code":  null,
                       "Non_Area_Type_Description":  null
                   },
    "geometry":  {
                     "type":  "MultiPolygon",
                     "coordinates":  [
                                         [
                                             [
                                                 [
                                                     -4.070906349921745,
                                                     52.595370261721165
                                                 ],
                                                 [
                                                     -4.070893067566487,
                                                     52.595361852523602
                                                 ],
                                                 [
                                                     -4.070856026593547,
                                                     52.595392163753651
                                                 ],
                                                 [
                                                     -4.070155366234864,
                                                     52.595938528783215
                                                 ],
                                                 [
                                                     -4.070003009229547,
                                                     52.595870182288529
                                                 ],
                                                 [
                                                     -4.068093663454759,
                                                     52.594705893752632
                                                 ],
                                                 [
                                                     -4.067028759449315,
                                                     52.595451862176297
                                                 ],
                                                 [
                                                     -4.066962416637971,
                                                     52.594637561632396
                                                 ],
                                                 [
                                                     -4.06704520113692,
                                                     52.59454712822258
                                                 ],
                                                 [
                                                     -4.066961457536757,
                                                     52.593709671281935
                                                 ],
                                                 [
                                                     -4.065629994361256,
                                                     52.592805903250934
                                                 ],
                                                 [
                                                     -4.064056535788704,
                                                     52.593410605457443
                                                 ],
                                                 [
                                                     -4.06313365144824,
                                                     52.593754872574181
                                                 ],
                                                 [
                                                     -4.062281649766175,
                                                     52.594066436062413
                                                 ],
                                                 [
                                                     -4.061679536000789,
                                                     52.594294451532363
                                                 ],
                                                 [
                                                     -4.061474339463895,
                                                     52.594388901057712
                                                 ],
                                                 [
                                                     -4.061087718082229,
                                                     52.59461226150227
                                                 ],
                                                 [
                                                     -4.060640826150856,
                                                     52.594939230888436
                                                 ],
                                                 [
                                                     -4.060317437345153,
                                                     52.595220903447469
                                                 ],
                                                 [
                                                     -4.059973816520847,
                                                     52.595639646168749
                                                 ],
                                                 [
                                                     -4.059758748732113,
                                                     52.595869005327216
                                                 ],
                                                 [
                                                     -4.059531057956939,
                                                     52.596021370895158
                                                 ],
                                                 [
                                                     -4.059382917985801,
                                                     52.596104846380214
                                                 ],
                                                 [
                                                     -4.059037512689104,
                                                     52.596327572787359
                                                 ],
                                                 [
                                                     -4.058793660973564,
                                                     52.596449566646349
                                                 ],
                                                 [
                                                     -4.058478673076263,
                                                     52.596562998247272
                                                 ],
                                                 [
                                                     -4.058063215815285,
                                                     52.596709547227171
                                                 ],
                                                 [
                                                     -4.056972872870704,
                                                     52.597010833406038
                                                 ],
                                                 [
                                                     -4.05531033370017,
                                                     52.597517999440434
                                                 ],
                                                 [
                                                     -4.054518333421826,
                                                     52.596781009438672
                                                 ],
                                                 [
                                                     -4.054062771460021,
                                                     52.596323209125451
                                                 ],
                                                 [
                                                     -4.054024060753064,
                                                     52.59628424089162
                                                 ],
                                                 [
                                                     -4.053678083955735,
                                                     52.596399096445822
                                                 ],
                                                 [
                                                     -4.053502272453891,
                                                     52.59643001118922
                                                 ],
                                                 [
                                                     -4.05336985340617,
                                                     52.596438600219592
                                                 ],
                                                 [
                                                     -4.053155124106075,
                                                     52.596426144748527
                                                 ],
                                                 [
                                                     -4.053051249638926,
                                                     52.59638390152039
                                                 ],
                                                 [
                                                     -4.052913070478814,
                                                     52.596269355323457
                                                 ],
                                                 [
                                                     -4.05293384498988,
                                                     52.596177309982082
                                                 ],
                                                 [
                                                     -4.052883202729281,
                                                     52.596104480298763
                                                 ],
                                                 [
                                                     -4.052824371251274,
                                                     52.595859120277083
                                                 ],
                                                 [
                                                     -4.052664290794693,
                                                     52.59582043815611
                                                 ],
                                                 [
                                                     -4.052662156696254,
                                                     52.595819922195894
                                                 ],
                                                 [
                                                     -4.052227050352112,
                                                     52.595714868883903
                                                 ],
                                                 [
                                                     -4.052172817066662,
                                                     52.595848844160116
                                                 ],
                                                 [
                                                     -4.052095711255992,
                                                     52.595936471983968
                                                 ],
                                                 [
                                                     -4.052054805840107,
                                                     52.595915608258615
                                                 ],
                                                 [
                                                     -4.051886749363274,
                                                     52.595825937083376
                                                 ],
                                                 [
                                                     -4.05182726858769,
                                                     52.595879103128794
                                                 ],
                                                 [
                                                     -4.051451413746691,
                                                     52.595672494693176
                                                 ],
                                                 [
                                                     -4.051302607328041,
                                                     52.595523163692484
                                                 ],
                                                 [
                                                     -4.051059212117781,
                                                     52.595431202088527
                                                 ],
                                                 [
                                                     -4.051010869469701,
                                                     52.595376219049378
                                                 ],
                                                 [
                                                     -4.050865809547835,
                                                     52.595338283099053
                                                 ],
                                                 [
                                                     -4.050735018650354,
                                                     52.595350436611547
                                                 ],
                                                 [
                                                     -4.050599971798295,
                                                     52.595336596161012
                                                 ],
                                                 [
                                                     -4.050341058434334,
                                                     52.595199058925274
                                                 ],
                                                 [
                                                     -4.050192047912042,
                                                     52.595201639682806
                                                 ],
                                                 [
                                                     -4.050143391771369,
                                                     52.595202482332319
                                                 ],
                                                 [
                                                     -4.049985510483609,
                                                     52.595108947648718
                                                 ],
                                                 [
                                                     -4.049764490652561,
                                                     52.594930303862569
                                                 ],
                                                 [
                                                     -4.049764364847132,
                                                     52.594927609554048
                                                 ],
                                                 [
                                                     -4.049765556367635,
                                                     52.594859274925057
                                                 ],
                                                 [
                                                     -4.049692882159349,
                                                     52.594851544676068
                                                 ],
                                                 [
                                                     -4.049658776352062,
                                                     52.594848539580852
                                                 ],
                                                 [
                                                     -4.049726380774229,
                                                     52.594778965132889
                                                 ],
                                                 [
                                                     -4.049622681206563,
                                                     52.594740311523687
                                                 ],
                                                 [
                                                     -4.049517075560654,
                                                     52.594754723230771
                                                 ],
                                                 [
                                                     -4.049414089070246,
                                                     52.594731338685122
                                                 ],
                                                 [
                                                     -4.049392056169467,
                                                     52.594668799098429
                                                 ],
                                                 [
                                                     -4.049366521513915,
                                                     52.5945964324115
                                                 ],
                                                 [
                                                     -4.049272541050228,
                                                     52.594575587422192
                                                 ],
                                                 [
                                                     -4.049201098972907,
                                                     52.594500329867003
                                                 ],
                                                 [
                                                     -4.049139327986464,
                                                     52.594410613214755
                                                 ],
                                                 [
                                                     -4.049022566073211,
                                                     52.594313758917281
                                                 ],
                                                 [
                                                     -4.048951959310786,
                                                     52.594225093336348
                                                 ],
                                                 [
                                                     -4.048911528258693,
                                                     52.594117839244447
                                                 ],
                                                 [
                                                     -4.048938773434923,
                                                     52.594036468580704
                                                 ],
                                                 [
                                                     -4.048865834603001,
                                                     52.593960428417063
                                                 ],
                                                 [
                                                     -4.048783856641276,
                                                     52.593912409545936
                                                 ],
                                                 [
                                                     -4.048722677913958,
                                                     52.593866637233425
                                                 ],
                                                 [
                                                     -4.048673260852509,
                                                     52.593819852126629
                                                 ],
                                                 [
                                                     -4.048653120319019,
                                                     52.593800425242719
                                                 ],
                                                 [
                                                     -4.048594580121021,
                                                     52.593779865525008
                                                 ],
                                                 [
                                                     -4.048497548689389,
                                                     52.593724915733432
                                                 ],
                                                 [
                                                     -4.048537669171907,
                                                     52.59360377238621
                                                 ],
                                                 [
                                                     -4.048282791785615,
                                                     52.593364499110351
                                                 ],
                                                 [
                                                     -4.04823158002035,
                                                     52.593310553645566
                                                 ],
                                                 [
                                                     -4.048169482377936,
                                                     52.593245022416184
                                                 ],
                                                 [
                                                     -4.048238272541078,
                                                     52.593073046301342
                                                 ],
                                                 [
                                                     -4.048211742690887,
                                                     52.593010584305929
                                                 ],
                                                 [
                                                     -4.048071293069019,
                                                     52.592880790257851
                                                 ],
                                                 [
                                                     -4.047952204692674,
                                                     52.592796559383757
                                                 ],
                                                 [
                                                     -4.047897206742858,
                                                     52.592757959970669
                                                 ],
                                                 [
                                                     -4.047865264829523,
                                                     52.592736040628125
                                                 ],
                                                 [
                                                     -4.047537500270423,
                                                     52.59260948624771
                                                 ],
                                                 [
                                                     -4.047371421847713,
                                                     52.592499100894479
                                                 ],
                                                 [
                                                     -4.04735344117739,
                                                     52.592431997006912
                                                 ],
                                                 [
                                                     -4.047414363474914,
                                                     52.592313100833117
                                                 ],
                                                 [
                                                     -4.047416527309859,
                                                     52.592106323154688
                                                 ],
                                                 [
                                                     -4.047305898644685,
                                                     52.592012866824994
                                                 ],
                                                 [
                                                     -4.047213615931257,
                                                     52.591903002312826
                                                 ],
                                                 [
                                                     -4.047101999314029,
                                                     52.591851000126589
                                                 ],
                                                 [
                                                     -4.046960539144697,
                                                     52.59182468230199
                                                 ],
                                                 [
                                                     -4.046866082733392,
                                                     52.591699485406799
                                                 ],
                                                 [
                                                     -4.046899293378853,
                                                     52.591620709435936
                                                 ],
                                                 [
                                                     -4.046929795304164,
                                                     52.591546474137601
                                                 ],
                                                 [
                                                     -4.046704470364086,
                                                     52.59140016893042
                                                 ],
                                                 [
                                                     -4.046380245629863,
                                                     52.591158584924166
                                                 ],
                                                 [
                                                     -4.045768078575779,
                                                     52.590727639848943
                                                 ],
                                                 [
                                                     -4.045728039526009,
                                                     52.59062855729114
                                                 ],
                                                 [
                                                     -4.045657288037673,
                                                     52.590599218592907
                                                 ],
                                                 [
                                                     -4.045556516685085,
                                                     52.590557813504105
                                                 ],
                                                 [
                                                     -4.045459984549939,
                                                     52.590450628557953
                                                 ],
                                                 [
                                                     -4.045403685202653,
                                                     52.590321265479034
                                                 ],
                                                 [
                                                     -4.045402058896459,
                                                     52.590317697964551
                                                 ],
                                                 [
                                                     -4.045377109803653,
                                                     52.590194983499309
                                                 ],
                                                 [
                                                     -4.045260329352068,
                                                     52.590160057869696
                                                 ],
                                                 [
                                                     -4.045222891239514,
                                                     52.59014812050814
                                                 ],
                                                 [
                                                     -4.045193697739728,
                                                     52.590091096847104
                                                 ],
                                                 [
                                                     -4.045161047150852,
                                                     52.590025144318069
                                                 ],
                                                 [
                                                     -4.044961485390011,
                                                     52.589796593414803
                                                 ],
                                                 [
                                                     -4.044835509479366,
                                                     52.589710867214038
                                                 ],
                                                 [
                                                     -4.044799895244825,
                                                     52.58968663230241
                                                 ],
                                                 [
                                                     -4.044561986506844,
                                                     52.589524754465224
                                                 ],
                                                 [
                                                     -4.044439877365112,
                                                     52.58950079593653
                                                 ],
                                                 [
                                                     -4.044429454511909,
                                                     52.589499178590941
                                                 ],
                                                 [
                                                     -4.044418865850099,
                                                     52.58949396849281
                                                 ],
                                                 [
                                                     -4.044309010301482,
                                                     52.589448225407708
                                                 ],
                                                 [
                                                     -4.044304088280731,
                                                     52.58940786131236
                                                 ],
                                                 [
                                                     -4.04427233043364,
                                                     52.589201578712881
                                                 ],
                                                 [
                                                     -4.044172856751714,
                                                     52.589156555342932
                                                 ],
                                                 [
                                                     -4.044106445019729,
                                                     52.589126241664417
                                                 ],
                                                 [
                                                     -4.044074579219422,
                                                     52.58901173673209
                                                 ],
                                                 [
                                                     -4.043920821680454,
                                                     52.588943291321861
                                                 ],
                                                 [
                                                     -4.043808513103161,
                                                     52.588910174341386
                                                 ],
                                                 [
                                                     -4.043687531992862,
                                                     52.58887900434263
                                                 ],
                                                 [
                                                     -4.043418017222534,
                                                     52.588828826478043
                                                 ],
                                                 [
                                                     -4.042926200387121,
                                                     52.588571159903303
                                                 ],
                                                 [
                                                     -4.042811348178162,
                                                     52.588514714838624
                                                 ],
                                                 [
                                                     -4.042681444929724,
                                                     52.588451339059652
                                                 ],
                                                 [
                                                     -4.042569664282425,
                                                     52.588332728964552
                                                 ],
                                                 [
                                                     -4.042367608793714,
                                                     52.588306553085907
                                                 ],
                                                 [
                                                     -4.042181929115807,
                                                     52.588218970697419
                                                 ],
                                                 [
                                                     -4.042040393881033,
                                                     52.58812793001124
                                                 ],
                                                 [
                                                     -4.04177572866941,
                                                     52.588150472608469
                                                 ],
                                                 [
                                                     -4.04153031295495,
                                                     52.588079200249098
                                                 ],
                                                 [
                                                     -4.041327289302739,
                                                     52.587998117846652
                                                 ],
                                                 [
                                                     -4.041236323451374,
                                                     52.587884630451299
                                                 ],
                                                 [
                                                     -4.041272748702608,
                                                     52.587809396247671
                                                 ],
                                                 [
                                                     -4.04125443841653,
                                                     52.587732319523525
                                                 ],
                                                 [
                                                     -4.041046462213676,
                                                     52.587672984753013
                                                 ],
                                                 [
                                                     -4.040960004121906,
                                                     52.58762503781098
                                                 ],
                                                 [
                                                     -4.040254940516762,
                                                     52.587191262470533
                                                 ],
                                                 [
                                                     -4.040141297963588,
                                                     52.587097850620012
                                                 ],
                                                 [
                                                     -4.040039039279578,
                                                     52.587055568310504
                                                 ],
                                                 [
                                                     -4.039875213598474,
                                                     52.58702423461547
                                                 ],
                                                 [
                                                     -4.039526514310954,
                                                     52.586956535334181
                                                 ],
                                                 [
                                                     -4.039320168117496,
                                                     52.58692952910453
                                                 ],
                                                 [
                                                     -4.039154928020592,
                                                     52.586870353905013
                                                 ],
                                                 [
                                                     -4.038830398836294,
                                                     52.586683495550695
                                                 ],
                                                 [
                                                     -4.038619388074784,
                                                     52.586621512345829
                                                 ],
                                                 [
                                                     -4.03852488713434,
                                                     52.58655752235579
                                                 ],
                                                 [
                                                     -4.038508089033227,
                                                     52.586547024802378
                                                 ],
                                                 [
                                                     -4.038500830049292,
                                                     52.586485038040031
                                                 ],
                                                 [
                                                     -4.0384800272319,
                                                     52.586417082331529
                                                 ],
                                                 [
                                                     -4.038471315299623,
                                                     52.586389367480052
                                                 ],
                                                 [
                                                     -4.038153469453533,
                                                     52.586380458236199
                                                 ],
                                                 [
                                                     -4.037881308467823,
                                                     52.586272785447768
                                                 ],
                                                 [
                                                     -4.037759422830378,
                                                     52.586287467973186
                                                 ],
                                                 [
                                                     -4.037623363930589,
                                                     52.586314079418166
                                                 ],
                                                 [
                                                     -4.037424646372943,
                                                     52.586196961952133
                                                 ],
                                                 [
                                                     -4.037362498047878,
                                                     52.586163873773543
                                                 ],
                                                 [
                                                     -4.037186713556629,
                                                     52.586129146607526
                                                 ],
                                                 [
                                                     -4.037160118543523,
                                                     52.586096346465389
                                                 ],
                                                 [
                                                     -4.037167707053973,
                                                     52.586036890502378
                                                 ],
                                                 [
                                                     -4.037059826406475,
                                                     52.586001893629579
                                                 ],
                                                 [
                                                     -4.0369832116948,
                                                     52.586005908565333
                                                 ],
                                                 [
                                                     -4.036925351061376,
                                                     52.586062633996939
                                                 ],
                                                 [
                                                     -4.036732101735192,
                                                     52.586065959278336
                                                 ],
                                                 [
                                                     -4.036587667808582,
                                                     52.586040579503539
                                                 ],
                                                 [
                                                     -4.036406549603056,
                                                     52.585953808820143
                                                 ],
                                                 [
                                                     -4.036275284524327,
                                                     52.585860696491466
                                                 ],
                                                 [
                                                     -4.036212632644468,
                                                     52.58584559444143
                                                 ],
                                                 [
                                                     -4.036072406988004,
                                                     52.5858794670091
                                                 ],
                                                 [
                                                     -4.035847392543308,
                                                     52.58586446094381
                                                 ],
                                                 [
                                                     -4.035675325143165,
                                                     52.585783825586176
                                                 ],
                                                 [
                                                     -4.035496957408394,
                                                     52.585756330678535
                                                 ],
                                                 [
                                                     -4.035378579228469,
                                                     52.585720613673175
                                                 ],
                                                 [
                                                     -4.03520709207913,
                                                     52.585649855373724
                                                 ],
                                                 [
                                                     -4.034837813467913,
                                                     52.585581508079301
                                                 ],
                                                 [
                                                     -4.034655994681105,
                                                     52.585513622179825
                                                 ],
                                                 [
                                                     -4.03448546259782,
                                                     52.585529137511983
                                                 ],
                                                 [
                                                     -4.03445469771493,
                                                     52.585532362762898
                                                 ],
                                                 [
                                                     -4.034440820112345,
                                                     52.585487658382718
                                                 ],
                                                 [
                                                     -4.034393396085949,
                                                     52.585325688186828
                                                 ],
                                                 [
                                                     -4.034341584217795,
                                                     52.585289724307842
                                                 ],
                                                 [
                                                     -4.034208905526363,
                                                     52.585294700974309
                                                 ],
                                                 [
                                                     -4.033970304152031,
                                                     52.585369902357506
                                                 ],
                                                 [
                                                     -4.033852169798093,
                                                     52.585336786220502
                                                 ],
                                                 [
                                                     -4.033645798904407,
                                                     52.585245950515954
                                                 ],
                                                 [
                                                     -4.033568938679895,
                                                     52.585213114025159
                                                 ],
                                                 [
                                                     -4.033442510241353,
                                                     52.585224274549873
                                                 ],
                                                 [
                                                     -4.033348549223946,
                                                     52.585266337693625
                                                 ],
                                                 [
                                                     -4.033125077683404,
                                                     52.585318715656989
                                                 ],
                                                 [
                                                     -4.033036292380418,
                                                     52.585314846735947
                                                 ],
                                                 [
                                                     -4.032841964907062,
                                                     52.585294814081905
                                                 ],
                                                 [
                                                     -4.032543552025457,
                                                     52.585255893881623
                                                 ],
                                                 [
                                                     -4.032270019097433,
                                                     52.585278567583387
                                                 ],
                                                 [
                                                     -4.032085240734099,
                                                     52.585241290818587
                                                 ],
                                                 [
                                                     -4.031909545028022,
                                                     52.585242509543185
                                                 ],
                                                 [
                                                     -4.031678243608,
                                                     52.585220412281771
                                                 ],
                                                 [
                                                     -4.031568158017584,
                                                     52.585200728956835
                                                 ],
                                                 [
                                                     -4.031459281982698,
                                                     52.585175630907202
                                                 ],
                                                 [
                                                     -4.031227447299251,
                                                     52.585110396399735
                                                 ],
                                                 [
                                                     -4.030942926799485,
                                                     52.5850244027447
                                                 ],
                                                 [
                                                     -4.028939548276148,
                                                     52.583198458801043
                                                 ],
                                                 [
                                                     -4.027648459197303,
                                                     52.582058972152048
                                                 ],
                                                 [
                                                     -4.026121009873433,
                                                     52.583057075925041
                                                 ],
                                                 [
                                                     -4.021846755767077,
                                                     52.582777715164511
                                                 ],
                                                 [
                                                     -4.020943147367039,
                                                     52.581874233116849
                                                 ],
                                                 [
                                                     -4.020352692823081,
                                                     52.58145717036269
                                                 ],
                                                 [
                                                     -4.019204169408701,
                                                     52.58061996615556
                                                 ],
                                                 [
                                                     -4.018802474063006,
                                                     52.580292349425356
                                                 ],
                                                 [
                                                     -4.016895753702993,
                                                     52.580332944046042
                                                 ],
                                                 [
                                                     -4.015307173044513,
                                                     52.580355508372165
                                                 ],
                                                 [
                                                     -4.014749210206206,
                                                     52.579711260043247
                                                 ],
                                                 [
                                                     -4.014078380833094,
                                                     52.578953964833353
                                                 ],
                                                 [
                                                     -4.014029229847708,
                                                     52.578978171250505
                                                 ],
                                                 [
                                                     -4.013766630353643,
                                                     52.579108570774991
                                                 ],
                                                 [
                                                     -4.013180448999314,
                                                     52.579361236879897
                                                 ],
                                                 [
                                                     -4.012623814318435,
                                                     52.579616184016047
                                                 ],
                                                 [
                                                     -4.012453012885159,
                                                     52.579689199228675
                                                 ],
                                                 [
                                                     -4.012136482694284,
                                                     52.579803434
                                                 ],
                                                 [
                                                     -4.010774711932689,
                                                     52.580202391814282
                                                 ],
                                                 [
                                                     -4.009958630204331,
                                                     52.580399621830395
                                                 ],
                                                 [
                                                     -4.009658402857896,
                                                     52.58048211176532
                                                 ],
                                                 [
                                                     -4.009092587406319,
                                                     52.580632839175955
                                                 ],
                                                 [
                                                     -4.008613939084085,
                                                     52.580752422576509
                                                 ],
                                                 [
                                                     -4.00844029256282,
                                                     52.580763458575056
                                                 ],
                                                 [
                                                     -4.007297625993614,
                                                     52.58079192036525
                                                 ],
                                                 [
                                                     -4.00570884957836,
                                                     52.5808745823268
                                                 ],
                                                 [
                                                     -4.003751048905492,
                                                     52.5809913361241
                                                 ],
                                                 [
                                                     -4.002481769243287,
                                                     52.581349981248763
                                                 ],
                                                 [
                                                     -4.001169621156074,
                                                     52.581708437331606
                                                 ],
                                                 [
                                                     -4.000712539516616,
                                                     52.581815938892312
                                                 ],
                                                 [
                                                     -4.000644846609139,
                                                     52.581820678651283
                                                 ],
                                                 [
                                                     -4.000129483593679,
                                                     52.581848353399906
                                                 ],
                                                 [
                                                     -3.999513322982321,
                                                     52.581835303533516
                                                 ],
                                                 [
                                                     -3.999533849362357,
                                                     52.581863810551468
                                                 ],
                                                 [
                                                     -4.001375289728553,
                                                     52.584472478387802
                                                 ],
                                                 [
                                                     -3.999845964326993,
                                                     52.585540381331462
                                                 ],
                                                 [
                                                     -3.998805100453524,
                                                     52.58521450505561
                                                 ],
                                                 [
                                                     -3.998136321861488,
                                                     52.585212312851063
                                                 ],
                                                 [
                                                     -3.997201268660112,
                                                     52.585748716363518
                                                 ],
                                                 [
                                                     -3.99542979115932,
                                                     52.587013990834762
                                                 ],
                                                 [
                                                     -3.995577042008637,
                                                     52.5880472698598
                                                 ],
                                                 [
                                                     -3.995120515931814,
                                                     52.588624126234208
                                                 ],
                                                 [
                                                     -3.994254739403484,
                                                     52.589779643422901
                                                 ],
                                                 [
                                                     -3.993851893405035,
                                                     52.590335814896655
                                                 ],
                                                 [
                                                     -3.993605825359255,
                                                     52.590605214329528
                                                 ],
                                                 [
                                                     -3.993415892577436,
                                                     52.590813443020878
                                                 ],
                                                 [
                                                     -3.992315089405755,
                                                     52.591899196142641
                                                 ],
                                                 [
                                                     -3.992094386862943,
                                                     52.592175355608902
                                                 ],
                                                 [
                                                     -3.990169549343985,
                                                     52.592770599422273
                                                 ],
                                                 [
                                                     -3.987539129060821,
                                                     52.593597880413299
                                                 ],
                                                 [
                                                     -3.986237443856805,
                                                     52.594001834602857
                                                 ],
                                                 [
                                                     -3.986130147193693,
                                                     52.593914647140181
                                                 ],
                                                 [
                                                     -3.98539022001775,
                                                     52.593321945109295
                                                 ],
                                                 [
                                                     -3.985351901368476,
                                                     52.593290228439457
                                                 ],
                                                 [
                                                     -3.984961317364518,
                                                     52.592847257122465
                                                 ],
                                                 [
                                                     -3.984577019447502,
                                                     52.592349259137094
                                                 ],
                                                 [
                                                     -3.98435156280211,
                                                     52.592063514890704
                                                 ],
                                                 [
                                                     -3.98661701617476,
                                                     52.591327820966853
                                                 ],
                                                 [
                                                     -3.986685413760448,
                                                     52.591305999640355
                                                 ],
                                                 [
                                                     -3.987101468579206,
                                                     52.591171287484357
                                                 ],
                                                 [
                                                     -3.986764909237031,
                                                     52.590549433386968
                                                 ],
                                                 [
                                                     -3.986764865706462,
                                                     52.590549352297607
                                                 ],
                                                 [
                                                     -3.986201066872066,
                                                     52.589508670702564
                                                 ],
                                                 [
                                                     -3.985213703976833,
                                                     52.589908238553974
                                                 ],
                                                 [
                                                     -3.983670342224169,
                                                     52.587116267272116
                                                 ],
                                                 [
                                                     -3.983068104410454,
                                                     52.586006104480667
                                                 ],
                                                 [
                                                     -3.982676275483913,
                                                     52.585797750443035
                                                 ],
                                                 [
                                                     -3.982587735807065,
                                                     52.58576417760468
                                                 ],
                                                 [
                                                     -3.980301112025777,
                                                     52.585796161463605
                                                 ],
                                                 [
                                                     -3.979220522399078,
                                                     52.586419347942908
                                                 ],
                                                 [
                                                     -3.977687426831208,
                                                     52.58512238570227
                                                 ],
                                                 [
                                                     -3.976686192229285,
                                                     52.584653544511653
                                                 ],
                                                 [
                                                     -3.975616069563469,
                                                     52.584427727624877
                                                 ],
                                                 [
                                                     -3.974090741752589,
                                                     52.583562223879902
                                                 ],
                                                 [
                                                     -3.973575719525418,
                                                     52.583465555616243
                                                 ],
                                                 [
                                                     -3.973544384788023,
                                                     52.583458886897496
                                                 ],
                                                 [
                                                     -3.973403155895192,
                                                     52.583205874531942
                                                 ],
                                                 [
                                                     -3.973233588077979,
                                                     52.582785247668184
                                                 ],
                                                 [
                                                     -3.973065694134871,
                                                     52.58272692333513
                                                 ],
                                                 [
                                                     -3.972292714553668,
                                                     52.582408934922107
                                                 ],
                                                 [
                                                     -3.972033051449348,
                                                     52.582312498716227
                                                 ],
                                                 [
                                                     -3.971781150761648,
                                                     52.582161191571181
                                                 ],
                                                 [
                                                     -3.97153590691229,
                                                     52.581792159217791
                                                 ],
                                                 [
                                                     -3.971476006884293,
                                                     52.581740124147984
                                                 ],
                                                 [
                                                     -3.971422749643312,
                                                     52.581705955401397
                                                 ],
                                                 [
                                                     -3.971360733210882,
                                                     52.581671842599249
                                                 ],
                                                 [
                                                     -3.971263413340521,
                                                     52.581642902309646
                                                 ],
                                                 [
                                                     -3.971160497663013,
                                                     52.581616751584846
                                                 ],
                                                 [
                                                     -3.97094797318827,
                                                     52.581586133880755
                                                 ],
                                                 [
                                                     -3.970803227279934,
                                                     52.58154989262281
                                                 ],
                                                 [
                                                     -3.970586437146709,
                                                     52.581391617339833
                                                 ],
                                                 [
                                                     -3.970330625252894,
                                                     52.581348235986411
                                                 ],
                                                 [
                                                     -3.970135527203402,
                                                     52.581342494896177
                                                 ],
                                                 [
                                                     -3.970084465260073,
                                                     52.581289412912213
                                                 ],
                                                 [
                                                     -3.970077088192866,
                                                     52.581287737455881
                                                 ],
                                                 [
                                                     -3.97007202563519,
                                                     52.581275237645549
                                                 ],
                                                 [
                                                     -3.970051923988959,
                                                     52.581255797883628
                                                 ],
                                                 [
                                                     -3.969970244297273,
                                                     52.5811115413672
                                                 ],
                                                 [
                                                     -3.96994867655953,
                                                     52.580959004222116
                                                 ],
                                                 [
                                                     -3.97000571956785,
                                                     52.580784574334899
                                                 ],
                                                 [
                                                     -3.970113693018968,
                                                     52.580524713899933
                                                 ],
                                                 [
                                                     -3.970179266405108,
                                                     52.580407579458047
                                                 ],
                                                 [
                                                     -3.970074603669589,
                                                     52.580410220607817
                                                 ],
                                                 [
                                                     -3.969791542959137,
                                                     52.580418527048501
                                                 ],
                                                 [
                                                     -3.969663821409352,
                                                     52.58040087721907
                                                 ],
                                                 [
                                                     -3.969663740870518,
                                                     52.580399081220243
                                                 ],
                                                 [
                                                     -3.969638489790161,
                                                     52.580395006707228
                                                 ],
                                                 [
                                                     -3.969666356350563,
                                                     52.580324431493629
                                                 ],
                                                 [
                                                     -3.969656450549687,
                                                     52.580236507833426
                                                 ],
                                                 [
                                                     -3.969639280124911,
                                                     52.580181963471908
                                                 ],
                                                 [
                                                     -3.969629798587826,
                                                     52.580168638055589
                                                 ],
                                                 [
                                                     -3.969539654729925,
                                                     52.580134094134699
                                                 ],
                                                 [
                                                     -3.969573761650499,
                                                     52.580072403598315
                                                 ],
                                                 [
                                                     -3.970109794251603,
                                                     52.580076966202896
                                                 ],
                                                 [
                                                     -3.969898049550443,
                                                     52.579599509209963
                                                 ],
                                                 [
                                                     -3.96990988378042,
                                                     52.579304395753582
                                                 ],
                                                 [
                                                     -3.969447749854828,
                                                     52.578578344403439
                                                 ],
                                                 [
                                                     -3.969385204708332,
                                                     52.578597452863782
                                                 ],
                                                 [
                                                     -3.96938358500876,
                                                     52.578593884234735
                                                 ],
                                                 [
                                                     -3.968221539844202,
                                                     52.578946780693954
                                                 ],
                                                 [
                                                     -3.967043545228212,
                                                     52.57930532356314
                                                 ],
                                                 [
                                                     -3.966780205110965,
                                                     52.579389697742513
                                                 ],
                                                 [
                                                     -3.966656009686935,
                                                     52.57938546928748
                                                 ],
                                                 [
                                                     -3.966605718329104,
                                                     52.57934945178939
                                                 ],
                                                 [
                                                     -3.966599679419974,
                                                     52.579347753885905
                                                 ],
                                                 [
                                                     -3.966582782231306,
                                                     52.579331855880945
                                                 ],
                                                 [
                                                     -3.966547649495894,
                                                     52.57930547321584
                                                 ],
                                                 [
                                                     -3.966385203924955,
                                                     52.579137298971204
                                                 ],
                                                 [
                                                     -3.966218144676246,
                                                     52.578966593703193
                                                 ],
                                                 [
                                                     -3.966049100003965,
                                                     52.578784146322171
                                                 ],
                                                 [
                                                     -3.965862701309574,
                                                     52.578741399791049
                                                 ],
                                                 [
                                                     -3.96542741339616,
                                                     52.578613709388812
                                                 ],
                                                 [
                                                     -3.96659822974202,
                                                     52.575787207277997
                                                 ],
                                                 [
                                                     -3.966672537885848,
                                                     52.575634064612736
                                                 ],
                                                 [
                                                     -3.966772210123782,
                                                     52.575487601674617
                                                 ],
                                                 [
                                                     -3.966947405128949,
                                                     52.575313008042308
                                                 ],
                                                 [
                                                     -3.967054193290077,
                                                     52.575224943083946
                                                 ],
                                                 [
                                                     -3.967403775023902,
                                                     52.574955675549667
                                                 ],
                                                 [
                                                     -3.968288424467038,
                                                     52.5743124837851
                                                 ],
                                                 [
                                                     -3.969576643191396,
                                                     52.573354169343098
                                                 ],
                                                 [
                                                     -3.969738647201459,
                                                     52.573314620239621
                                                 ],
                                                 [
                                                     -3.970364832124937,
                                                     52.573092874658371
                                                 ],
                                                 [
                                                     -3.97048663316194,
                                                     52.573046802623054
                                                 ],
                                                 [
                                                     -3.970564700536511,
                                                     52.573010447099605
                                                 ],
                                                 [
                                                     -3.970759421990949,
                                                     52.572908240634433
                                                 ],
                                                 [
                                                     -3.97085861803679,
                                                     52.57281670205122
                                                 ],
                                                 [
                                                     -3.970879134878007,
                                                     52.572780406389185
                                                 ],
                                                 [
                                                     -3.970893734401685,
                                                     52.572745107479214
                                                 ],
                                                 [
                                                     -3.970877993114077,
                                                     52.572657280988246
                                                 ],
                                                 [
                                                     -3.970883273600842,
                                                     52.572609553169507
                                                 ],
                                                 [
                                                     -3.971276581809918,
                                                     52.57249684765489
                                                 ],
                                                 [
                                                     -3.971352577054131,
                                                     52.572479402242472
                                                 ],
                                                 [
                                                     -3.971419856176225,
                                                     52.572465697543016
                                                 ],
                                                 [
                                                     -3.971463178313014,
                                                     52.572476660911882
                                                 ],
                                                 [
                                                     -3.971693754956318,
                                                     52.572419787199607
                                                 ],
                                                 [
                                                     -3.971874666955346,
                                                     52.572438345891058
                                                 ],
                                                 [
                                                     -3.972005365003848,
                                                     52.572457740951059
                                                 ],
                                                 [
                                                     -3.972134280772774,
                                                     52.572469975298034
                                                 ],
                                                 [
                                                     -3.972236207754545,
                                                     52.572471872482275
                                                 ],
                                                 [
                                                     -3.972346446002595,
                                                     52.572461046087952
                                                 ],
                                                 [
                                                     -3.972460005841687,
                                                     52.572461851004341
                                                 ],
                                                 [
                                                     -3.972689778898864,
                                                     52.572549704886995
                                                 ],
                                                 [
                                                     -3.972756200977459,
                                                     52.572384106388235
                                                 ],
                                                 [
                                                     -3.972828984380881,
                                                     52.572197637520055
                                                 ],
                                                 [
                                                     -3.972926286778584,
                                                     52.57203152328087
                                                 ],
                                                 [
                                                     -3.973150309566366,
                                                     52.571696018629794
                                                 ],
                                                 [
                                                     -3.973220359875232,
                                                     52.571581504028252
                                                 ],
                                                 [
                                                     -3.973259169851315,
                                                     52.571459510750266
                                                 ],
                                                 [
                                                     -3.97327737856528,
                                                     52.571404376087145
                                                 ],
                                                 [
                                                     -3.973301701488742,
                                                     52.571157591680105
                                                 ],
                                                 [
                                                     -3.973296392734001,
                                                     52.57094186331345
                                                 ],
                                                 [
                                                     -3.973185399912095,
                                                     52.570705515096684
                                                 ],
                                                 [
                                                     -3.973083024990739,
                                                     52.570528258092317
                                                 ],
                                                 [
                                                     -3.973004163853466,
                                                     52.570514292184548
                                                 ],
                                                 [
                                                     -3.972967042506533,
                                                     52.570508618948516
                                                 ],
                                                 [
                                                     -3.972966711961237,
                                                     52.570335952787502
                                                 ],
                                                 [
                                                     -3.972968097542131,
                                                     52.570301772986078
                                                 ],
                                                 [
                                                     -3.973016871460609,
                                                     52.570203882735136
                                                 ],
                                                 [
                                                     -3.973119231050636,
                                                     52.570052964507902
                                                 ],
                                                 [
                                                     -3.973288303393913,
                                                     52.5698406208883
                                                 ],
                                                 [
                                                     -3.973908495617143,
                                                     52.569226961540195
                                                 ],
                                                 [
                                                     -3.974196188161026,
                                                     52.568963199957295
                                                 ],
                                                 [
                                                     -3.974238065751087,
                                                     52.568877109168099
                                                 ],
                                                 [
                                                     -3.974320521077282,
                                                     52.568708455795189
                                                 ],
                                                 [
                                                     -3.974435404382965,
                                                     52.568506092792674
                                                 ],
                                                 [
                                                     -3.974564658622102,
                                                     52.568360926679937
                                                 ],
                                                 [
                                                     -3.974996082274184,
                                                     52.568079484426192
                                                 ],
                                                 [
                                                     -3.975135139431215,
                                                     52.567954918386619
                                                 ],
                                                 [
                                                     -3.975194729923866,
                                                     52.567835274015131
                                                 ],
                                                 [
                                                     -3.975171911435871,
                                                     52.567590174864428
                                                 ],
                                                 [
                                                     -3.975433817121105,
                                                     52.567575916009559
                                                 ],
                                                 [
                                                     -3.976133587649882,
                                                     52.567450887088192
                                                 ],
                                                 [
                                                     -3.976398705933342,
                                                     52.567343090756431
                                                 ],
                                                 [
                                                     -3.976628321145758,
                                                     52.567262853234489
                                                 ],
                                                 [
                                                     -3.977283529701809,
                                                     52.566969575308391
                                                 ],
                                                 [
                                                     -3.977565979605651,
                                                     52.566917216135465
                                                 ],
                                                 [
                                                     -3.977653429236814,
                                                     52.566895080471447
                                                 ],
                                                 [
                                                     -3.977844701623707,
                                                     52.566817188687757
                                                 ],
                                                 [
                                                     -3.977920076537431,
                                                     52.566786266987506
                                                 ],
                                                 [
                                                     -3.97810919810454,
                                                     52.566757937955977
                                                 ],
                                                 [
                                                     -3.978147087735968,
                                                     52.566748315243757
                                                 ],
                                                 [
                                                     -3.978376086458736,
                                                     52.566689657221168
                                                 ],
                                                 [
                                                     -3.978609146657791,
                                                     52.566523964979098
                                                 ],
                                                 [
                                                     -3.978769252728958,
                                                     52.566442997123296
                                                 ],
                                                 [
                                                     -3.978933983517239,
                                                     52.566364738096205
                                                 ],
                                                 [
                                                     -3.979444818236056,
                                                     52.566143074588965
                                                 ],
                                                 [
                                                     -3.979741163651853,
                                                     52.566005086298837
                                                 ],
                                                 [
                                                     -3.98007433985653,
                                                     52.565836727291291
                                                 ],
                                                 [
                                                     -3.980110526796577,
                                                     52.565819043921444
                                                 ],
                                                 [
                                                     -3.980527384426012,
                                                     52.56560712724864
                                                 ],
                                                 [
                                                     -3.98067115351076,
                                                     52.56552283455968
                                                 ],
                                                 [
                                                     -3.981061182298706,
                                                     52.565274511715018
                                                 ],
                                                 [
                                                     -3.981276916752177,
                                                     52.565148564777424
                                                 ],
                                                 [
                                                     -3.982015777963147,
                                                     52.564847567599045
                                                 ],
                                                 [
                                                     -3.982283499470851,
                                                     52.564730725700514
                                                 ],
                                                 [
                                                     -3.982725173885673,
                                                     52.564578609594484
                                                 ],
                                                 [
                                                     -3.982844544074189,
                                                     52.564541463871414
                                                 ],
                                                 [
                                                     -3.983150188019227,
                                                     52.564448253739613
                                                 ],
                                                 [
                                                     -3.983321753283244,
                                                     52.564492119633108
                                                 ],
                                                 [
                                                     -3.983408026045808,
                                                     52.564570762310652
                                                 ],
                                                 [
                                                     -3.983638835939769,
                                                     52.564814082672171
                                                 ],
                                                 [
                                                     -3.983914666864704,
                                                     52.564879660001296
                                                 ],
                                                 [
                                                     -3.984032827226452,
                                                     52.564947791015712
                                                 ],
                                                 [
                                                     -3.984129440638529,
                                                     52.565158394067254
                                                 ],
                                                 [
                                                     -3.98420878542462,
                                                     52.565315263645182
                                                 ],
                                                 [
                                                     -3.984307135993109,
                                                     52.565434962150157
                                                 ],
                                                 [
                                                     -3.984552904164601,
                                                     52.565516322660926
                                                 ],
                                                 [
                                                     -3.984768927833885,
                                                     52.565596295136494
                                                 ],
                                                 [
                                                     -3.98501538422056,
                                                     52.565695531211787
                                                 ],
                                                 [
                                                     -3.985326761890752,
                                                     52.565793767650824
                                                 ],
                                                 [
                                                     -3.985404930400563,
                                                     52.565827512259744
                                                 ],
                                                 [
                                                     -3.986373218985859,
                                                     52.565246596144512
                                                 ],
                                                 [
                                                     -3.986473584767047,
                                                     52.565181990899255
                                                 ],
                                                 [
                                                     -3.986719243215771,
                                                     52.565002498645512
                                                 ],
                                                 [
                                                     -3.98679363046818,
                                                     52.564917655668665
                                                 ],
                                                 [
                                                     -3.987081405887844,
                                                     52.564886756863181
                                                 ],
                                                 [
                                                     -3.987402447223746,
                                                     52.564840917249128
                                                 ],
                                                 [
                                                     -3.987914009076292,
                                                     52.564765719410147
                                                 ],
                                                 [
                                                     -3.988207653094269,
                                                     52.564700562461766
                                                 ],
                                                 [
                                                     -3.988685254250062,
                                                     52.564592764005873
                                                 ],
                                                 [
                                                     -3.989017102612314,
                                                     52.564492806231257
                                                 ],
                                                 [
                                                     -3.989556894955804,
                                                     52.564127692447435
                                                 ],
                                                 [
                                                     -3.989804598544168,
                                                     52.56392928213787
                                                 ],
                                                 [
                                                     -3.989895714818423,
                                                     52.563856740014472
                                                 ],
                                                 [
                                                     -3.990043872274622,
                                                     52.563738205133546
                                                 ],
                                                 [
                                                     -3.990076689464373,
                                                     52.563713384137785
                                                 ],
                                                 [
                                                     -3.990227970686274,
                                                     52.563602076698068
                                                 ],
                                                 [
                                                     -3.990305505810088,
                                                     52.563490212858248
                                                 ],
                                                 [
                                                     -3.990467968161981,
                                                     52.56339480688834
                                                 ],
                                                 [
                                                     -3.990607287012317,
                                                     52.5632450494792
                                                 ],
                                                 [
                                                     -3.990700861585939,
                                                     52.563130128290588
                                                 ],
                                                 [
                                                     -3.990719172259696,
                                                     52.5631100449447
                                                 ],
                                                 [
                                                     -3.990774227463053,
                                                     52.563055187563272
                                                 ],
                                                 [
                                                     -3.990858984231428,
                                                     52.563003425209438
                                                 ],
                                                 [
                                                     -3.991057267652772,
                                                     52.562920089862239
                                                 ],
                                                 [
                                                     -3.99118238258496,
                                                     52.562881131549887
                                                 ],
                                                 [
                                                     -3.991389196859343,
                                                     52.563114952242344
                                                 ],
                                                 [
                                                     -3.99174629302281,
                                                     52.563473163883621
                                                 ],
                                                 [
                                                     -3.992166091861502,
                                                     52.563912925160672
                                                 ],
                                                 [
                                                     -3.992521953168796,
                                                     52.564147022165621
                                                 ],
                                                 [
                                                     -3.993274357437427,
                                                     52.563950892975704
                                                 ],
                                                 [
                                                     -3.993723979963718,
                                                     52.563843545252411
                                                 ],
                                                 [
                                                     -3.994076487556629,
                                                     52.563646955829526
                                                 ],
                                                 [
                                                     -3.994345871715094,
                                                     52.563535452175159
                                                 ],
                                                 [
                                                     -3.994581667047555,
                                                     52.563431703399637
                                                 ],
                                                 [
                                                     -3.994807859114312,
                                                     52.563344206754202
                                                 ],
                                                 [
                                                     -3.995072343417108,
                                                     52.563256154061584
                                                 ],
                                                 [
                                                     -3.995310092832331,
                                                     52.56319551717867
                                                 ],
                                                 [
                                                     -3.99579860317547,
                                                     52.563100988199253
                                                 ],
                                                 [
                                                     -3.995869216414104,
                                                     52.563193279391385
                                                 ],
                                                 [
                                                     -3.996125373670422,
                                                     52.563181768812782
                                                 ],
                                                 [
                                                     -3.996398871809704,
                                                     52.563160975700939
                                                 ],
                                                 [
                                                     -3.996477593554842,
                                                     52.563139872348962
                                                 ],
                                                 [
                                                     -3.996680253243853,
                                                     52.563086116723184
                                                 ],
                                                 [
                                                     -3.996925302313484,
                                                     52.563055016456516
                                                 ],
                                                 [
                                                     -3.997179893549623,
                                                     52.56297692280743
                                                 ],
                                                 [
                                                     -3.997431682854824,
                                                     52.562869303660442
                                                 ],
                                                 [
                                                     -3.997819195308244,
                                                     52.562726135125999
                                                 ],
                                                 [
                                                     -3.997946522878236,
                                                     52.562671760812208
                                                 ],
                                                 [
                                                     -3.998111570899852,
                                                     52.562601559678285
                                                 ],
                                                 [
                                                     -3.998137579514888,
                                                     52.562590333745376
                                                 ],
                                                 [
                                                     -3.998362632742661,
                                                     52.562510129660495
                                                 ],
                                                 [
                                                     -3.998586849087887,
                                                     52.562475782091518
                                                 ],
                                                 [
                                                     -3.998869202873589,
                                                     52.562425171520793
                                                 ],
                                                 [
                                                     -3.9990814611404,
                                                     52.562387339464863
                                                 ],
                                                 [
                                                     -3.999527906870046,
                                                     52.562213506685559
                                                 ],
                                                 [
                                                     -3.999655274075371,
                                                     52.562157422393874
                                                 ],
                                                 [
                                                     -3.999674235780467,
                                                     52.562154405521774
                                                 ],
                                                 [
                                                     -4.000444771489998,
                                                     52.562550457691906
                                                 ],
                                                 [
                                                     -4.00081929857972,
                                                     52.562675451738031
                                                 ],
                                                 [
                                                     -4.000974255607051,
                                                     52.562709685217385
                                                 ],
                                                 [
                                                     -4.001022672475602,
                                                     52.562701675372146
                                                 ],
                                                 [
                                                     -4.001105085706869,
                                                     52.562697585398425
                                                 ],
                                                 [
                                                     -4.00167302061623,
                                                     52.562664612548268
                                                 ],
                                                 [
                                                     -4.001673141220353,
                                                     52.562664604214518
                                                 ],
                                                 [
                                                     -4.001990713389396,
                                                     52.562642068122457
                                                 ],
                                                 [
                                                     -4.002505540485815,
                                                     52.562639650024195
                                                 ],
                                                 [
                                                     -4.003051472736712,
                                                     52.562607040147654
                                                 ],
                                                 [
                                                     -4.003536910055399,
                                                     52.562576351040576
                                                 ],
                                                 [
                                                     -4.003577328970422,
                                                     52.562622408738342
                                                 ],
                                                 [
                                                     -4.003758687978896,
                                                     52.562619338209629
                                                 ],
                                                 [
                                                     -4.004089463182111,
                                                     52.562656972638955
                                                 ],
                                                 [
                                                     -4.004477934855558,
                                                     52.562698033747417
                                                 ],
                                                 [
                                                     -4.004885802512702,
                                                     52.562713595753415
                                                 ],
                                                 [
                                                     -4.005147314092536,
                                                     52.562720851157309
                                                 ],
                                                 [
                                                     -4.005182768279526,
                                                     52.56272204779998
                                                 ],
                                                 [
                                                     -4.005333753577723,
                                                     52.562669152791074
                                                 ],
                                                 [
                                                     -4.005581652862542,
                                                     52.562604727544709
                                                 ],
                                                 [
                                                     -4.005783310698979,
                                                     52.562529310546275
                                                 ],
                                                 [
                                                     -4.005824105950783,
                                                     52.562516934068611
                                                 ],
                                                 [
                                                     -4.006213376831626,
                                                     52.562383594811465
                                                 ],
                                                 [
                                                     -4.006411299059884,
                                                     52.562290352824931
                                                 ],
                                                 [
                                                     -4.006498785734939,
                                                     52.562237543799334
                                                 ],
                                                 [
                                                     -4.006580194532829,
                                                     52.562176838228986
                                                 ],
                                                 [
                                                     -4.006812462150098,
                                                     52.562063237817085
                                                 ],
                                                 [
                                                     -4.007054462686927,
                                                     52.561965651662767
                                                 ],
                                                 [
                                                     -4.007249292504786,
                                                     52.561935291676569
                                                 ],
                                                 [
                                                     -4.007567637328788,
                                                     52.561927194401925
                                                 ],
                                                 [
                                                     -4.007724961922009,
                                                     52.561917335163507
                                                 ],
                                                 [
                                                     -4.007785371314296,
                                                     52.56191361381584
                                                 ],
                                                 [
                                                     -4.008225508306009,
                                                     52.561828842463058
                                                 ],
                                                 [
                                                     -4.008474857980028,
                                                     52.561764386470898
                                                 ],
                                                 [
                                                     -4.008673511418932,
                                                     52.561687308021057
                                                 ],
                                                 [
                                                     -4.008750764938431,
                                                     52.561666221358266
                                                 ],
                                                 [
                                                     -4.008779728798397,
                                                     52.561655842026603
                                                 ],
                                                 [
                                                     -4.00879593553545,
                                                     52.561653769576409
                                                 ],
                                                 [
                                                     -4.008916779084205,
                                                     52.5616202578341
                                                 ],
                                                 [
                                                     -4.009273755294221,
                                                     52.561520625376936
                                                 ],
                                                 [
                                                     -4.009493996894497,
                                                     52.561434189522984
                                                 ],
                                                 [
                                                     -4.00977501233859,
                                                     52.561221688525123
                                                 ],
                                                 [
                                                     -4.009817819147578,
                                                     52.561189501082694
                                                 ],
                                                 [
                                                     -4.009877654657773,
                                                     52.561175900700327
                                                 ],
                                                 [
                                                     -4.010178369438031,
                                                     52.561106973091491
                                                 ],
                                                 [
                                                     -4.011683922169389,
                                                     52.560896133082203
                                                 ],
                                                 [
                                                     -4.012240710950816,
                                                     52.560843521526628
                                                 ],
                                                 [
                                                     -4.012515027089546,
                                                     52.56080919466342
                                                 ],
                                                 [
                                                     -4.012965842353092,
                                                     52.560729616894768
                                                 ],
                                                 [
                                                     -4.012915085373427,
                                                     52.560686435560974
                                                 ],
                                                 [
                                                     -4.013279652682083,
                                                     52.560625403391427
                                                 ],
                                                 [
                                                     -4.013522048538023,
                                                     52.5606033022761
                                                 ],
                                                 [
                                                     -4.014057225467469,
                                                     52.560594195395488
                                                 ],
                                                 [
                                                     -4.014656939981143,
                                                     52.560578593557644
                                                 ],
                                                 [
                                                     -4.014895124106111,
                                                     52.560560156935743
                                                 ],
                                                 [
                                                     -4.015238741800076,
                                                     52.560557002509981
                                                 ],
                                                 [
                                                     -4.015653884048705,
                                                     52.560569707818082
                                                 ],
                                                 [
                                                     -4.015922038512919,
                                                     52.560592105971651
                                                 ],
                                                 [
                                                     -4.016138744747328,
                                                     52.560622571253724
                                                 ],
                                                 [
                                                     -4.016448648766779,
                                                     52.560719763051516
                                                 ],
                                                 [
                                                     -4.016874288899652,
                                                     52.56083394697098
                                                 ],
                                                 [
                                                     -4.017264733863706,
                                                     52.560918078021636
                                                 ],
                                                 [
                                                     -4.017678182970605,
                                                     52.560989231385705
                                                 ],
                                                 [
                                                     -4.018495182157793,
                                                     52.561109231623213
                                                 ],
                                                 [
                                                     -4.018847310087255,
                                                     52.561195898296852
                                                 ],
                                                 [
                                                     -4.019118113368477,
                                                     52.561278468594701
                                                 ],
                                                 [
                                                     -4.019520786596875,
                                                     52.561435282279277
                                                 ],
                                                 [
                                                     -4.019812256732058,
                                                     52.561517498325045
                                                 ],
                                                 [
                                                     -4.020032172068429,
                                                     52.561551497366949
                                                 ],
                                                 [
                                                     -4.020398304937022,
                                                     52.561524573531372
                                                 ],
                                                 [
                                                     -4.020859434132414,
                                                     52.561478947465993
                                                 ],
                                                 [
                                                     -4.02108646135481,
                                                     52.561442710830555
                                                 ],
                                                 [
                                                     -4.021845982399071,
                                                     52.561693196380475
                                                 ],
                                                 [
                                                     -4.022069632271479,
                                                     52.561776566459777
                                                 ],
                                                 [
                                                     -4.022392873401166,
                                                     52.561811492110792
                                                 ],
                                                 [
                                                     -4.022860199486693,
                                                     52.561194789121899
                                                 ],
                                                 [
                                                     -4.023704783479537,
                                                     52.560470958842089
                                                 ],
                                                 [
                                                     -4.024530759781641,
                                                     52.559763621329004
                                                 ],
                                                 [
                                                     -4.024949765566316,
                                                     52.559506476371318
                                                 ],
                                                 [
                                                     -4.025294858752992,
                                                     52.559408795852889
                                                 ],
                                                 [
                                                     -4.025528840480341,
                                                     52.55933108417269
                                                 ],
                                                 [
                                                     -4.025765655882554,
                                                     52.559251525256073
                                                 ],
                                                 [
                                                     -4.026001351176106,
                                                     52.559147714819289
                                                 ],
                                                 [
                                                     -4.026354295836561,
                                                     52.558964504571534
                                                 ],
                                                 [
                                                     -4.026532904282015,
                                                     52.55890212060563
                                                 ],
                                                 [
                                                     -4.026964295904228,
                                                     52.558850687614147
                                                 ],
                                                 [
                                                     -4.027642812455457,
                                                     52.55878513132221
                                                 ],
                                                 [
                                                     -4.027983419133807,
                                                     52.558748643518157
                                                 ],
                                                 [
                                                     -4.028364814506225,
                                                     52.558699859527977
                                                 ],
                                                 [
                                                     -4.029020162538643,
                                                     52.558643681020143
                                                 ],
                                                 [
                                                     -4.030369499873759,
                                                     52.558567504577056
                                                 ],
                                                 [
                                                     -4.030486144454893,
                                                     52.558569997989864
                                                 ],
                                                 [
                                                     -4.030601412639477,
                                                     52.558574312267758
                                                 ],
                                                 [
                                                     -4.03101403142005,
                                                     52.558627456071292
                                                 ],
                                                 [
                                                     -4.031418115629917,
                                                     52.558656474708251
                                                 ],
                                                 [
                                                     -4.031906978048925,
                                                     52.558701205253598
                                                 ],
                                                 [
                                                     -4.032836628487727,
                                                     52.558737374629594
                                                 ],
                                                 [
                                                     -4.032837038316083,
                                                     52.558736730105679
                                                 ],
                                                 [
                                                     -4.032922172301219,
                                                     52.55860134207871
                                                 ],
                                                 [
                                                     -4.032935543449403,
                                                     52.558580079905461
                                                 ],
                                                 [
                                                     -4.032972620396109,
                                                     52.55858483684915
                                                 ],
                                                 [
                                                     -4.032975492373354,
                                                     52.558581191885956
                                                 ],
                                                 [
                                                     -4.03425035876167,
                                                     52.558746339159278
                                                 ],
                                                 [
                                                     -4.034818370118712,
                                                     52.558811180055862
                                                 ],
                                                 [
                                                     -4.035202208956578,
                                                     52.558880984027923
                                                 ],
                                                 [
                                                     -4.035552180162234,
                                                     52.558949660970548
                                                 ],
                                                 [
                                                     -4.036052041400524,
                                                     52.559039938450397
                                                 ],
                                                 [
                                                     -4.036382563429224,
                                                     52.559074700556792
                                                 ],
                                                 [
                                                     -4.037094764301062,
                                                     52.559098397421515
                                                 ],
                                                 [
                                                     -4.039400563573159,
                                                     52.559573019862931
                                                 ],
                                                 [
                                                     -4.039464883951688,
                                                     52.559813709527859
                                                 ],
                                                 [
                                                     -4.039464914446428,
                                                     52.559813794419831
                                                 ],
                                                 [
                                                     -4.039594839587567,
                                                     52.560165805093739
                                                 ],
                                                 [
                                                     -4.039727867689728,
                                                     52.560426882393081
                                                 ],
                                                 [
                                                     -4.039885425937388,
                                                     52.560419672762386
                                                 ],
                                                 [
                                                     -4.040246913997286,
                                                     52.560421530629796
                                                 ],
                                                 [
                                                     -4.040667020390626,
                                                     52.560506960637603
                                                 ],
                                                 [
                                                     -4.040852701835346,
                                                     52.560534321019055
                                                 ],
                                                 [
                                                     -4.041069377521145,
                                                     52.560529685021763
                                                 ],
                                                 [
                                                     -4.041115078189449,
                                                     52.560528896801173
                                                 ],
                                                 [
                                                     -4.041325214714153,
                                                     52.560543249497464
                                                 ],
                                                 [
                                                     -4.041432950124734,
                                                     52.560544986702894
                                                 ],
                                                 [
                                                     -4.041602674292066,
                                                     52.560545654410333
                                                 ],
                                                 [
                                                     -4.041817515004247,
                                                     52.560532959207706
                                                 ],
                                                 [
                                                     -4.042026399949574,
                                                     52.560520366383066
                                                 ],
                                                 [
                                                     -4.042638390910769,
                                                     52.560515197667364
                                                 ],
                                                 [
                                                     -4.042928969003508,
                                                     52.560511979140912
                                                 ],
                                                 [
                                                     -4.043180511437775,
                                                     52.56049595137366
                                                 ],
                                                 [
                                                     -4.043427386949214,
                                                     52.560444947384525
                                                 ],
                                                 [
                                                     -4.043316004343441,
                                                     52.560239140461114
                                                 ],
                                                 [
                                                     -4.043339376195831,
                                                     52.560234243049536
                                                 ],
                                                 [
                                                     -4.044012206239549,
                                                     52.560075208241528
                                                 ],
                                                 [
                                                     -4.044497734076147,
                                                     52.55995347285058
                                                 ],
                                                 [
                                                     -4.044618085078848,
                                                     52.559938809303098
                                                 ],
                                                 [
                                                     -4.044682697722976,
                                                     52.559931400818712
                                                 ],
                                                 [
                                                     -4.044928653523959,
                                                     52.559892094675497
                                                 ],
                                                 [
                                                     -4.045575447625556,
                                                     52.559809006359714
                                                 ],
                                                 [
                                                     -4.046157596182009,
                                                     52.559795346569615
                                                 ],
                                                 [
                                                     -4.046444336342409,
                                                     52.559775107601702
                                                 ],
                                                 [
                                                     -4.046657418298734,
                                                     52.559727377692063
                                                 ],
                                                 [
                                                     -4.046816802533884,
                                                     52.559696756060603
                                                 ],
                                                 [
                                                     -4.047242876437381,
                                                     52.559625475541523
                                                 ],
                                                 [
                                                     -4.047479998913821,
                                                     52.559615980174257
                                                 ],
                                                 [
                                                     -4.047599311551043,
                                                     52.559613016677893
                                                 ],
                                                 [
                                                     -4.047712091805678,
                                                     52.559438481128318
                                                 ],
                                                 [
                                                     -4.047958770461478,
                                                     52.55912760533451
                                                 ],
                                                 [
                                                     -4.048093007736212,
                                                     52.558810586454797
                                                 ],
                                                 [
                                                     -4.047977063775798,
                                                     52.558601267053128
                                                 ],
                                                 [
                                                     -4.047997337603959,
                                                     52.558529905345566
                                                 ],
                                                 [
                                                     -4.048005324673215,
                                                     52.558479430043029
                                                 ],
                                                 [
                                                     -4.048039832622854,
                                                     52.558366382730981
                                                 ],
                                                 [
                                                     -4.048063730200368,
                                                     52.558307542562915
                                                 ],
                                                 [
                                                     -4.048075722418289,
                                                     52.558280369108779
                                                 ],
                                                 [
                                                     -4.048107449360812,
                                                     52.5582016169909
                                                 ],
                                                 [
                                                     -4.048371669884717,
                                                     52.557951561493482
                                                 ],
                                                 [
                                                     -4.048611329305446,
                                                     52.557774828711402
                                                 ],
                                                 [
                                                     -4.04895210555254,
                                                     52.55749198495888
                                                 ],
                                                 [
                                                     -4.04967181725167,
                                                     52.55701192600413
                                                 ],
                                                 [
                                                     -4.049781277305168,
                                                     52.556954299034508
                                                 ],
                                                 [
                                                     -4.049990587091968,
                                                     52.556888651036324
                                                 ],
                                                 [
                                                     -4.050112749100383,
                                                     52.556819119469345
                                                 ],
                                                 [
                                                     -4.050511967772841,
                                                     52.556459662984828
                                                 ],
                                                 [
                                                     -4.050864538590329,
                                                     52.556427485493906
                                                 ],
                                                 [
                                                     -4.051260800857206,
                                                     52.556382864457142
                                                 ],
                                                 [
                                                     -4.051739836645607,
                                                     52.556342199978715
                                                 ],
                                                 [
                                                     -4.052153963915994,
                                                     52.556271199390487
                                                 ],
                                                 [
                                                     -4.052531054837253,
                                                     52.556196344068837
                                                 ],
                                                 [
                                                     -4.052856465680844,
                                                     52.556181710753933
                                                 ],
                                                 [
                                                     -4.053057061576872,
                                                     52.556750006382778
                                                 ],
                                                 [
                                                     -4.053162986584232,
                                                     52.556965786972711
                                                 ],
                                                 [
                                                     -4.053341731952858,
                                                     52.557318731047403
                                                 ],
                                                 [
                                                     -4.053456350135818,
                                                     52.55749660679033
                                                 ],
                                                 [
                                                     -4.054576237560078,
                                                     52.557311685633884
                                                 ],
                                                 [
                                                     -4.055732243649664,
                                                     52.557142396201037
                                                 ],
                                                 [
                                                     -4.056085613827372,
                                                     52.557127267440293
                                                 ],
                                                 [
                                                     -4.056234494775218,
                                                     52.557124680567632
                                                 ],
                                                 [
                                                     -4.05637613082269,
                                                     52.55712581504384
                                                 ],
                                                 [
                                                     -4.056441239926482,
                                                     52.557129178381587
                                                 ],
                                                 [
                                                     -4.05661120264668,
                                                     52.557135213327165
                                                 ],
                                                 [
                                                     -4.056795893908005,
                                                     52.557393666873281
                                                 ],
                                                 [
                                                     -4.056950179902918,
                                                     52.557568962583858
                                                 ],
                                                 [
                                                     -4.057126886786817,
                                                     52.557846430841849
                                                 ],
                                                 [
                                                     -4.057310600571688,
                                                     52.558146248199428
                                                 ],
                                                 [
                                                     -4.057398890462985,
                                                     52.558364129080253
                                                 ],
                                                 [
                                                     -4.057490436602546,
                                                     52.558521639327815
                                                 ],
                                                 [
                                                     -4.057585383159411,
                                                     52.55872322440554
                                                 ],
                                                 [
                                                     -4.058109324627419,
                                                     52.558633214604619
                                                 ],
                                                 [
                                                     -4.058233875445707,
                                                     52.558614868461454
                                                 ],
                                                 [
                                                     -4.058725557868504,
                                                     52.558591934075309
                                                 ],
                                                 [
                                                     -4.05918317625754,
                                                     52.55859745457731
                                                 ],
                                                 [
                                                     -4.059466203861645,
                                                     52.558594327611289
                                                 ],
                                                 [
                                                     -4.059776554367908,
                                                     52.558509734810919
                                                 ],
                                                 [
                                                     -4.060258195978506,
                                                     52.558399776982846
                                                 ],
                                                 [
                                                     -4.06048523334867,
                                                     52.558647599877141
                                                 ],
                                                 [
                                                     -4.060691875490832,
                                                     52.558839148173291
                                                 ],
                                                 [
                                                     -4.060730218596158,
                                                     52.558870840351602
                                                 ],
                                                 [
                                                     -4.060742722733695,
                                                     52.558885903407052
                                                 ],
                                                 [
                                                     -4.060795278108134,
                                                     52.558935325379537
                                                 ],
                                                 [
                                                     -4.060882239902122,
                                                     52.559059653911596
                                                 ],
                                                 [
                                                     -4.060976985584562,
                                                     52.559160565513743
                                                 ],
                                                 [
                                                     -4.061185566250676,
                                                     52.559235134997465
                                                 ],
                                                 [
                                                     -4.06160966096317,
                                                     52.559407523306724
                                                 ],
                                                 [
                                                     -4.061813473753508,
                                                     52.559507433263207
                                                 ],
                                                 [
                                                     -4.061882184519029,
                                                     52.559618595631093
                                                 ],
                                                 [
                                                     -4.061906095405365,
                                                     52.559690089150983
                                                 ],
                                                 [
                                                     -4.06192216169237,
                                                     52.559812146443115
                                                 ],
                                                 [
                                                     -4.062007601601108,
                                                     52.559966164050827
                                                 ],
                                                 [
                                                     -4.0620229156707,
                                                     52.560009942244051
                                                 ],
                                                 [
                                                     -4.0620303822253,
                                                     52.560104284268782
                                                 ],
                                                 [
                                                     -4.061964089259475,
                                                     52.560233978831164
                                                 ],
                                                 [
                                                     -4.061874911029268,
                                                     52.560345195647393
                                                 ],
                                                 [
                                                     -4.06175953517662,
                                                     52.560463250875955
                                                 ],
                                                 [
                                                     -4.061735503035186,
                                                     52.56054996225155
                                                 ],
                                                 [
                                                     -4.061716516068912,
                                                     52.560648269983496
                                                 ],
                                                 [
                                                     -4.061721144160376,
                                                     52.56065358326429
                                                 ],
                                                 [
                                                     -4.062066767041427,
                                                     52.560597224180242
                                                 ],
                                                 [
                                                     -4.062068351379621,
                                                     52.560599893079413
                                                 ],
                                                 [
                                                     -4.06209917684037,
                                                     52.560595760305887
                                                 ],
                                                 [
                                                     -4.062354527514515,
                                                     52.561070591765784
                                                 ],
                                                 [
                                                     -4.062573521485546,
                                                     52.56149383188734
                                                 ],
                                                 [
                                                     -4.062791265294744,
                                                     52.561921589972535
                                                 ],
                                                 [
                                                     -4.062791310367058,
                                                     52.561921670109051
                                                 ],
                                                 [
                                                     -4.062922715055673,
                                                     52.562143207521807
                                                 ],
                                                 [
                                                     -4.062934310936995,
                                                     52.562169971340921
                                                 ],
                                                 [
                                                     -4.06297536984732,
                                                     52.562352716894402
                                                 ],
                                                 [
                                                     -4.06299414124268,
                                                     52.562470142176167
                                                 ],
                                                 [
                                                     -4.063055985483148,
                                                     52.562719940696581
                                                 ],
                                                 [
                                                     -4.063136356312402,
                                                     52.563237371877477
                                                 ],
                                                 [
                                                     -4.063036355968154,
                                                     52.563589767870411
                                                 ],
                                                 [
                                                     -4.063039316377715,
                                                     52.563746120758005
                                                 ],
                                                 [
                                                     -4.063177638669852,
                                                     52.56417894544299
                                                 ],
                                                 [
                                                     -4.063334498400479,
                                                     52.564534952876841
                                                 ],
                                                 [
                                                     -4.063436966961097,
                                                     52.564641930135984
                                                 ],
                                                 [
                                                     -4.063550219425336,
                                                     52.564729843738341
                                                 ],
                                                 [
                                                     -4.063588135039612,
                                                     52.564941407172867
                                                 ],
                                                 [
                                                     -4.063831167023174,
                                                     52.56508827057155
                                                 ],
                                                 [
                                                     -4.064133191892067,
                                                     52.565299632608429
                                                 ],
                                                 [
                                                     -4.064305901809512,
                                                     52.565456710201737
                                                 ],
                                                 [
                                                     -4.064427399135736,
                                                     52.565530995742037
                                                 ],
                                                 [
                                                     -4.064937812143506,
                                                     52.565560743023688
                                                 ],
                                                 [
                                                     -4.065108230385707,
                                                     52.565575746699146
                                                 ],
                                                 [
                                                     -4.065578561346737,
                                                     52.565472257298929
                                                 ],
                                                 [
                                                     -4.066581392474798,
                                                     52.565337895637008
                                                 ],
                                                 [
                                                     -4.066918378578739,
                                                     52.565286078317712
                                                 ],
                                                 [
                                                     -4.067527638768013,
                                                     52.565094761046907
                                                 ],
                                                 [
                                                     -4.067937105790102,
                                                     52.565016595837356
                                                 ],
                                                 [
                                                     -4.068105321993635,
                                                     52.564922779844821
                                                 ],
                                                 [
                                                     -4.068277070992427,
                                                     52.564873036825333
                                                 ],
                                                 [
                                                     -4.068727086027884,
                                                     52.564811238383527
                                                 ],
                                                 [
                                                     -4.068905255084902,
                                                     52.564771270010411
                                                 ],
                                                 [
                                                     -4.069447123143336,
                                                     52.564748312420413
                                                 ],
                                                 [
                                                     -4.069559621065957,
                                                     52.564755333826362
                                                 ],
                                                 [
                                                     -4.069706031953888,
                                                     52.564761762035957
                                                 ],
                                                 [
                                                     -4.069864761646658,
                                                     52.564748199918384
                                                 ],
                                                 [
                                                     -4.069990528722867,
                                                     52.564724427214678
                                                 ],
                                                 [
                                                     -4.070171929539999,
                                                     52.564660130025281
                                                 ],
                                                 [
                                                     -4.070569874684154,
                                                     52.564619010959547
                                                 ],
                                                 [
                                                     -4.07075253958548,
                                                     52.564581567720353
                                                 ],
                                                 [
                                                     -4.070985242901745,
                                                     52.564480416943496
                                                 ],
                                                 [
                                                     -4.071244486001088,
                                                     52.564439026229984
                                                 ],
                                                 [
                                                     -4.071628499891585,
                                                     52.564383764822445
                                                 ],
                                                 [
                                                     -4.072263925659464,
                                                     52.5643429765611
                                                 ],
                                                 [
                                                     -4.072884749351078,
                                                     52.564335699690162
                                                 ],
                                                 [
                                                     -4.072880976879387,
                                                     52.564098372241745
                                                 ],
                                                 [
                                                     -4.072799412859051,
                                                     52.563589057335292
                                                 ],
                                                 [
                                                     -4.072981016644951,
                                                     52.563529246991095
                                                 ],
                                                 [
                                                     -4.073505935983015,
                                                     52.563333084596458
                                                 ],
                                                 [
                                                     -4.074068276564976,
                                                     52.563151454909324
                                                 ],
                                                 [
                                                     -4.074515141356563,
                                                     52.562989914071892
                                                 ],
                                                 [
                                                     -4.074906852712974,
                                                     52.562848125099343
                                                 ],
                                                 [
                                                     -4.075703291249891,
                                                     52.56253114574821
                                                 ],
                                                 [
                                                     -4.076294934963177,
                                                     52.562341889955128
                                                 ],
                                                 [
                                                     -4.076633000191753,
                                                     52.562223508502576
                                                 ],
                                                 [
                                                     -4.076957997529,
                                                     52.562075781900631
                                                 ],
                                                 [
                                                     -4.077405912241733,
                                                     52.561906032083961
                                                 ],
                                                 [
                                                     -4.077465302284694,
                                                     52.561883415620798
                                                 ],
                                                 [
                                                     -4.078044204908112,
                                                     52.561674599883894
                                                 ],
                                                 [
                                                     -4.077687294787684,
                                                     52.56139673024213
                                                 ],
                                                 [
                                                     -4.076321021527134,
                                                     52.560334503517026
                                                 ],
                                                 [
                                                     -4.076455193707802,
                                                     52.560270126851023
                                                 ],
                                                 [
                                                     -4.076987289422584,
                                                     52.560103395224623
                                                 ],
                                                 [
                                                     -4.077420693040059,
                                                     52.560406890156052
                                                 ],
                                                 [
                                                     -4.077457977821703,
                                                     52.560446775032744
                                                 ],
                                                 [
                                                     -4.078510451293793,
                                                     52.56024123670921
                                                 ],
                                                 [
                                                     -4.078528310929388,
                                                     52.560181597029015
                                                 ],
                                                 [
                                                     -4.078610447800677,
                                                     52.55989152398886
                                                 ],
                                                 [
                                                     -4.078703928687521,
                                                     52.559527543000073
                                                 ],
                                                 [
                                                     -4.078767854869408,
                                                     52.559505746203115
                                                 ],
                                                 [
                                                     -4.078767727447979,
                                                     52.559503051927578
                                                 ],
                                                 [
                                                     -4.079711588863463,
                                                     52.559185253302111
                                                 ],
                                                 [
                                                     -4.080342525952847,
                                                     52.558987105801961
                                                 ],
                                                 [
                                                     -4.081043008157262,
                                                     52.558981081671249
                                                 ],
                                                 [
                                                     -4.081376102949736,
                                                     52.55897432530363
                                                 ],
                                                 [
                                                     -4.0813872691189,
                                                     52.558974098337579
                                                 ],
                                                 [
                                                     -4.083669479502134,
                                                     52.558927674105682
                                                 ],
                                                 [
                                                     -4.084034993864048,
                                                     52.558921237642998
                                                 ],
                                                 [
                                                     -4.084323630042569,
                                                     52.559171196601945
                                                 ],
                                                 [
                                                     -4.084366466285894,
                                                     52.559251319618532
                                                 ],
                                                 [
                                                     -4.084386119976816,
                                                     52.559336616388499
                                                 ],
                                                 [
                                                     -4.084413586852878,
                                                     52.55942178452495
                                                 ],
                                                 [
                                                     -4.084440362123702,
                                                     52.559492677525945
                                                 ],
                                                 [
                                                     -4.084490546537389,
                                                     52.559563167171348
                                                 ],
                                                 [
                                                     -4.084556341378001,
                                                     52.559633372825296
                                                 ],
                                                 [
                                                     -4.084597600765962,
                                                     52.559680228436932
                                                 ],
                                                 [
                                                     -4.084678977204012,
                                                     52.559750159545423
                                                 ],
                                                 [
                                                     -4.084760594481207,
                                                     52.559824851790353
                                                 ],
                                                 [
                                                     -4.084890142028515,
                                                     52.559922481770869
                                                 ],
                                                 [
                                                     -4.085012103238286,
                                                     52.560025010710014
                                                 ],
                                                 [
                                                     -4.08513385430693,
                                                     52.560122786785882
                                                 ],
                                                 [
                                                     -4.085216811100363,
                                                     52.560225993777131
                                                 ],
                                                 [
                                                     -4.085292210835116,
                                                     52.560334099310836
                                                 ],
                                                 [
                                                     -4.085335727314535,
                                                     52.560428497308159
                                                 ],
                                                 [
                                                     -4.085363407080366,
                                                     52.560518408928516
                                                 ],
                                                 [
                                                     -4.085375490678401,
                                                     52.560608595377595
                                                 ],
                                                 [
                                                     -4.085429286611436,
                                                     52.560755142055847
                                                 ],
                                                 [
                                                     -4.085472803399573,
                                                     52.560849531005196
                                                 ],
                                                 [
                                                     -4.085531240271488,
                                                     52.560929387672523
                                                 ],
                                                 [
                                                     -4.08557340440569,
                                                     52.560995261768227
                                                 ],
                                                 [
                                                     -4.085624043435569,
                                                     52.561075255815886
                                                 ],
                                                 [
                                                     -4.085619854299135,
                                                     52.561151450707406
                                                 ],
                                                 [
                                                     -4.085583104332303,
                                                     52.561199680786366
                                                 ],
                                                 [
                                                     -4.085548102279412,
                                                     52.561227164798552
                                                 ],
                                                 [
                                                     -4.085540944778587,
                                                     52.561232783773711
                                                 ],
                                                 [
                                                     -4.085477734173081,
                                                     52.561282424232104
                                                 ],
                                                 [
                                                     -4.085409550198263,
                                                     52.561326442767744
                                                 ],
                                                 [
                                                     -4.085333582976466,
                                                     52.561370607406481
                                                 ],
                                                 [
                                                     -4.085312203180219,
                                                     52.561413801117212
                                                 ],
                                                 [
                                                     -4.085317995109014,
                                                     52.561443208777575
                                                 ],
                                                 [
                                                     -4.085322482657177,
                                                     52.5614659588244
                                                 ],
                                                 [
                                                     -4.085355269430564,
                                                     52.561498685158597
                                                 ],
                                                 [
                                                     -4.085434635335132,
                                                     52.561525834220895
                                                 ],
                                                 [
                                                     -4.085483921300824,
                                                     52.561577304525336
                                                 ],
                                                 [
                                                     -4.085495338080325,
                                                     52.561585330446704
                                                 ],
                                                 [
                                                     -4.085556602352278,
                                                     52.561628362513652
                                                 ],
                                                 [
                                                     -4.08562952383522,
                                                     52.561684172662929
                                                 ],
                                                 [
                                                     -4.085710003574669,
                                                     52.561735093115267
                                                 ],
                                                 [
                                                     -4.085798296592129,
                                                     52.561785875802677
                                                 ],
                                                 [
                                                     -4.085934071368001,
                                                     52.561850090826873
                                                 ],
                                                 [
                                                     -4.085983132726315,
                                                     52.561896808444558
                                                 ],
                                                 [
                                                     -4.086024846944111,
                                                     52.56195316843646
                                                 ],
                                                 [
                                                     -4.086076797832862,
                                                     52.56201568689206
                                                 ],
                                                 [
                                                     -4.086091084726613,
                                                     52.562032887323859
                                                 ],
                                                 [
                                                     -4.086097057979458,
                                                     52.562036945039608
                                                 ],
                                                 [
                                                     -4.086179829950921,
                                                     52.562093174644914
                                                 ],
                                                 [
                                                     -4.086237141436457,
                                                     52.562149259606514
                                                 ],
                                                 [
                                                     -4.086272411796988,
                                                     52.562234280756051
                                                 ],
                                                 [
                                                     -4.086275570980009,
                                                     52.562300833235376
                                                 ],
                                                 [
                                                     -4.086314001229294,
                                                     52.562452415829256
                                                 ],
                                                 [
                                                     -4.086333208661231,
                                                     52.562528198265177
                                                 ],
                                                 [
                                                     -4.086367802707475,
                                                     52.562598961982239
                                                 ],
                                                 [
                                                     -4.086424663452464,
                                                     52.562645532926446
                                                 ],
                                                 [
                                                     -4.086496444891555,
                                                     52.562677580442397
                                                 ],
                                                 [
                                                     -4.086560216610947,
                                                     52.56270500370632
                                                 ],
                                                 [
                                                     -4.086593441771081,
                                                     52.562747234859543
                                                 ],
                                                 [
                                                     -4.086595924595784,
                                                     52.562799529928355
                                                 ],
                                                 [
                                                     -4.086591285795563,
                                                     52.562866219890303
                                                 ],
                                                 [
                                                     -4.086593768628367,
                                                     52.562918514958142
                                                 ],
                                                 [
                                                     -4.086619436240208,
                                                     52.562965644790687
                                                 ],
                                                 [
                                                     -4.086707040688771,
                                                     52.563002160639719
                                                 ],
                                                 [
                                                     -4.086810271899878,
                                                     52.563038400868884
                                                 ],
                                                 [
                                                     -4.086889626740653,
                                                     52.563065549170695
                                                 ],
                                                 [
                                                     -4.087000657251937,
                                                     52.56310166069138
                                                 ],
                                                 [
                                                     -4.087080238011223,
                                                     52.56313356132484
                                                 ],
                                                 [
                                                     -4.087160059325404,
                                                     52.563170214105114
                                                 ],
                                                 [
                                                     -4.087201099185878,
                                                     52.563212316258067
                                                 ],
                                                 [
                                                     -4.087242590541184,
                                                     52.563263923318445
                                                 ],
                                                 [
                                                     -4.087268470025688,
                                                     52.563315805719661
                                                 ],
                                                 [
                                                     -4.087278978039691,
                                                     52.563372715673722
                                                 ],
                                                 [
                                                     -4.087281235595767,
                                                     52.563420249269164
                                                 ],
                                                 [
                                                     -4.087298654177157,
                                                     52.563458011566546
                                                 ],
                                                 [
                                                     -4.087355517032718,
                                                     52.563504582035449
                                                 ],
                                                 [
                                                     -4.087397234580211,
                                                     52.56356094149524
                                                 ],
                                                 [
                                                     -4.087399718433771,
                                                     52.563613236530074
                                                 ],
                                                 [
                                                     -4.087402428023332,
                                                     52.563670284024916
                                                 ],
                                                 [
                                                     -4.087393882278846,
                                                     52.563714709232478
                                                 ],
                                                 [
                                                     -4.087393032824254,
                                                     52.563719129094494
                                                 ],
                                                 [
                                                     -4.087399371346657,
                                                     52.563770259188843
                                                 ],
                                                 [
                                                     -4.087456912353998,
                                                     52.563831095966449
                                                 ],
                                                 [
                                                     -4.087530050951454,
                                                     52.563891657582552
                                                 ],
                                                 [
                                                     -4.087573575522703,
                                                     52.56398604563357
                                                 ],
                                                 [
                                                     -4.087607947015033,
                                                     52.564052056479511
                                                 ],
                                                 [
                                                     -4.08765859340053,
                                                     52.564132049542991
                                                 ],
                                                 [
                                                     -4.087694079218935,
                                                     52.564221822916529
                                                 ],
                                                 [
                                                     -4.087714208120727,
                                                     52.564316623634745
                                                 ],
                                                 [
                                                     -4.087749919983756,
                                                     52.564411149445171
                                                 ],
                                                 [
                                                     -4.087823752478294,
                                                     52.564485976960135
                                                 ],
                                                 [
                                                     -4.087874173989381,
                                                     52.564561217458106
                                                 ],
                                                 [
                                                     -4.087931716713589,
                                                     52.564622053979718
                                                 ],
                                                 [
                                                     -4.087997510480049,
                                                     52.564692266772745
                                                 ],
                                                 [
                                                     -4.088093223715515,
                                                     52.564762086499115
                                                 ],
                                                 [
                                                     -4.088112337052338,
                                                     52.56477627124135
                                                 ],
                                                 [
                                                     -4.08814312914378,
                                                     52.564799122611085
                                                 ],
                                                 [
                                                     -4.088177050086312,
                                                     52.564855619369254
                                                 ],
                                                 [
                                                     -4.088210745291939,
                                                     52.564907363659195
                                                 ],
                                                 [
                                                     -4.088213456060327,
                                                     52.564964411112015
                                                 ],
                                                 [
                                                     -4.088216166837814,
                                                     52.565021458564182
                                                 ],
                                                 [
                                                     -4.088280832068707,
                                                     52.565067899916052
                                                 ],
                                                 [
                                                     -4.088375804080134,
                                                     52.565094771668512
                                                 ],
                                                 [
                                                     -4.088439128788842,
                                                     52.56511268894824
                                                 ],
                                                 [
                                                     -4.088557949514031,
                                                     52.565148652577207
                                                 ],
                                                 [
                                                     -4.088621259629738,
                                                     52.565166570017958
                                                 ],
                                                 [
                                                     -4.088693512878769,
                                                     52.56520811179638
                                                 ],
                                                 [
                                                     -4.088735685577852,
                                                     52.565273975645262
                                                 ],
                                                 [
                                                     -4.088769367028412,
                                                     52.565325720022777
                                                 ],
                                                 [
                                                     -4.088781022162141,
                                                     52.565406400798956
                                                 ],
                                                 [
                                                     -4.088784185931003,
                                                     52.565472962119898
                                                 ],
                                                 [
                                                     -4.088778631545319,
                                                     52.565520633564653
                                                 ],
                                                 [
                                                     -4.088781343110514,
                                                     52.565577680990863
                                                 ],
                                                 [
                                                     -4.088831315756292,
                                                     52.565643416128601
                                                 ],
                                                 [
                                                     -4.088897126836494,
                                                     52.565713619135359
                                                 ],
                                                 [
                                                     -4.08897027059896,
                                                     52.565774179790331
                                                 ],
                                                 [
                                                     -4.089035630255376,
                                                     52.565834877806289
                                                 ],
                                                 [
                                                     -4.089124824829401,
                                                     52.565904676912794
                                                 ],
                                                 [
                                                     -4.089173894188943,
                                                     52.565951393095666
                                                 ],
                                                 [
                                                     -4.089239254393837,
                                                     52.566012090991826
                                                 ],
                                                 [
                                                     -4.089281654661642,
                                                     52.566082707074315
                                                 ],
                                                 [
                                                     -4.089307764247975,
                                                     52.566139341417113
                                                 ],
                                                 [
                                                     -4.089326979044374,
                                                     52.566215132236458
                                                 ],
                                                 [
                                                     -4.089329239473325,
                                                     52.566262674730751
                                                 ],
                                                 [
                                                     -4.089370962249278,
                                                     52.566319033416804
                                                 ],
                                                 [
                                                     -4.089403529760775,
                                                     52.566347006083106
                                                 ],
                                                 [
                                                     -4.089491609979556,
                                                     52.566393024401705
                                                 ],
                                                 [
                                                     -4.089579464823252,
                                                     52.566434299184621
                                                 ],
                                                 [
                                                     -4.089605349023583,
                                                     52.566486181000812
                                                 ],
                                                 [
                                                     -4.089575960683217,
                                                     52.566524760424372
                                                 ],
                                                 [
                                                     -4.089531637565393,
                                                     52.56657788184706
                                                 ],
                                                 [
                                                     -4.089502460336864,
                                                     52.566621213965206
                                                 ],
                                                 [
                                                     -4.08950449500867,
                                                     52.566664003999115
                                                 ],
                                                 [
                                                     -4.089561138428571,
                                                     52.566705820865728
                                                 ],
                                                 [
                                                     -4.089649219965974,
                                                     52.566751848039111
                                                 ],
                                                 [
                                                     -4.089698968854362,
                                                     52.566812821335944
                                                 ],
                                                 [
                                                     -4.089748039858531,
                                                     52.566859537257209
                                                 ],
                                                 [
                                                     -4.089789311729816,
                                                     52.566906390877392
                                                 ],
                                                 [
                                                     -4.089856016039322,
                                                     52.566995612347966
                                                 ],
                                                 [
                                                     -4.089897966233442,
                                                     52.567056723277801
                                                 ],
                                                 [
                                                     -4.089948168311601,
                                                     52.567127210343962
                                                 ],
                                                 [
                                                     -4.089982771548563,
                                                     52.567197963870989
                                                 ],
                                                 [
                                                     -4.090016229955302,
                                                     52.567244955397548
                                                 ],
                                                 [
                                                     -4.090065527834182,
                                                     52.56729642362513
                                                 ],
                                                 [
                                                     -4.09009097535985,
                                                     52.567338791173583
                                                 ],
                                                 [
                                                     -4.090101262078692,
                                                     52.567390948343458
                                                 ],
                                                 [
                                                     -4.090095045532228,
                                                     52.567424362214659
                                                 ],
                                                 [
                                                     -4.090049365470056,
                                                     52.567448960146315
                                                 ],
                                                 [
                                                     -4.089949075248323,
                                                     52.567474522457708
                                                 ],
                                                 [
                                                     -4.089825145686143,
                                                     52.567495736685601
                                                 ],
                                                 [
                                                     -4.089788727128124,
                                                     52.567508687177494
                                                 ],
                                                 [
                                                     -4.089779597111248,
                                                     52.567511934238205
                                                 ],
                                                 [
                                                     -4.089740679930011,
                                                     52.567525775823967
                                                 ],
                                                 [
                                                     -4.08964061577655,
                                                     52.567556099311652
                                                 ],
                                                 [
                                                     -4.089563949135501,
                                                     52.567586000613993
                                                 ],
                                                 [
                                                     -4.089550158783262,
                                                     52.56762430461756
                                                 ],
                                                 [
                                                     -4.089597647719073,
                                                     52.567637735464182
                                                 ],
                                                 [
                                                     -4.089676123330808,
                                                     52.567645871711164
                                                 ],
                                                 [
                                                     -4.089800942726699,
                                                     52.567643667695449
                                                 ],
                                                 [
                                                     -4.089879417955659,
                                                     52.567651794823263
                                                 ],
                                                 [
                                                     -4.089968149994577,
                                                     52.567670809160539
                                                 ],
                                                 [
                                                     -4.089978139976502,
                                                     52.567672953417087
                                                 ],
                                                 [
                                                     -4.089981969871184,
                                                     52.567673775030123
                                                 ],
                                                 [
                                                     -4.090107708706699,
                                                     52.567690589211203
                                                 ],
                                                 [
                                                     -4.090194209510355,
                                                     52.567703330834682
                                                 ],
                                                 [
                                                     -4.090258202188565,
                                                     52.567735504693758
                                                 ],
                                                 [
                                                     -4.090322194960173,
                                                     52.567767678517093
                                                 ],
                                                 [
                                                     -4.090432561493708,
                                                     52.567789520310207
                                                 ],
                                                 [
                                                     -4.090504127769488,
                                                     52.567816803820101
                                                 ],
                                                 [
                                                     -4.090529576458136,
                                                     52.567859180247048
                                                 ],
                                                 [
                                                     -4.090485931491012,
                                                     52.567926559361005
                                                 ],
                                                 [
                                                     -4.090464554202453,
                                                     52.567969762921884
                                                 ],
                                                 [
                                                     -4.090504923082441,
                                                     52.567997597490745
                                                 ],
                                                 [
                                                     -4.090599902785504,
                                                     52.568024467366264
                                                 ],
                                                 [
                                                     -4.090679509847948,
                                                     52.568056365174662
                                                 ],
                                                 [
                                                     -4.090727904509298,
                                                     52.568088814330366
                                                 ],
                                                 [
                                                     -4.090793029222932,
                                                     52.568144759106346
                                                 ],
                                                 [
                                                     -4.090810211488661,
                                                     52.568177759637891
                                                 ],
                                                 [
                                                     -4.090780823124594,
                                                     52.568216339351032
                                                 ],
                                                 [
                                                     -4.090719981634672,
                                                     52.56825072725605
                                                 ],
                                                 [
                                                     -4.090736952506878,
                                                     52.568278975090571
                                                 ],
                                                 [
                                                     -4.090808519772103,
                                                     52.568306258404057
                                                 ],
                                                 [
                                                     -4.090864940435128,
                                                     52.568343322154597
                                                 ],
                                                 [
                                                     -4.090990455350799,
                                                     52.568355382926562
                                                 ],
                                                 [
                                                     -4.091101035106001,
                                                     52.568381976781822
                                                 ],
                                                 [
                                                     -4.091165496528133,
                                                     52.568423654760139
                                                 ],
                                                 [
                                                     -4.091222822790281,
                                                     52.568479737099416
                                                 ],
                                                 [
                                                     -4.091264550160461,
                                                     52.56853609505108
                                                 ],
                                                 [
                                                     -4.091281959127286,
                                                     52.568573847951725
                                                 ],
                                                 [
                                                     -4.091284448051193,
                                                     52.568626142812491
                                                 ],
                                                 [
                                                     -4.091248376883147,
                                                     52.56868863192809
                                                 ],
                                                 [
                                                     -4.091157467785869,
                                                     52.568747333558619
                                                 ],
                                                 [
                                                     -4.091120717824914,
                                                     52.568795565301741
                                                 ],
                                                 [
                                                     -4.091122980404185,
                                                     52.568843107720795
                                                 ],
                                                 [
                                                     -4.091204173036443,
                                                     52.568908281251581
                                                 ],
                                                 [
                                                     -4.091284687336919,
                                                     52.568959197389951
                                                 ],
                                                 [
                                                     -4.091381706266762,
                                                     52.569028856574597
                                                 ],
                                                 [
                                                     -4.09146243246169,
                                                     52.569084525291245
                                                 ],
                                                 [
                                                     -4.091511055062687,
                                                     52.569121726547522
                                                 ],
                                                 [
                                                     -4.091514222961583,
                                                     52.569188278726749
                                                 ],
                                                 [
                                                     -4.091516033561641,
                                                     52.56922631624348
                                                 ],
                                                 [
                                                     -4.091510270308373,
                                                     52.569269235058016
                                                 ],
                                                 [
                                                     -4.091520559224238,
                                                     52.569321392066385
                                                 ],
                                                 [
                                                     -4.091578807215321,
                                                     52.569396492705309
                                                 ],
                                                 [
                                                     -4.091620747429267,
                                                     52.569457603213181
                                                 ],
                                                 [
                                                     -4.091715730970291,
                                                     52.569484472147259
                                                 ],
                                                 [
                                                     -4.091795115245439,
                                                     52.569511616719389
                                                 ],
                                                 [
                                                     -4.091828365468376,
                                                     52.569553845991173
                                                 ],
                                                 [
                                                     -4.091815467226089,
                                                     52.569611169246613
                                                 ],
                                                 [
                                                     -4.091801678685214,
                                                     52.569649482470268
                                                 ],
                                                 [
                                                     -4.091773633433784,
                                                     52.569716586320887
                                                 ],
                                                 [
                                                     -4.091774532703995,
                                                     52.569735475707397
                                                 ],
                                                 [
                                                     -4.091774644503376,
                                                     52.569737824078757
                                                 ],
                                                 [
                                                     -4.091775896794369,
                                                     52.56976412871272
                                                 ],
                                                 [
                                                     -4.091816720683687,
                                                     52.569801467685153
                                                 ],
                                                 [
                                                     -4.091841945146784,
                                                     52.569839082365533
                                                 ],
                                                 [
                                                     -4.091851102880293,
                                                     52.569867468140721
                                                 ],
                                                 [
                                                     -4.09184556657543,
                                                     52.569915148390564
                                                 ],
                                                 [
                                                     -4.091832215745519,
                                                     52.569962966761352
                                                 ],
                                                 [
                                                     -4.091842293284787,
                                                     52.570010362043902
                                                 ],
                                                 [
                                                     -4.091851224796093,
                                                     52.570033995375958
                                                 ],
                                                 [
                                                     -4.091907196048778,
                                                     52.570061553703638
                                                 ],
                                                 [
                                                     -4.091978088129043,
                                                     52.57007457893959
                                                 ],
                                                 [
                                                     -4.092077309308489,
                                                     52.57009526753837
                                                 ],
                                                 [
                                                     -4.092088721956365,
                                                     52.570097648121447
                                                 ],
                                                 [
                                                     -4.092104287142686,
                                                     52.570100895796728
                                                 ],
                                                 [
                                                     -4.092214433679277,
                                                     52.570117974425429
                                                 ],
                                                 [
                                                     -4.09230919269717,
                                                     52.570140090421191
                                                 ],
                                                 [
                                                     -4.092357827748685,
                                                     52.570153032366804
                                                 ],
                                                 [
                                                     -4.092413024419647,
                                                     52.570184767162431
                                                 ],
                                                 [
                                                     -4.092449138685175,
                                                     52.570225758765282
                                                 ],
                                                 [
                                                     -4.092470485322846,
                                                     52.570264044298028
                                                 ],
                                                 [
                                                     -4.092487234385647,
                                                     52.570308354418138
                                                 ],
                                                 [
                                                     -4.092489215329451,
                                                     52.570349949495963
                                                 ],
                                                 [
                                                     -4.092490488612523,
                                                     52.570376685338452
                                                 ],
                                                 [
                                                     -4.092516008121724,
                                                     52.570400025337818
                                                 ],
                                                 [
                                                     -4.092565475896849,
                                                     52.57041402245153
                                                 ],
                                                 [
                                                     -4.092649233202284,
                                                     52.570430380406115
                                                 ],
                                                 [
                                                     -4.092694245086898,
                                                     52.570453375706222
                                                 ],
                                                 [
                                                     -4.092710145503247,
                                                     52.57047986189815
                                                 ],
                                                 [
                                                     -4.092703371105966,
                                                     52.57054242683801
                                                 ],
                                                 [
                                                     -4.092691008926886,
                                                     52.570590227825178
                                                 ],
                                                 [
                                                     -4.092727689909214,
                                                     52.570643104923334
                                                 ],
                                                 [
                                                     -4.092792916499723,
                                                     52.570680605496321
                                                 ],
                                                 [
                                                     -4.092823458456235,
                                                     52.570706832766639
                                                 ],
                                                 [
                                                     -4.092815537164954,
                                                     52.570745626794164
                                                 ],
                                                 [
                                                     -4.092791998980419,
                                                     52.570763890915075
                                                 ],
                                                 [
                                                     -4.09268599049255,
                                                     52.570792523762329
                                                 ],
                                                 [
                                                     -4.092682256976444,
                                                     52.570816380976055
                                                 ],
                                                 [
                                                     -4.092713350336156,
                                                     52.570854494123388
                                                 ],
                                                 [
                                                     -4.092773286999257,
                                                     52.570883168794609
                                                 ],
                                                 [
                                                     -4.092799216712725,
                                                     52.570915420932138
                                                 ],
                                                 [
                                                     -4.092761915433972,
                                                     52.570951767319819
                                                 ],
                                                 [
                                                     -4.092646994850138,
                                                     52.570998405610247
                                                 ],
                                                 [
                                                     -4.092595811138926,
                                                     52.571011943504097
                                                 ],
                                                 [
                                                     -4.092591221942261,
                                                     52.571013157560756
                                                 ],
                                                 [
                                                     -4.092526500567448,
                                                     52.571030270588182
                                                 ],
                                                 [
                                                     -4.092427353134199,
                                                     52.571100420976698
                                                 ],
                                                 [
                                                     -4.092399782502479,
                                                     52.571136586218266
                                                 ],
                                                 [
                                                     -4.092376683099588,
                                                     52.571163761945577
                                                 ],
                                                 [
                                                     -4.092398014980398,
                                                     52.571202038758479
                                                 ],
                                                 [
                                                     -4.092408908105976,
                                                     52.57122563736781
                                                 ],
                                                 [
                                                     -4.092381635787491,
                                                     52.571267758615519
                                                 ],
                                                 [
                                                     -4.092324528513137,
                                                     52.571298502720232
                                                 ],
                                                 [
                                                     -4.092316889911943,
                                                     52.571343244003607
                                                 ],
                                                 [
                                                     -4.092318446360017,
                                                     52.571375927131697
                                                 ],
                                                 [
                                                     -4.09232014442347,
                                                     52.571411583903149
                                                 ],
                                                 [
                                                     -4.092311671301858,
                                                     52.57143849204747
                                                 ],
                                                 [
                                                     -4.092336766936128,
                                                     52.57145292012931
                                                 ],
                                                 [
                                                     -4.092414781997617,
                                                     52.571451540877973
                                                 ],
                                                 [
                                                     -4.092478467715579,
                                                     52.571456358224104
                                                 ],
                                                 [
                                                     -4.092518614771858,
                                                     52.57147943960544
                                                 ],
                                                 [
                                                     -4.092549142390331,
                                                     52.571505667199879
                                                 ],
                                                 [
                                                     -4.092602925457864,
                                                     52.571507683418353
                                                 ],
                                                 [
                                                     -4.092676074793981,
                                                     52.571506390027146
                                                 ],
                                                 [
                                                     -4.092740029154077,
                                                     52.571517154777681
                                                 ],
                                                 [
                                                     -4.09278449080946,
                                                     52.571528264179875
                                                 ],
                                                 [
                                                     -4.092852901264449,
                                                     52.571530030623187
                                                 ],
                                                 [
                                                     -4.09295530447122,
                                                     52.571528219750448
                                                 ],
                                                 [
                                                     -4.092987195729418,
                                                     52.571521110049297
                                                 ],
                                                 [
                                                     -4.092991677194059,
                                                     52.571520111877746
                                                 ],
                                                 [
                                                     -4.093042246376148,
                                                     52.571508843320153
                                                 ],
                                                 [
                                                     -4.093105775825769,
                                                     52.5715106869458
                                                 ],
                                                 [
                                                     -4.093146347834814,
                                                     52.571542680052225
                                                 ],
                                                 [
                                                     -4.093152785471138,
                                                     52.571575276845152
                                                 ],
                                                 [
                                                     -4.093140125868307,
                                                     52.571617139830153
                                                 ],
                                                 [
                                                     -4.093098076993964,
                                                     52.571635925594606
                                                 ],
                                                 [
                                                     -4.093089855080988,
                                                     52.571639599220148
                                                 ],
                                                 [
                                                     -4.09302062104415,
                                                     52.571669802848
                                                 ],
                                                 [
                                                     -4.092987477290795,
                                                     52.571691204029548
                                                 ],
                                                 [
                                                     -4.093013139504798,
                                                     52.571717517548322
                                                 ],
                                                 [
                                                     -4.093047981510403,
                                                     52.571731764128728
                                                 ],
                                                 [
                                                     -4.093106787544882,
                                                     52.571736676428031
                                                 ],
                                                 [
                                                     -4.093173747998571,
                                                     52.571738666142508
                                                 ],
                                                 [
                                                     -4.093174158550195,
                                                     52.571738672368575
                                                 ],
                                                 [
                                                     -4.093258235686266,
                                                     52.571739941209145
                                                 ],
                                                 [
                                                     -4.093317466368974,
                                                     52.571753765344354
                                                 ],
                                                 [
                                                     -4.09341111461273,
                                                     52.571772923981008
                                                 ],
                                                 [
                                                     -4.093470203694048,
                                                     52.571783774397474
                                                 ],
                                                 [
                                                     -4.093510478087754,
                                                     52.571809820350822
                                                 ],
                                                 [
                                                     -4.093516350112499,
                                                     52.571830540522676
                                                 ],
                                                 [
                                                     -4.093513593242237,
                                                     52.571875195535611
                                                 ],
                                                 [
                                                     -4.0934858965226,
                                                     52.571908396103417
                                                 ],
                                                 [
                                                     -4.09344328932417,
                                                     52.571935908110461
                                                 ],
                                                 [
                                                     -4.093390198540207,
                                                     52.571948742779341
                                                 ],
                                                 [
                                                     -4.09334143676327,
                                                     52.571949605257331
                                                 ],
                                                 [
                                                     -4.093306311126662,
                                                     52.571929411483737
                                                 ],
                                                 [
                                                     -4.093299448702151,
                                                     52.571887902762114
                                                 ],
                                                 [
                                                     -4.093307227633586,
                                                     52.571846126086257
                                                 ],
                                                 [
                                                     -4.093306095467404,
                                                     52.571822363905873
                                                 ],
                                                 [
                                                     -4.093280999306179,
                                                     52.571807936035881
                                                 ],
                                                 [
                                                     -4.093221627313626,
                                                     52.571791147225333
                                                 ],
                                                 [
                                                     -4.093203719556636,
                                                     52.571790627749074
                                                 ],
                                                 [
                                                     -4.093196608441826,
                                                     52.571790420836621
                                                 ],
                                                 [
                                                     -4.093158097027034,
                                                     52.571789294682404
                                                 ],
                                                 [
                                                     -4.093099857157162,
                                                     52.571796267993165
                                                 ],
                                                 [
                                                     -4.093013778999008,
                                                     52.571833477078201
                                                 ],
                                                 [
                                                     -4.092966998843244,
                                                     52.571875934454226
                                                 ],
                                                 [
                                                     -4.092933996567072,
                                                     52.571900309264095
                                                 ],
                                                 [
                                                     -4.092896679842619,
                                                     52.571936655956826
                                                 ],
                                                 [
                                                     -4.092931380758649,
                                                     52.571947937911297
                                                 ],
                                                 [
                                                     -4.093009411414044,
                                                     52.571946557998423
                                                 ],
                                                 [
                                                     -4.093086577744374,
                                                     52.571927345427717
                                                 ],
                                                 [
                                                     -4.093141211370042,
                                                     52.571947203246665
                                                 ],
                                                 [
                                                     -4.093128424305891,
                                                     52.57198608334285
                                                 ],
                                                 [
                                                     -4.093061570170303,
                                                     52.572017000175435
                                                 ],
                                                 [
                                                     -4.093024253456101,
                                                     52.572053346907637
                                                 ],
                                                 [
                                                     -4.093002696229898,
                                                     52.572113206124335
                                                 ],
                                                 [
                                                     -4.093000944352656,
                                                     52.572178658393746
                                                 ],
                                                 [
                                                     -4.093048222745886,
                                                     52.572249186882559
                                                 ],
                                                 [
                                                     -4.093078624301345,
                                                     52.572272440425891
                                                 ],
                                                 [
                                                     -4.093158905845381,
                                                     52.572318603000092
                                                 ],
                                                 [
                                                     -4.093208390312037,
                                                     52.572332590571754
                                                 ],
                                                 [
                                                     -4.093266899060769,
                                                     52.572331555760584
                                                 ],
                                                 [
                                                     -4.093275058941876,
                                                     52.572329055697189
                                                 ],
                                                 [
                                                     -4.093284837826967,
                                                     52.572326062143787
                                                 ],
                                                 [
                                                     -4.093339058790944,
                                                     52.572309464424599
                                                 ],
                                                 [
                                                     -4.093387269383706,
                                                     52.572296716102137
                                                 ],
                                                 [
                                                     -4.093426270265256,
                                                     52.572296026259579
                                                 ],
                                                 [
                                                     -4.093480479416651,
                                                     52.57230696299149
                                                 ],
                                                 [
                                                     -4.093510314876335,
                                                     52.572318330841256
                                                 ],
                                                 [
                                                     -4.093526074789124,
                                                     52.572341843262798
                                                 ],
                                                 [
                                                     -4.093512863295629,
                                                     52.57237181145716
                                                 ],
                                                 [
                                                     -4.093484868563271,
                                                     52.57239907398835
                                                 ],
                                                 [
                                                     -4.09349533792146,
                                                     52.572413760545381
                                                 ],
                                                 [
                                                     -4.093530039366533,
                                                     52.572425042317974
                                                 ],
                                                 [
                                                     -4.093578801664975,
                                                     52.572424179756922
                                                 ],
                                                 [
                                                     -4.093632444613953,
                                                     52.572423230838297
                                                 ],
                                                 [
                                                     -4.093662279763554,
                                                     52.572434589664496
                                                 ],
                                                 [
                                                     -4.09369195932905,
                                                     52.572442993071022
                                                 ],
                                                 [
                                                     -4.093702428338693,
                                                     52.572457670624985
                                                 ],
                                                 [
                                                     -4.093733240350081,
                                                     52.572489836192496
                                                 ],
                                                 [
                                                     -4.093778127958976,
                                                     52.572509857143984
                                                 ],
                                                 [
                                                     -4.093851264162643,
                                                     52.572508563270603
                                                 ],
                                                 [
                                                     -4.093915801479579,
                                                     52.572531212681525
                                                 ],
                                                 [
                                                     -4.093940756537437,
                                                     52.572542666768896
                                                 ],
                                                 [
                                                     -4.093966121623607,
                                                     52.572563033047508
                                                 ],
                                                 [
                                                     -4.093967396334872,
                                                     52.572589777838552
                                                 ],
                                                 [
                                                     -4.093934535395937,
                                                     52.572617117580478
                                                 ],
                                                 [
                                                     -4.093897218915763,
                                                     52.572653464582238
                                                 ],
                                                 [
                                                     -4.093898776612447,
                                                     52.572686147670076
                                                 ],
                                                 [
                                                     -4.093948686910691,
                                                     52.572709055844292
                                                 ],
                                                 [
                                                     -4.094018090514528,
                                                     52.572731619104957
                                                 ],
                                                 [
                                                     -4.09402897016297,
                                                     52.572755217807384
                                                 ],
                                                 [
                                                     -4.094011019939437,
                                                     52.57278824604699
                                                 ],
                                                 [
                                                     -4.094017033649328,
                                                     52.572811930842818
                                                 ],
                                                 [
                                                     -4.094051876849971,
                                                     52.572826177112844
                                                 ],
                                                 [
                                                     -4.094105803754146,
                                                     52.572831175253825
                                                 ],
                                                 [
                                                     -4.094158455830294,
                                                     52.572809428583483
                                                 ],
                                                 [
                                                     -4.094206524973438,
                                                     52.572793706285765
                                                 ],
                                                 [
                                                     -4.094241509968856,
                                                     52.572810926138793
                                                 ],
                                                 [
                                                     -4.094253381154328,
                                                     52.572855322325516
                                                 ],
                                                 [
                                                     -4.094293388671641,
                                                     52.572875429437673
                                                 ],
                                                 [
                                                     -4.094347740503776,
                                                     52.57288933940076
                                                 ],
                                                 [
                                                     -4.094392345707236,
                                                     52.572903421816854
                                                 ],
                                                 [
                                                     -4.094403508694739,
                                                     52.572932958775596
                                                 ],
                                                 [
                                                     -4.094380961065774,
                                                     52.572972011731935
                                                 ],
                                                 [
                                                     -4.094363577631188,
                                                     52.573016925593642
                                                 ],
                                                 [
                                                     -4.094369875084154,
                                                     52.573046557646101
                                                 ],
                                                 [
                                                     -4.094428540820239,
                                                     52.573048486645312
                                                 ],
                                                 [
                                                     -4.094521909188007,
                                                     52.573061706071975
                                                 ],
                                                 [
                                                     -4.094552155569743,
                                                     52.573081985842343
                                                 ],
                                                 [
                                                     -4.094583408287344,
                                                     52.573123062844907
                                                 ],
                                                 [
                                                     -4.094585533190593,
                                                     52.573167631485511
                                                 ],
                                                 [
                                                     -4.094568291667854,
                                                     52.573215519012898
                                                 ],
                                                 [
                                                     -4.094550908336152,
                                                     52.573260432899389
                                                 ],
                                                 [
                                                     -4.09455303321699,
                                                     52.573305001539872
                                                 ],
                                                 [
                                                     -4.094584129578958,
                                                     52.573343105161783
                                                 ],
                                                 [
                                                     -4.094643221056135,
                                                     52.573353954965015
                                                 ],
                                                 [
                                                     -4.094740747642067,
                                                     52.573352228884914
                                                 ],
                                                 [
                                                     -4.094822811559526,
                                                     52.573332937507203
                                                 ],
                                                 [
                                                     -4.094890799915508,
                                                     52.573325790812532
                                                 ],
                                                 [
                                                     -4.094964518517673,
                                                     52.57333637255973
                                                 ],
                                                 [
                                                     -4.095019154737757,
                                                     52.573356229480403
                                                 ],
                                                 [
                                                     -4.095070043006665,
                                                     52.573399925936826
                                                 ],
                                                 [
                                                     -4.095096841109525,
                                                     52.573450010104153
                                                 ],
                                                 [
                                                     -4.095090778399426,
                                                     52.573527434322962
                                                 ],
                                                 [
                                                     -4.095054028938857,
                                                     52.573575667247432
                                                 ],
                                                 [
                                                     -4.095027592587785,
                                                     52.573635604211155
                                                 ],
                                                 [
                                                     -4.095025276930683,
                                                     52.573689170898739
                                                 ],
                                                 [
                                                     -4.095062530204466,
                                                     52.573753932756354
                                                 ],
                                                 [
                                                     -4.095099783590411,
                                                     52.573818694600426
                                                 ],
                                                 [
                                                     -4.095107356704437,
                                                     52.573875062385504
                                                 ],
                                                 [
                                                     -4.095120787756497,
                                                     52.573952141521104
                                                 ],
                                                 [
                                                     -4.095132943800412,
                                                     52.574002484872999
                                                 ],
                                                 [
                                                     -4.095143838695845,
                                                     52.574026074213876
                                                 ],
                                                 [
                                                     -4.095140516995194,
                                                     52.574058852653543
                                                 ],
                                                 [
                                                     -4.095113386588587,
                                                     52.574103930172086
                                                 ],
                                                 [
                                                     -4.095100317500886,
                                                     52.574136872166399
                                                 ],
                                                 [
                                                     -4.095059537158686,
                                                     52.574203024330728
                                                 ],
                                                 [
                                                     -4.095061520815216,
                                                     52.574244619312701
                                                 ],
                                                 [
                                                     -4.095072416164603,
                                                     52.574268217642796
                                                 ],
                                                 [
                                                     -4.095107969516896,
                                                     52.5742973227836
                                                 ],
                                                 [
                                                     -4.095172495370084,
                                                     52.574319971729892
                                                 ],
                                                 [
                                                     -4.095202601107594,
                                                     52.574337277681252
                                                 ],
                                                 [
                                                     -4.095218802462235,
                                                     52.574369701517874
                                                 ],
                                                 [
                                                     -4.095244736085158,
                                                     52.574401953061788
                                                 ],
                                                 [
                                                     -4.095279864605184,
                                                     52.574422146222439
                                                 ],
                                                 [
                                                     -4.095324188005379,
                                                     52.574430280991912
                                                 ],
                                                 [
                                                     -4.095402364784425,
                                                     52.574431873093332
                                                 ],
                                                 [
                                                     -4.095440957167695,
                                                     52.574422270382044
                                                 ],
                                                 [
                                                     -4.095498051472602,
                                                     52.574391525030528
                                                 ],
                                                 [
                                                     -4.095556435775555,
                                                     52.57438751516294
                                                 ],
                                                 [
                                                     -4.095615103768066,
                                                     52.574389452538277
                                                 ],
                                                 [
                                                     -4.095654688181007,
                                                     52.57440064724095
                                                 ],
                                                 [
                                                     -4.095675330451752,
                                                     52.57442406394177
                                                 ],
                                                 [
                                                     -4.095677031425196,
                                                     52.574459720618293
                                                 ],
                                                 [
                                                     -4.095650312151138,
                                                     52.574513719421894
                                                 ],
                                                 [
                                                     -4.095622757304424,
                                                     52.57454989411201
                                                 ],
                                                 [
                                                     -4.09562445824295,
                                                     52.574585550788939
                                                 ],
                                                 [
                                                     -4.095646093135179,
                                                     52.574629773959217
                                                 ],
                                                 [
                                                     -4.095686386200091,
                                                     52.574655818858837
                                                 ],
                                                 [
                                                     -4.095726806855078,
                                                     52.574684846624493
                                                 ],
                                                 [
                                                     -4.095757352963659,
                                                     52.574711064090174
                                                 ],
                                                 [
                                                     -4.095779271781351,
                                                     52.57476123450386
                                                 ],
                                                 [
                                                     -4.095790861369451,
                                                     52.574799683230481
                                                 ],
                                                 [
                                                     -4.095777934463261,
                                                     52.574835598928104
                                                 ],
                                                 [
                                                     -4.095746065628603,
                                                     52.574883745632043
                                                 ],
                                                 [
                                                     -4.095747199238993,
                                                     52.574907507763008
                                                 ],
                                                 [
                                                     -4.095777589336418,
                                                     52.574930760830483
                                                 ],
                                                 [
                                                     -4.09584099711789,
                                                     52.574929638021949
                                                 ],
                                                 [
                                                     -4.095890329181857,
                                                     52.57494066003698
                                                 ],
                                                 [
                                                     -4.0959164202623,
                                                     52.574975884796032
                                                 ],
                                                 [
                                                     -4.095918546659343,
                                                     52.575020453384639
                                                 ],
                                                 [
                                                     -4.095915650248434,
                                                     52.575062134772736
                                                 ],
                                                 [
                                                     -4.095921948649035,
                                                     52.575091757735287
                                                 ],
                                                 [
                                                     -4.095947599899957,
                                                     52.575118070825873
                                                 ],
                                                 [
                                                     -4.096008253498888,
                                                     52.575161602947084
                                                 ],
                                                 [
                                                     -4.09608353533504,
                                                     52.575204875972425
                                                 ],
                                                 [
                                                     -4.09616870638316,
                                                     52.575250949953329
                                                 ],
                                                 [
                                                     -4.096189207872365,
                                                     52.57527140190389
                                                 ],
                                                 [
                                                     -4.096251439732704,
                                                     52.575307173362042
                                                 ],
                                                 [
                                                     -4.096272366557712,
                                                     52.575336537215868
                                                 ],
                                                 [
                                                     -4.096274068071527,
                                                     52.575372193873221
                                                 ],
                                                 [
                                                     -4.096266163853793,
                                                     52.575410987818856
                                                 ],
                                                 [
                                                     -4.096258103406119,
                                                     52.575446817374797
                                                 ],
                                                 [
                                                     -4.096260088285973,
                                                     52.575488412316055
                                                 ],
                                                 [
                                                     -4.096276432766374,
                                                     52.575523809623469
                                                 ],
                                                 [
                                                     -4.096311704567075,
                                                     52.575546976093968
                                                 ],
                                                 [
                                                     -4.096371068066674,
                                                     52.575563763540679
                                                 ],
                                                 [
                                                     -4.096440492171803,
                                                     52.575586325049741
                                                 ],
                                                 [
                                                     -4.096480346529844,
                                                     52.575603458005354
                                                 ],
                                                 [
                                                     -4.096511036082972,
                                                     52.575632657878714
                                                 ],
                                                 [
                                                     -4.096512028648631,
                                                     52.575653455345368
                                                 ],
                                                 [
                                                     -4.096494646417131,
                                                     52.575698369489338
                                                 ],
                                                 [
                                                     -4.096471957820992,
                                                     52.575734458172633
                                                 ],
                                                 [
                                                     -4.096473091858631,
                                                     52.575758220289131
                                                 ],
                                                 [
                                                     -4.096504064924895,
                                                     52.575793358445601
                                                 ],
                                                 [
                                                     -4.096558846400518,
                                                     52.575816179258425
                                                 ],
                                                 [
                                                     -4.096599566879403,
                                                     52.575851144725085
                                                 ],
                                                 [
                                                     -4.096639705395969,
                                                     52.575874224889475
                                                 ],
                                                 [
                                                     -4.096660632759288,
                                                     52.575903588666499
                                                 ],
                                                 [
                                                     -4.096643108660457,
                                                     52.575945529196915
                                                 ],
                                                 [
                                                     -4.096605522589909,
                                                     52.57597592951204
                                                 ],
                                                 [
                                                     -4.096601492675333,
                                                     52.575993848791022
                                                 ],
                                                 [
                                                     -4.096602627222405,
                                                     52.576017619888304
                                                 ],
                                                 [
                                                     -4.09661350868685,
                                                     52.576041209334178
                                                 ],
                                                 [
                                                     -4.096668574391336,
                                                     52.576069977357577
                                                 ],
                                                 [
                                                     -4.096703562976349,
                                                     52.576087196436774
                                                 ],
                                                 [
                                                     -4.096728378855824,
                                                     52.576095676268572
                                                 ],
                                                 [
                                                     -4.096743999954725,
                                                     52.57611621458279
                                                 ],
                                                 [
                                                     -4.096744993076757,
                                                     52.576137021028401
                                                 ],
                                                 [
                                                     -4.096731640785015,
                                                     52.576164015920256
                                                 ],
                                                 [
                                                     -4.096747403846956,
                                                     52.576187527866296
                                                 ],
                                                 [
                                                     -4.096821411568079,
                                                     52.576204055663013
                                                 ],
                                                 [
                                                     -4.096870760053031,
                                                     52.576215076988511
                                                 ],
                                                 [
                                                     -4.09688638126199,
                                                     52.576235615282421
                                                 ],
                                                 [
                                                     -4.096882776850093,
                                                     52.576262446482822
                                                 ],
                                                 [
                                                     -4.096869566552621,
                                                     52.576292415021655
                                                 ],
                                                 [
                                                     -4.096880732552805,
                                                     52.576321960688404
                                                 ],
                                                 [
                                                     -4.096925483577793,
                                                     52.576339006746153
                                                 ],
                                                 [
                                                     -4.096956528192893,
                                                     52.576345946547207
                                                 ],
                                                 [
                                                     -4.096974817493721,
                                                     52.576350028287457
                                                 ],
                                                 [
                                                     -4.097034622518849,
                                                     52.576375727036783
                                                 ],
                                                 [
                                                     -4.097040269265463,
                                                     52.576381786084696
                                                 ],
                                                 [
                                                     -4.097080919612929,
                                                     52.576425465280643
                                                 ],
                                                 [
                                                     -4.097102272998186,
                                                     52.576463740883298
                                                 ],
                                                 [
                                                     -4.097113311984882,
                                                     52.576490312632039
                                                 ],
                                                 [
                                                     -4.097100385705096,
                                                     52.576526228458377
                                                 ],
                                                 [
                                                     -4.097072532178905,
                                                     52.576556456472652
                                                 ],
                                                 [
                                                     -4.097034931151933,
                                                     52.5765868571848
                                                 ],
                                                 [
                                                     -4.097036065957718,
                                                     52.576610628273102
                                                 ],
                                                 [
                                                     -4.097057135908206,
                                                     52.57664296560214
                                                 ],
                                                 [
                                                     -4.097092125104945,
                                                     52.576660184558591
                                                 ],
                                                 [
                                                     -4.097137444418948,
                                                     52.576689125058074
                                                 ],
                                                 [
                                                     -4.097163537140423,
                                                     52.576724340527505
                                                 ],
                                                 [
                                                     -4.097179726546774,
                                                     52.576756773304304
                                                 ],
                                                 [
                                                     -4.097181853932677,
                                                     52.576801332859617
                                                 ],
                                                 [
                                                     -4.097210060290474,
                                                     52.576881126100339
                                                 ],
                                                 [
                                                     -4.097245631950737,
                                                     52.576910230288988
                                                 ],
                                                 [
                                                     -4.097271143103153,
                                                     52.57693356943448
                                                 ],
                                                 [
                                                     -4.097289596335026,
                                                     52.576986210672089
                                                 ],
                                                 [
                                                     -4.0972896180667,
                                                     52.576987345898424
                                                 ],
                                                 [
                                                     -4.097290453164423,
                                                     52.577031359195971
                                                 ],
                                                 [
                                                     -4.097311807469413,
                                                     52.577069643735982
                                                 ],
                                                 [
                                                     -4.097328153417145,
                                                     52.577105040874351
                                                 ],
                                                 [
                                                     -4.097344768179579,
                                                     52.57714637654977
                                                 ],
                                                 [
                                                     -4.097346044728805,
                                                     52.577173112278416
                                                 ],
                                                 [
                                                     -4.09733770134677,
                                                     52.577203003613661
                                                 ],
                                                 [
                                                     -4.097348740244585,
                                                     52.577229566350127
                                                 ],
                                                 [
                                                     -4.097369101671711,
                                                     52.577247053427342
                                                 ],
                                                 [
                                                     -4.097414123060653,
                                                     52.57727004680936
                                                 ],
                                                 [
                                                     -4.09746403999619,
                                                     52.577292944427647
                                                 ],
                                                 [
                                                     -4.097506188209218,
                                                     52.57732221971861
                                                 ],
                                                 [
                                                     -4.097524558947946,
                                                     52.577343976988331
                                                 ],
                                                 [
                                                     -4.097540589310136,
                                                     52.577362961429166
                                                 ],
                                                 [
                                                     -4.097581595598202,
                                                     52.577403864803784
                                                 ],
                                                 [
                                                     -4.097625780851303,
                                                     52.577409034025123
                                                 ],
                                                 [
                                                     -4.097679429745368,
                                                     52.577408083210763
                                                 ],
                                                 [
                                                     -4.097753014266843,
                                                     52.577415698489695
                                                 ],
                                                 [
                                                     -4.097807372378393,
                                                     52.577429597800581
                                                 ],
                                                 [
                                                     -4.097837765333603,
                                                     52.577452850300318
                                                 ],
                                                 [
                                                     -4.097844207432544,
                                                     52.577485446762331
                                                 ],
                                                 [
                                                     -4.09781191384936,
                                                     52.577524691076235
                                                 ],
                                                 [
                                                     -4.097812201483861,
                                                     52.57753071380003
                                                 ],
                                                 [
                                                     -4.097813190271143,
                                                     52.577551417811392
                                                 ],
                                                 [
                                                     -4.097853629775828,
                                                     52.577580444533723
                                                 ],
                                                 [
                                                     -4.097942694794708,
                                                     52.577605624210875
                                                 ],
                                                 [
                                                     -4.097967639051413,
                                                     52.577617077660534
                                                 ],
                                                 [
                                                     -4.097964191555059,
                                                     52.577646873266829
                                                 ],
                                                 [
                                                     -4.097951265659692,
                                                     52.57768278917581
                                                 ],
                                                 [
                                                     -4.097952684628276,
                                                     52.577712498521315
                                                 ],
                                                 [
                                                     -4.097968732971872,
                                                     52.577741957545626
                                                 ],
                                                 [
                                                     -4.097998842173889,
                                                     52.577759262740557
                                                 ],
                                                 [
                                                     -4.098027831185045,
                                                     52.57775280558139
                                                 ],
                                                 [
                                                     -4.098050930411823,
                                                     52.577725628779966
                                                 ],
                                                 [
                                                     -4.098136731959469,
                                                     52.577682477715932
                                                 ],
                                                 [
                                                     -4.098221727645202,
                                                     52.577665284606582
                                                 ],
                                                 [
                                                     -4.098222379606111,
                                                     52.577665152564315
                                                 ],
                                                 [
                                                     -4.098281773090021,
                                                     52.57765313914647
                                                 ],
                                                 [
                                                     -4.098408439926684,
                                                     52.577647926349478
                                                 ],
                                                 [
                                                     -4.098467396054885,
                                                     52.577655800537322
                                                 ],
                                                 [
                                                     -4.098576823682968,
                                                     52.577698466608119
                                                 ],
                                                 [
                                                     -4.098667025076808,
                                                     52.577747416792739
                                                 ],
                                                 [
                                                     -4.098784031776667,
                                                     52.577846450132114
                                                 ],
                                                 [
                                                     -4.098830758257905,
                                                     52.577905099543365
                                                 ],
                                                 [
                                                     -4.098862586426707,
                                                     52.577958060834995
                                                 ],
                                                 [
                                                     -4.098864857700002,
                                                     52.578005593960995
                                                 ],
                                                 [
                                                     -4.098847619108389,
                                                     52.578053482046172
                                                 ],
                                                 [
                                                     -4.098849180790153,
                                                     52.578086165000528
                                                 ],
                                                 [
                                                     -4.098903966346229,
                                                     52.5781089846773
                                                 ],
                                                 [
                                                     -4.09895832610047,
                                                     52.57812289242915
                                                 ],
                                                 [
                                                     -4.099018844771699,
                                                     52.578163449285242
                                                 ],
                                                 [
                                                     -4.099079505659327,
                                                     52.578206979736237
                                                 ],
                                                 [
                                                     -4.099142139728881,
                                                     52.578292105260893
                                                 ],
                                                 [
                                                     -4.099224015430892,
                                                     52.578370946180904
                                                 ],
                                                 [
                                                     -4.099286806458609,
                                                     52.578459036002954
                                                 ],
                                                 [
                                                     -4.099309725271535,
                                                     52.578530003091068
                                                 ],
                                                 [
                                                     -4.099347131253373,
                                                     52.57859773706862
                                                 ],
                                                 [
                                                     -4.09935971908155,
                                                     52.578656982797604
                                                 ],
                                                 [
                                                     -4.099357110046576,
                                                     52.57870461146738
                                                 ],
                                                 [
                                                     -4.099340777581447,
                                                     52.578720806911264
                                                 ],
                                                 [
                                                     -4.099300723155038,
                                                     52.578750217838703
                                                 ],
                                                 [
                                                     -4.099258950681796,
                                                     52.578795564977838
                                                 ],
                                                 [
                                                     -4.099226656584265,
                                                     52.578834791698917
                                                 ],
                                                 [
                                                     -4.099214015636623,
                                                     52.578876654985265
                                                 ],
                                                 [
                                                     -4.099224652020424,
                                                     52.578905571441041
                                                 ],
                                                 [
                                                     -4.099245401048605,
                                                     52.578927430130463
                                                 ],
                                                 [
                                                     -4.099285987741401,
                                                     52.578952695365587
                                                 ],
                                                 [
                                                     -4.099336887271525,
                                                     52.578996398820905
                                                 ],
                                                 [
                                                     -4.099418196140085,
                                                     52.57906334507534
                                                 ],
                                                 [
                                                     -4.099464371436935,
                                                     52.579110108420515
                                                 ],
                                                 [
                                                     -4.099501493898896,
                                                     52.579171895083356
                                                 ],
                                                 [
                                                     -4.099502256997646,
                                                     52.5791751993671
                                                 ],
                                                 [
                                                     -4.099512084231433,
                                                     52.579217752093442
                                                 ],
                                                 [
                                                     -4.099513798272228,
                                                     52.579225202518565
                                                 ],
                                                 [
                                                     -4.099545628689942,
                                                     52.579278172580672
                                                 ],
                                                 [
                                                     -4.099587049920149,
                                                     52.579327987365303
                                                 ],
                                                 [
                                                     -4.099598517178771,
                                                     52.579363470740489
                                                 ],
                                                 [
                                                     -4.099601215801211,
                                                     52.579419924709775
                                                 ],
                                                 [
                                                     -4.099583835358446,
                                                     52.579464839263167
                                                 ],
                                                 [
                                                     -4.099537195847286,
                                                     52.579510272828642
                                                 ],
                                                 [
                                                     -4.099446510757224,
                                                     52.579553511503569
                                                 ],
                                                 [
                                                     -4.099380360030797,
                                                     52.579599291087412
                                                 ],
                                                 [
                                                     -4.099361985237602,
                                                     52.579623408195594
                                                 ],
                                                 [
                                                     -4.099344036384473,
                                                     52.579656437195418
                                                 ],
                                                 [
                                                     -4.099344888305047,
                                                     52.579674260984127
                                                 ],
                                                 [
                                                     -4.099404826650116,
                                                     52.57970293234839
                                                 ],
                                                 [
                                                     -4.099449440401163,
                                                     52.579717012754649
                                                 ],
                                                 [
                                                     -4.099474969130642,
                                                     52.579740351124066
                                                 ],
                                                 [
                                                     -4.099476105385468,
                                                     52.57976412216248
                                                 ],
                                                 [
                                                     -4.099477667631098,
                                                     52.579796805094183
                                                 ],
                                                 [
                                                     -4.099493433081266,
                                                     52.579820307648362
                                                 ],
                                                 [
                                                     -4.099548221151791,
                                                     52.579843126994696
                                                 ],
                                                 [
                                                     -4.099593672370976,
                                                     52.579875031391488
                                                 ],
                                                 [
                                                     -4.099617843418724,
                                                     52.579890652235754
                                                 ],
                                                 [
                                                     -4.099396875814919,
                                                     52.579959800663758
                                                 ],
                                                 [
                                                     -4.098486160582923,
                                                     52.580244685940229
                                                 ],
                                                 [
                                                     -4.098406057490927,
                                                     52.580265957263947
                                                 ],
                                                 [
                                                     -4.09840598027206,
                                                     52.580265978413976
                                                 ],
                                                 [
                                                     -4.097986784160432,
                                                     52.580391516651787
                                                 ],
                                                 [
                                                     -4.097803030055358,
                                                     52.58043764987373
                                                 ],
                                                 [
                                                     -4.097642221991475,
                                                     52.580472410269465
                                                 ],
                                                 [
                                                     -4.097520543362989,
                                                     52.580493263300745
                                                 ],
                                                 [
                                                     -4.097420440590684,
                                                     52.580514812839937
                                                 ],
                                                 [
                                                     -4.097327530526444,
                                                     52.580534076911434
                                                 ],
                                                 [
                                                     -4.097248808468671,
                                                     52.580549764502521
                                                 ],
                                                 [
                                                     -4.097139810656752,
                                                     52.580573628443787
                                                 ],
                                                 [
                                                     -4.096936076517234,
                                                     52.58061678840108
                                                 ],
                                                 [
                                                     -4.096787650401304,
                                                     52.580645845320866
                                                 ],
                                                 [
                                                     -4.096651814669833,
                                                     52.580673510150099
                                                 ],
                                                 [
                                                     -4.09653741701927,
                                                     52.580696480132083
                                                 ],
                                                 [
                                                     -4.096449852427466,
                                                     52.580715558910391
                                                 ],
                                                 [
                                                     -4.096362515891719,
                                                     52.580736881427747
                                                 ],
                                                 [
                                                     -4.096287651771513,
                                                     52.580756904019232
                                                 ],
                                                 [
                                                     -4.096201965533514,
                                                     52.580777118223757
                                                 ],
                                                 [
                                                     -4.096105718613321,
                                                     52.580803002327826
                                                 ],
                                                 [
                                                     -4.09601124449722,
                                                     52.580827776893344
                                                 ],
                                                 [
                                                     -4.095932994312689,
                                                     52.5808533421595
                                                 ],
                                                 [
                                                     -4.095858181236256,
                                                     52.580874442536981
                                                 ],
                                                 [
                                                     -4.095801420754999,
                                                     52.580896391196156
                                                 ],
                                                 [
                                                     -4.095751900369289,
                                                     52.580917043653521
                                                 ],
                                                 [
                                                     -4.095681104277811,
                                                     52.58094580267533
                                                 ],
                                                 [
                                                     -4.095605147973231,
                                                     52.580981215818944
                                                 ],
                                                 [
                                                     -4.095532788731515,
                                                     52.581015485365114
                                                 ],
                                                 [
                                                     -4.095453255966579,
                                                     52.58104988276326
                                                 ],
                                                 [
                                                     -4.095384264212337,
                                                     52.581080766690768
                                                 ],
                                                 [
                                                     -4.095306712610046,
                                                     52.581118454824313
                                                 ],
                                                 [
                                                     -4.095234352907295,
                                                     52.581152724192073
                                                 ],
                                                 [
                                                     -4.095149188112267,
                                                     52.581183895170014
                                                 ],
                                                 [
                                                     -4.095049716582979,
                                                     52.581218734242398
                                                 ],
                                                 [
                                                     -4.094974953829509,
                                                     52.581240911227354
                                                 ],
                                                 [
                                                     -4.094898316752263,
                                                     52.581262043272545
                                                 ],
                                                 [
                                                     -4.094816224662594,
                                                     52.581281113882696
                                                 ],
                                                 [
                                                     -4.094711029371352,
                                                     52.581308234171075
                                                 ],
                                                 [
                                                     -4.094325668763534,
                                                     52.581404132722597
                                                 ],
                                                 [
                                                     -4.094165008466971,
                                                     52.581442121720734
                                                 ],
                                                 [
                                                     -4.094004770332682,
                                                     52.581489001788881
                                                 ],
                                                 [
                                                     -4.093858685957024,
                                                     52.581528979440783
                                                 ],
                                                 [
                                                     -4.09367627600553,
                                                     52.581565194591647
                                                 ],
                                                 [
                                                     -4.093515367320545,
                                                     52.581595457211776
                                                 ],
                                                 [
                                                     -4.093373532615271,
                                                     52.58161225756885
                                                 ],
                                                 [
                                                     -4.093246014738281,
                                                     52.581625569469253
                                                 ],
                                                 [
                                                     -4.093154381422743,
                                                     52.581635998806739
                                                 ],
                                                 [
                                                     -4.093084199773048,
                                                     52.581639396918533
                                                 ],
                                                 [
                                                     -4.093027951545133,
                                                     52.581633829673507
                                                 ],
                                                 [
                                                     -4.09294947950599,
                                                     52.581616520624031
                                                 ],
                                                 [
                                                     -4.092829487180997,
                                                     52.581598777688932
                                                 ],
                                                 [
                                                     -4.092217595816185,
                                                     52.581522762879345
                                                 ],
                                                 [
                                                     -4.092119513776946,
                                                     52.581510204783548
                                                 ],
                                                 [
                                                     -4.091956026166173,
                                                     52.581488913900621
                                                 ],
                                                 [
                                                     -4.091876166598483,
                                                     52.581478190566756
                                                 ],
                                                 [
                                                     -4.091791047898112,
                                                     52.58147205490652
                                                 ],
                                                 [
                                                     -4.091730682917814,
                                                     52.58149505434163
                                                 ],
                                                 [
                                                     -4.091667424622246,
                                                     52.581531408500986
                                                 ],
                                                 [
                                                     -4.091624525180031,
                                                     52.581576121789325
                                                 ],
                                                 [
                                                     -4.091593715241805,
                                                     52.581614059529436
                                                 ],
                                                 [
                                                     -4.091505133667336,
                                                     52.581686006535257
                                                 ],
                                                 [
                                                     -4.091383463760481,
                                                     52.581783797563709
                                                 ],
                                                 [
                                                     -4.091251950391858,
                                                     52.581904952906534
                                                 ],
                                                 [
                                                     -4.091141991179921,
                                                     52.58202123341443
                                                 ],
                                                 [
                                                     -4.09106791075859,
                                                     52.582096159875711
                                                 ],
                                                 [
                                                     -4.091008040456418,
                                                     52.582165352319755
                                                 ],
                                                 [
                                                     -4.090781607992548,
                                                     52.582414566524875
                                                 ],
                                                 [
                                                     -4.090557563432425,
                                                     52.582637311577258
                                                 ],
                                                 [
                                                     -4.090341524495726,
                                                     52.582839060234036
                                                 ],
                                                 [
                                                     -4.090391492180293,
                                                     52.582863526236004
                                                 ],
                                                 [
                                                     -4.090354237512971,
                                                     52.582916948183936
                                                 ],
                                                 [
                                                     -4.090278661737869,
                                                     52.582996305397124
                                                 ],
                                                 [
                                                     -4.090102677013737,
                                                     52.583167682834983
                                                 ],
                                                 [
                                                     -4.089914056439342,
                                                     52.583337037059813
                                                 ],
                                                 [
                                                     -4.089878805218104,
                                                     52.58337631063241
                                                 ],
                                                 [
                                                     -4.089866136686735,
                                                     52.583404219610401
                                                 ],
                                                 [
                                                     -4.089867551379823,
                                                     52.583433947946482
                                                 ],
                                                 [
                                                     -4.08987581811566,
                                                     52.583459330261384
                                                 ],
                                                 [
                                                     -4.089892569290362,
                                                     52.583481416695136
                                                 ],
                                                 [
                                                     -4.089916269288929,
                                                     52.583498615912745
                                                 ],
                                                 [
                                                     -4.089955258063724,
                                                     52.583519950043879
                                                 ],
                                                 [
                                                     -4.090102777564071,
                                                     52.583586648847742
                                                 ],
                                                 [
                                                     -4.090344496473851,
                                                     52.583696718075274
                                                 ],
                                                 [
                                                     -4.090645863707102,
                                                     52.583845373505504
                                                 ],
                                                 [
                                                     -4.090801204813225,
                                                     52.583922899166403
                                                 ],
                                                 [
                                                     -4.091148665073018,
                                                     52.584093750738219
                                                 ],
                                                 [
                                                     -4.091631075987044,
                                                     52.58433044135483
                                                 ],
                                                 [
                                                     -4.091845105801289,
                                                     52.584428861205204
                                                 ],
                                                 [
                                                     -4.092148309059614,
                                                     52.584577480419064
                                                 ],
                                                 [
                                                     -4.092414221100388,
                                                     52.584704645624214
                                                 ],
                                                 [
                                                     -4.092909940544141,
                                                     52.584952152524302
                                                 ],
                                                 [
                                                     -4.093078234237818,
                                                     52.585038255058137
                                                 ],
                                                 [
                                                     -4.093504838359676,
                                                     52.585237452716669
                                                 ],
                                                 [
                                                     -4.093691136756164,
                                                     52.585318203483411
                                                 ],
                                                 [
                                                     -4.093875185227057,
                                                     52.585405374932776
                                                 ],
                                                 [
                                                     -4.094095522450132,
                                                     52.585549073001147
                                                 ],
                                                 [
                                                     -4.093976402316551,
                                                     52.585567719964587
                                                 ],
                                                 [
                                                     -4.09384113938106,
                                                     52.585589887456095
                                                 ],
                                                 [
                                                     -4.093703306058679,
                                                     52.585611741501836
                                                 ],
                                                 [
                                                     -4.093457487823517,
                                                     52.585658606772029
                                                 ],
                                                 [
                                                     -4.093254601855628,
                                                     52.585692037182341
                                                 ],
                                                 [
                                                     -4.093093311363529,
                                                     52.585717181671335
                                                 ],
                                                 [
                                                     -4.092732816109671,
                                                     52.585778926350244
                                                 ],
                                                 [
                                                     -4.092585360828091,
                                                     52.585800679458565
                                                 ],
                                                 [
                                                     -4.092112259216692,
                                                     52.585882481049076
                                                 ],
                                                 [
                                                     -4.091656817844806,
                                                     52.585967113843381
                                                 ],
                                                 [
                                                     -4.091166657854767,
                                                     52.586058831115785
                                                 ],
                                                 [
                                                     -4.090504795681112,
                                                     52.586176949236254
                                                 ],
                                                 [
                                                     -4.089947153105634,
                                                     52.586280459413238
                                                 ],
                                                 [
                                                     -4.089467157191007,
                                                     52.586363361124256
                                                 ],
                                                 [
                                                     -4.089283428162514,
                                                     52.586395367549514
                                                 ],
                                                 [
                                                     -4.089061624121188,
                                                     52.586435507596121
                                                 ],
                                                 [
                                                     -4.088678794037251,
                                                     52.586503926161932
                                                 ],
                                                 [
                                                     -4.088408505888916,
                                                     52.586553459581076
                                                 ],
                                                 [
                                                     -4.088246365623871,
                                                     52.586596679637154
                                                 ],
                                                 [
                                                     -4.088006781043235,
                                                     52.586664816649474
                                                 ],
                                                 [
                                                     -4.087634607326588,
                                                     52.586775651158916
                                                 ],
                                                 [
                                                     -4.087410807153797,
                                                     52.586845575676257
                                                 ],
                                                 [
                                                     -4.087293065007811,
                                                     52.586906168590971
                                                 ],
                                                 [
                                                     -4.087161663827208,
                                                     52.586971317180677
                                                 ],
                                                 [
                                                     -4.087046250791554,
                                                     52.587042475873851
                                                 ],
                                                 [
                                                     -4.086852913696618,
                                                     52.587131098298464
                                                 ],
                                                 [
                                                     -4.08669389037888,
                                                     52.587204104440254
                                                 ],
                                                 [
                                                     -4.086553981988258,
                                                     52.587274705407985
                                                 ],
                                                 [
                                                     -4.086380229425836,
                                                     52.587368195002078
                                                 ],
                                                 [
                                                     -4.086263954907684,
                                                     52.587421300875498
                                                 ],
                                                 [
                                                     -4.086138625644891,
                                                     52.587468274064996
                                                 ],
                                                 [
                                                     -4.085975312126369,
                                                     52.587525353822876
                                                 ],
                                                 [
                                                     -4.085851381527246,
                                                     52.58756591999493
                                                 ],
                                                 [
                                                     -4.085715335977728,
                                                     52.587607688552822
                                                 ],
                                                 [
                                                     -4.085632551753099,
                                                     52.587630450407069
                                                 ],
                                                 [
                                                     -4.085573707042172,
                                                     52.587642093405378
                                                 ],
                                                 [
                                                     -4.085509378726394,
                                                     52.587648530788549
                                                 ],
                                                 [
                                                     -4.085403350328597,
                                                     52.587661094911631
                                                 ],
                                                 [
                                                     -4.085270476834759,
                                                     52.587695346046864
                                                 ],
                                                 [
                                                     -4.085141459605906,
                                                     52.58773905723379
                                                 ],
                                                 [
                                                     -4.085042243687605,
                                                     52.587782333259007
                                                 ],
                                                 [
                                                     -4.084933647535603,
                                                     52.587815167325978
                                                 ],
                                                 [
                                                     -4.084793938556566,
                                                     52.587851605427417
                                                 ],
                                                 [
                                                     -4.084700474827529,
                                                     52.587872487602432
                                                 ],
                                                 [
                                                     -4.084561509816827,
                                                     52.58788868808594
                                                 ],
                                                 [
                                                     -4.084481344600667,
                                                     52.587892256828511
                                                 ],
                                                 [
                                                     -4.084400148821983,
                                                     52.587876697488994
                                                 ],
                                                 [
                                                     -4.08431353810552,
                                                     52.587854762369901
                                                 ],
                                                 [
                                                     -4.084241351297877,
                                                     52.587844347385243
                                                 ],
                                                 [
                                                     -4.083982420159391,
                                                     52.587874434528139
                                                 ],
                                                 [
                                                     -4.083791543370702,
                                                     52.587902245034279
                                                 ],
                                                 [
                                                     -4.083604348029955,
                                                     52.587933225514867
                                                 ],
                                                 [
                                                     -4.083476552151783,
                                                     52.587964239167995
                                                 ],
                                                 [
                                                     -4.083321236373418,
                                                     52.588005264263302
                                                 ],
                                                 [
                                                     -4.083171302796905,
                                                     52.588049431317195
                                                 ],
                                                 [
                                                     -4.083043836946128,
                                                     52.588089966818004
                                                 ],
                                                 [
                                                     -4.082949597272554,
                                                     52.588127849501113
                                                 ],
                                                 [
                                                     -4.082861064831994,
                                                     52.588178306781785
                                                 ],
                                                 [
                                                     -4.082785225440503,
                                                     52.588237169649311
                                                 ],
                                                 [
                                                     -4.082721562142363,
                                                     52.588293570394576
                                                 ],
                                                 [
                                                     -4.08250544160281,
                                                     52.588453867139314
                                                 ],
                                                 [
                                                     -4.082258895843613,
                                                     52.588634833897459
                                                 ],
                                                 [
                                                     -4.082103547904119,
                                                     52.588747139497649
                                                 ],
                                                 [
                                                     -4.081960807182986,
                                                     52.588832706779584
                                                 ],
                                                 [
                                                     -4.081824493506581,
                                                     52.588907463851385
                                                 ],
                                                 [
                                                     -4.081648871564957,
                                                     52.588997833161073
                                                 ],
                                                 [
                                                     -4.081442450879479,
                                                     52.589103574986389
                                                 ],
                                                 [
                                                     -4.081223699301975,
                                                     52.589208545096859
                                                 ],
                                                 [
                                                     -4.080885709869115,
                                                     52.589376285413984
                                                 ],
                                                 [
                                                     -4.080660222617931,
                                                     52.589485596997157
                                                 ],
                                                 [
                                                     -4.080368387435437,
                                                     52.589633288457939
                                                 ],
                                                 [
                                                     -4.080030391400542,
                                                     52.589801025490665
                                                 ],
                                                 [
                                                     -4.079630722478147,
                                                     52.589995373250851
                                                 ],
                                                 [
                                                     -4.079292246855605,
                                                     52.590155656438846
                                                 ],
                                                 [
                                                     -4.078776376195858,
                                                     52.590405166745889
                                                 ],
                                                 [
                                                     -4.078354452662174,
                                                     52.590610507987925
                                                 ],
                                                 [
                                                     -4.078190073789048,
                                                     52.590681528491672
                                                 ],
                                                 [
                                                     -4.078019468336251,
                                                     52.59076758008591
                                                 ],
                                                 [
                                                     -4.077787516132292,
                                                     52.590889763654957
                                                 ],
                                                 [
                                                     -4.077381042784387,
                                                     52.591087369143509
                                                 ],
                                                 [
                                                     -4.077072124392881,
                                                     52.591244970104619
                                                 ],
                                                 [
                                                     -4.07682365197291,
                                                     52.591383441683824
                                                 ],
                                                 [
                                                     -4.076611211919127,
                                                     52.591511663502807
                                                 ],
                                                 [
                                                     -4.076347227142459,
                                                     52.591656788226885
                                                 ],
                                                 [
                                                     -4.076106829468708,
                                                     52.591783341579315
                                                 ],
                                                 [
                                                     -4.075921558202545,
                                                     52.591894096509222
                                                 ],
                                                 [
                                                     -4.075751948479808,
                                                     52.592001430445947
                                                 ],
                                                 [
                                                     -4.075400614511333,
                                                     52.592222511281626
                                                 ],
                                                 [
                                                     -4.075031984751095,
                                                     52.592446052140993
                                                 ],
                                                 [
                                                     -4.074765313546318,
                                                     52.592609287499506
                                                 ],
                                                 [
                                                     -4.074430733924115,
                                                     52.592814162460961
                                                 ],
                                                 [
                                                     -4.074065474493848,
                                                     52.593034495091707
                                                 ],
                                                 [
                                                     -4.07345730414051,
                                                     52.593405957528802
                                                 ],
                                                 [
                                                     -4.07318373997963,
                                                     52.593570388907949
                                                 ],
                                                 [
                                                     -4.07300863287973,
                                                     52.593672422071933
                                                 ],
                                                 [
                                                     -4.07292596212044,
                                                     52.593736611205529
                                                 ],
                                                 [
                                                     -4.072778508741728,
                                                     52.593833934745319
                                                 ],
                                                 [
                                                     -4.072519829472269,
                                                     52.594017250028777
                                                 ],
                                                 [
                                                     -4.072335341017467,
                                                     52.594144973669692
                                                 ],
                                                 [
                                                     -4.072171746419608,
                                                     52.594269186111369
                                                 ],
                                                 [
                                                     -4.072003197021249,
                                                     52.594401933287244
                                                 ],
                                                 [
                                                     -4.07174924659737,
                                                     52.594610782120768
                                                 ],
                                                 [
                                                     -4.071598409924976,
                                                     52.59474744372406
                                                 ],
                                                 [
                                                     -4.071452857341339,
                                                     52.594885181533648
                                                 ],
                                                 [
                                                     -4.071323335006983,
                                                     52.595004032035085
                                                 ],
                                                 [
                                                     -4.070921285338541,
                                                     52.595358751406728
                                                 ],
                                                 [
                                                     -4.070906646232851,
                                                     52.595370032653761
                                                 ],
                                                 [
                                                     -4.070906349921745,
                                                     52.595370261721165
                                                 ]
                                             ]
                                         ]
                                     ]
                 }
}