{
    "type":  "Feature",
    "properties":  {
                       "Name":  "Llanwnda ED",
                       "Area_Code":  "UTE",
                       "Area_Description":  "Unitary Authority Electoral Division",
                       "File_Name":  "GWYNEDD_-_GWYNEDD",
                       "Feature_Serial_Number":  259,
                       "Collection_Serial_Number":  259,
                       "Global_Polygon_ID":  131954,
                       "Admin_Unit_ID":  25687,
                       "Census_Code":  "W05001549",
                       "Hectares":  1114.361,
                       "Non_Inland_Area":  22.29,
                       "Area_Type_Code":  "VA",
                       "Area_Type_Description":  "CIVIL VOTING AREA",
                       "Non_Area_Type_Code":  null,
                       "Non_Area_Type_Description":  null
                   },
    "geometry":  {
                     "type":  "MultiPolygon",
                     "coordinates":  [
                                         [
                                             [
                                                 [
                                                     -4.286474713983215,
                                                     53.109496772705626
                                                 ],
                                                 [
                                                     -4.286134234059009,
                                                     53.109388174202799
                                                 ],
                                                 [
                                                     -4.285977425663871,
                                                     53.10936062591373
                                                 ],
                                                 [
                                                     -4.285684321709812,
                                                     53.109355471616055
                                                 ],
                                                 [
                                                     -4.285518644427199,
                                                     53.109360451692332
                                                 ],
                                                 [
                                                     -4.285182747807883,
                                                     53.109421823471017
                                                 ],
                                                 [
                                                     -4.285133756170636,
                                                     53.109315712303236
                                                 ],
                                                 [
                                                     -4.285098782398148,
                                                     53.109218410087372
                                                 ],
                                                 [
                                                     -4.28500876065718,
                                                     53.109212049860083
                                                 ],
                                                 [
                                                     -4.284974043213363,
                                                     53.109177661649916
                                                 ],
                                                 [
                                                     -4.284826837388427,
                                                     53.109050066282748
                                                 ],
                                                 [
                                                     -4.284711732222481,
                                                     53.108935428004777
                                                 ],
                                                 [
                                                     -4.284579562642307,
                                                     53.108893922750532
                                                 ],
                                                 [
                                                     -4.28452254153755,
                                                     53.108778078129909
                                                 ],
                                                 [
                                                     -4.284033016610116,
                                                     53.108646358749326
                                                 ],
                                                 [
                                                     -4.282482411797471,
                                                     53.108230201311216
                                                 ],
                                                 [
                                                     -4.282004784503084,
                                                     53.108097256413274
                                                 ],
                                                 [
                                                     -4.281478578527786,
                                                     53.107951848212615
                                                 ],
                                                 [
                                                     -4.281144479740033,
                                                     53.107905133069494
                                                 ],
                                                 [
                                                     -4.280868996018519,
                                                     53.107867270585778
                                                 ],
                                                 [
                                                     -4.280155794081419,
                                                     53.107800944973278
                                                 ],
                                                 [
                                                     -4.280183479129535,
                                                     53.107646712581079
                                                 ],
                                                 [
                                                     -4.280275211962163,
                                                     53.107261867402855
                                                 ],
                                                 [
                                                     -4.280151279565904,
                                                     53.107177954370471
                                                 ],
                                                 [
                                                     -4.279886255019577,
                                                     53.106997782169223
                                                 ],
                                                 [
                                                     -4.27975515066074,
                                                     53.106920297163221
                                                 ],
                                                 [
                                                     -4.27961448821978,
                                                     53.106860073534492
                                                 ],
                                                 [
                                                     -4.279465412641092,
                                                     53.106810797420081
                                                 ],
                                                 [
                                                     -4.279296970411023,
                                                     53.10676099305396
                                                 ],
                                                 [
                                                     -4.27919633215501,
                                                     53.10674943817488
                                                 ],
                                                 [
                                                     -4.278927614532987,
                                                     53.106755484880885
                                                 ],
                                                 [
                                                     -4.278793591755401,
                                                     53.106762545714389
                                                 ],
                                                 [
                                                     -4.278483345826244,
                                                     53.106772982332977
                                                 ],
                                                 [
                                                     -4.278328593341445,
                                                     53.106784035135192
                                                 ],
                                                 [
                                                     -4.278300678803555,
                                                     53.106850185894039
                                                 ],
                                                 [
                                                     -4.278176318231704,
                                                     53.106900205131424
                                                 ],
                                                 [
                                                     -4.277759825674821,
                                                     53.106935145453797
                                                 ],
                                                 [
                                                     -4.277542547982118,
                                                     53.106951888859655
                                                 ],
                                                 [
                                                     -4.277398966342926,
                                                     53.106976209472549
                                                 ],
                                                 [
                                                     -4.277278276375939,
                                                     53.107011776419775
                                                 ],
                                                 [
                                                     -4.277139022750213,
                                                     53.107090034385159
                                                 ],
                                                 [
                                                     -4.276978376159774,
                                                     53.107131759473226
                                                 ],
                                                 [
                                                     -4.276757911276515,
                                                     53.107116203893618
                                                 ],
                                                 [
                                                     -4.276746068727805,
                                                     53.107118228716899
                                                 ],
                                                 [
                                                     -4.276692224460724,
                                                     53.10711566361001
                                                 ],
                                                 [
                                                     -4.276560360497626,
                                                     53.107137961672116
                                                 ],
                                                 [
                                                     -4.276475650201004,
                                                     53.107173738413515
                                                 ],
                                                 [
                                                     -4.276073069677842,
                                                     53.107416127881351
                                                 ],
                                                 [
                                                     -4.276013148564499,
                                                     53.107384825769586
                                                 ],
                                                 [
                                                     -4.275950278540784,
                                                     53.107353670849484
                                                 ],
                                                 [
                                                     -4.275631075802845,
                                                     53.107535140370523
                                                 ],
                                                 [
                                                     -4.27554698046514,
                                                     53.107582589347729
                                                 ],
                                                 [
                                                     -4.2755752248804,
                                                     53.107636878808719
                                                 ],
                                                 [
                                                     -4.27553066078984,
                                                     53.107670088793405
                                                 ],
                                                 [
                                                     -4.275596558659144,
                                                     53.107728242571405
                                                 ],
                                                 [
                                                     -4.275537603108806,
                                                     53.107745548555783
                                                 ],
                                                 [
                                                     -4.275417031852204,
                                                     53.107781112207874
                                                 ],
                                                 [
                                                     -4.275233893061923,
                                                     53.107793602935985
                                                 ],
                                                 [
                                                     -4.275088269810654,
                                                     53.107779309354243
                                                 ],
                                                 [
                                                     -4.27500704502856,
                                                     53.107769177879284
                                                 ],
                                                 [
                                                     -4.274731189612068,
                                                     53.107696163508514
                                                 ],
                                                 [
                                                     -4.274443534275703,
                                                     53.107595600063028
                                                 ],
                                                 [
                                                     -4.274276387884049,
                                                     53.107514304416995
                                                 ],
                                                 [
                                                     -4.274230414609016,
                                                     53.107464848145348
                                                 ],
                                                 [
                                                     -4.274014364231799,
                                                     53.107418552853957
                                                 ],
                                                 [
                                                     -4.273900772328201,
                                                     53.107362298794783
                                                 ],
                                                 [
                                                     -4.273677362129045,
                                                     53.10731893076548
                                                 ],
                                                 [
                                                     -4.273428119933252,
                                                     53.107294930691218
                                                 ],
                                                 [
                                                     -4.273422489435768,
                                                     53.107073833333928
                                                 ],
                                                 [
                                                     -4.273023040216564,
                                                     53.107233459825601
                                                 ],
                                                 [
                                                     -4.272794432160287,
                                                     53.107348384734351
                                                 ],
                                                 [
                                                     -4.272729493538784,
                                                     53.107390072952832
                                                 ],
                                                 [
                                                     -4.272593469758408,
                                                     53.10747365659828
                                                 ],
                                                 [
                                                     -4.27247554753386,
                                                     53.107391328269891
                                                 ],
                                                 [
                                                     -4.272255293593955,
                                                     53.107384494146928
                                                 ],
                                                 [
                                                     -4.272242096641008,
                                                     53.107384101539537
                                                 ],
                                                 [
                                                     -4.271979080430071,
                                                     53.107355867809083
                                                 ],
                                                 [
                                                     -4.271799351403487,
                                                     53.107374580022565
                                                 ],
                                                 [
                                                     -4.271669043811399,
                                                     53.107368083493341
                                                 ],
                                                 [
                                                     -4.271668922865744,
                                                     53.107368084903577
                                                 ],
                                                 [
                                                     -4.271453145533124,
                                                     53.107382988503936
                                                 ],
                                                 [
                                                     -4.271370958141743,
                                                     53.107410623325364
                                                 ],
                                                 [
                                                     -4.271243947191088,
                                                     53.107382487760496
                                                 ],
                                                 [
                                                     -4.270934404296375,
                                                     53.107406373168942
                                                 ],
                                                 [
                                                     -4.27071621307294,
                                                     53.107375483742437
                                                 ],
                                                 [
                                                     -4.270440493820076,
                                                     53.107360971023866
                                                 ],
                                                 [
                                                     -4.270283039890034,
                                                     53.107320831634709
                                                 ],
                                                 [
                                                     -4.270375732499992,
                                                     53.107153585826147
                                                 ],
                                                 [
                                                     -4.270162986789472,
                                                     53.107085738397252
                                                 ],
                                                 [
                                                     -4.269810066730146,
                                                     53.106908210224084
                                                 ],
                                                 [
                                                     -4.269672035801603,
                                                     53.106841542956197
                                                 ],
                                                 [
                                                     -4.269626342484493,
                                                     53.106825336302407
                                                 ],
                                                 [
                                                     -4.269378460842395,
                                                     53.106742877616007
                                                 ],
                                                 [
                                                     -4.269103989472463,
                                                     53.106665419239356
                                                 ],
                                                 [
                                                     -4.268700889448211,
                                                     53.106557066535245
                                                 ],
                                                 [
                                                     -4.268568694883145,
                                                     53.106514645939797
                                                 ],
                                                 [
                                                     -4.268447028490281,
                                                     53.106475619048226
                                                 ],
                                                 [
                                                     -4.268373467538543,
                                                     53.106440169433426
                                                 ],
                                                 [
                                                     -4.268352197665905,
                                                     53.106431585801424
                                                 ],
                                                 [
                                                     -4.268322825246228,
                                                     53.106414169278025
                                                 ],
                                                 [
                                                     -4.268127402558731,
                                                     53.106305540315581
                                                 ],
                                                 [
                                                     -4.267992228268875,
                                                     53.106206458181767
                                                 ],
                                                 [
                                                     -4.267915095468841,
                                                     53.10610546120602
                                                 ],
                                                 [
                                                     -4.267840737626663,
                                                     53.105996321214143
                                                 ],
                                                 [
                                                     -4.267734438937515,
                                                     53.105736695017733
                                                 ],
                                                 [
                                                     -4.267675860538885,
                                                     53.10559031206742
                                                 ],
                                                 [
                                                     -4.267589726041384,
                                                     53.105442205668332
                                                 ],
                                                 [
                                                     -4.267536224216815,
                                                     53.10535019766337
                                                 ],
                                                 [
                                                     -4.267401459638902,
                                                     53.105202660146936
                                                 ],
                                                 [
                                                     -4.267395268774621,
                                                     53.105197384453781
                                                 ],
                                                 [
                                                     -4.267271036376487,
                                                     53.10510717207039
                                                 ],
                                                 [
                                                     -4.267122980924256,
                                                     53.105048782119859
                                                 ],
                                                 [
                                                     -4.266954274457466,
                                                     53.104993572687547
                                                 ],
                                                 [
                                                     -4.266677108643869,
                                                     53.104951215037069
                                                 ],
                                                 [
                                                     -4.266323643839069,
                                                     53.104933680434158
                                                 ],
                                                 [
                                                     -4.265732377812086,
                                                     53.104912583735391
                                                 ],
                                                 [
                                                     -4.264866552872785,
                                                     53.104840085250082
                                                 ],
                                                 [
                                                     -4.263944434484831,
                                                     53.104748786198726
                                                 ],
                                                 [
                                                     -4.263172471051741,
                                                     53.104615165109649
                                                 ],
                                                 [
                                                     -4.262833166555455,
                                                     53.104496590907267
                                                 ],
                                                 [
                                                     -4.262331112874044,
                                                     53.104297608949963
                                                 ],
                                                 [
                                                     -4.262076656632504,
                                                     53.104173823639577
                                                 ],
                                                 [
                                                     -4.261839044289179,
                                                     53.104058795733415
                                                 ],
                                                 [
                                                     -4.261658380860435,
                                                     53.103975042317366
                                                 ],
                                                 [
                                                     -4.261461507489353,
                                                     53.103896900528532
                                                 ],
                                                 [
                                                     -4.261206163760655,
                                                     53.103840633470497
                                                 ],
                                                 [
                                                     -4.259664783398619,
                                                     53.103505800477883
                                                 ],
                                                 [
                                                     -4.259267392796256,
                                                     53.103420766945234
                                                 ],
                                                 [
                                                     -4.259041535748176,
                                                     53.103386406409861
                                                 ],
                                                 [
                                                     -4.258790959028334,
                                                     53.103366894918516
                                                 ],
                                                 [
                                                     -4.258665238685038,
                                                     53.103362989948288
                                                 ],
                                                 [
                                                     -4.258650348547648,
                                                     53.103363272640443
                                                 ],
                                                 [
                                                     -4.258602415424996,
                                                     53.103360587164929
                                                 ],
                                                 [
                                                     -4.258346498209137,
                                                     53.103351963473514
                                                 ],
                                                 [
                                                     -4.257957005518174,
                                                     53.10336115370152
                                                 ],
                                                 [
                                                     -4.257859609434216,
                                                     53.10343940368908
                                                 ],
                                                 [
                                                     -4.257680529161822,
                                                     53.103529090188083
                                                 ],
                                                 [
                                                     -4.257186955240416,
                                                     53.103745279027827
                                                 ],
                                                 [
                                                     -4.256532954617724,
                                                     53.104038212033053
                                                 ],
                                                 [
                                                     -4.255347241642885,
                                                     53.104560539362112
                                                 ],
                                                 [
                                                     -4.254988314865591,
                                                     53.104725628637539
                                                 ],
                                                 [
                                                     -4.254842289487724,
                                                     53.10479041586364
                                                 ],
                                                 [
                                                     -4.254539241104495,
                                                     53.104907615346079
                                                 ],
                                                 [
                                                     -4.254385049391373,
                                                     53.104959973026006
                                                 ],
                                                 [
                                                     -4.253758115665848,
                                                     53.105170583313168
                                                 ],
                                                 [
                                                     -4.253232532711356,
                                                     53.105347812375989
                                                 ],
                                                 [
                                                     -4.252854289384168,
                                                     53.105485307172266
                                                 ],
                                                 [
                                                     -4.252680140173388,
                                                     53.105554219713639
                                                 ],
                                                 [
                                                     -4.252436134798471,
                                                     53.105717124181972
                                                 ],
                                                 [
                                                     -4.252171934541832,
                                                     53.105892006038907
                                                 ],
                                                 [
                                                     -4.251998087311493,
                                                     53.105969091794705
                                                 ],
                                                 [
                                                     -4.25174966232204,
                                                     53.106104124734358
                                                 ],
                                                 [
                                                     -4.251447137664974,
                                                     53.106259956500111
                                                 ],
                                                 [
                                                     -4.251162222487584,
                                                     53.106354421998049
                                                 ],
                                                 [
                                                     -4.250852628938032,
                                                     53.106433984585763
                                                 ],
                                                 [
                                                     -4.25052848950188,
                                                     53.106522808850272
                                                 ],
                                                 [
                                                     -4.250262212308512,
                                                     53.106601550491838
                                                 ],
                                                 [
                                                     -4.250067889492485,
                                                     53.106685311595072
                                                 ],
                                                 [
                                                     -4.249839578637605,
                                                     53.106804680847524
                                                 ],
                                                 [
                                                     -4.249653038396009,
                                                     53.106893597836773
                                                 ],
                                                 [
                                                     -4.249336820641922,
                                                     53.107077635837157
                                                 ],
                                                 [
                                                     -4.249240877809774,
                                                     53.107042597662762
                                                 ],
                                                 [
                                                     -4.249186612355143,
                                                     53.107088564730454
                                                 ],
                                                 [
                                                     -4.249052694728801,
                                                     53.107100085473746
                                                 ],
                                                 [
                                                     -4.248864972252891,
                                                     53.107253739377832
                                                 ],
                                                 [
                                                     -4.248596573683523,
                                                     53.107435972369167
                                                 ],
                                                 [
                                                     -4.247729446673429,
                                                     53.107053184672921
                                                 ],
                                                 [
                                                     -4.247195700422158,
                                                     53.107561312620348
                                                 ],
                                                 [
                                                     -4.246623365766602,
                                                     53.108073851185821
                                                 ],
                                                 [
                                                     -4.246646279126732,
                                                     53.108083305832487
                                                 ],
                                                 [
                                                     -4.246649884577702,
                                                     53.108084857015911
                                                 ],
                                                 [
                                                     -4.246631405260569,
                                                     53.108086282178085
                                                 ],
                                                 [
                                                     -4.246583147180789,
                                                     53.108072721634116
                                                 ],
                                                 [
                                                     -4.246522321886282,
                                                     53.108042590728964
                                                 ],
                                                 [
                                                     -4.24645536751459,
                                                     53.108013025066761
                                                 ],
                                                 [
                                                     -4.246372256840189,
                                                     53.107978371656834
                                                 ],
                                                 [
                                                     -4.246296717204802,
                                                     53.107954270852879
                                                 ],
                                                 [
                                                     -4.246196498194069,
                                                     53.107931714848831
                                                 ],
                                                 [
                                                     -4.246085690412169,
                                                     53.107909267853778
                                                 ],
                                                 [
                                                     -4.245992776328866,
                                                     53.107889809607435
                                                 ],
                                                 [
                                                     -4.245870986119076,
                                                     53.107862267788022
                                                 ],
                                                 [
                                                     -4.24574214079536,
                                                     53.107831712191143
                                                 ],
                                                 [
                                                     -4.245630949742162,
                                                     53.107801902148744
                                                 ],
                                                 [
                                                     -4.245526660319066,
                                                     53.107769804820194
                                                 ],
                                                 [
                                                     -4.245422382634207,
                                                     53.107735550256777
                                                 ],
                                                 [
                                                     -4.245268959755359,
                                                     53.107677774043907
                                                 ],
                                                 [
                                                     -4.245115940463735,
                                                     53.107625383676137
                                                 ],
                                                 [
                                                     -4.244999070701333,
                                                     53.107588219540027
                                                 ],
                                                 [
                                                     -4.24487289507794,
                                                     53.107542692196397
                                                 ],
                                                 [
                                                     -4.244743707652027,
                                                     53.10750791804854
                                                 ],
                                                 [
                                                     -4.244587560500129,
                                                     53.107464034795882
                                                 ],
                                                 [
                                                     -4.244416986337423,
                                                     53.107415120654075
                                                 ],
                                                 [
                                                     -4.244293153979616,
                                                     53.107379076180813
                                                 ],
                                                 [
                                                     -4.24418007741212,
                                                     53.107346154440968
                                                 ],
                                                 [
                                                     -4.244072278975848,
                                                     53.10731520095284
                                                 ],
                                                 [
                                                     -4.243964570291851,
                                                     53.107283615411582
                                                 ],
                                                 [
                                                     -4.243880037523164,
                                                     53.107257076240025
                                                 ],
                                                 [
                                                     -4.2438045566446,
                                                     53.107234051675022
                                                 ],
                                                 [
                                                     -4.243721837666036,
                                                     53.107206848820638
                                                 ],
                                                 [
                                                     -4.24364251229284,
                                                     53.107178593809998
                                                 ],
                                                 [
                                                     -4.243543421168129,
                                                     53.107142171898857
                                                 ],
                                                 [
                                                     -4.243424207459902,
                                                     53.107095433743723
                                                 ],
                                                 [
                                                     -4.243312243718986,
                                                     53.107050714793537
                                                 ],
                                                 [
                                                     -4.24318781023696,
                                                     53.107003085824175
                                                 ],
                                                 [
                                                     -4.243073888513182,
                                                     53.106956247546229
                                                 ],
                                                 [
                                                     -4.242922164438142,
                                                     53.106893133473669
                                                 ],
                                                 [
                                                     -4.242846184539177,
                                                     53.106860500126693
                                                 ],
                                                 [
                                                     -4.242756221849788,
                                                     53.106831366151624
                                                 ],
                                                 [
                                                     -4.242657009868016,
                                                     53.106794945790988
                                                 ],
                                                 [
                                                     -4.242590611527143,
                                                     53.106775973195639
                                                 ],
                                                 [
                                                     -4.242521414177387,
                                                     53.106771884746202
                                                 ],
                                                 [
                                                     -4.242450393047418,
                                                     53.106765852628776
                                                 ],
                                                 [
                                                     -4.242377694752355,
                                                     53.106760751171748
                                                 ],
                                                 [
                                                     -4.242310953088768,
                                                     53.106737560957498
                                                 ],
                                                 [
                                                     -4.242197493344124,
                                                     53.106697184810038
                                                 ],
                                                 [
                                                     -4.242131201316322,
                                                     53.106680276970025
                                                 ],
                                                 [
                                                     -4.242087473957793,
                                                     53.106656652913529
                                                 ],
                                                 [
                                                     -4.242068491887403,
                                                     53.106630405597066
                                                 ],
                                                 [
                                                     -4.242063540004086,
                                                     53.106603892981134
                                                 ],
                                                 [
                                                     -4.242071158509381,
                                                     53.106579840752673
                                                 ],
                                                 [
                                                     -4.242036257044339,
                                                     53.106571959788681
                                                 ],
                                                 [
                                                     -4.242004393333898,
                                                     53.106570402426449
                                                 ],
                                                 [
                                                     -4.241951133632986,
                                                     53.106567182130412
                                                 ],
                                                 [
                                                     -4.241885590985227,
                                                     53.106564641911447
                                                 ],
                                                 [
                                                     -4.24181906791856,
                                                     53.106562210039606
                                                 ],
                                                 [
                                                     -4.241775625172123,
                                                     53.106558264330417
                                                 ],
                                                 [
                                                     -4.241742474246583,
                                                     53.106550889751368
                                                 ],
                                                 [
                                                     -4.241704070430543,
                                                     53.106541995772226
                                                 ],
                                                 [
                                                     -4.241667856933384,
                                                     53.106527847575812
                                                 ],
                                                 [
                                                     -4.241610766284692,
                                                     53.106500699844958
                                                 ],
                                                 [
                                                     -4.241559269028457,
                                                     53.106479289003815
                                                 ],
                                                 [
                                                     -4.241517664099158,
                                                     53.106460927598093
                                                 ],
                                                 [
                                                     -4.241477278634638,
                                                     53.106449464413842
                                                 ],
                                                 [
                                                     -4.241448671382041,
                                                     53.106444161072531
                                                 ],
                                                 [
                                                     -4.241411628762859,
                                                     53.10644485894283
                                                 ],
                                                 [
                                                     -4.241361459783219,
                                                     53.106448950013892
                                                 ],
                                                 [
                                                     -4.241285630009291,
                                                     53.106454692396348
                                                 ],
                                                 [
                                                     -4.241227556718814,
                                                     53.106458393759212
                                                 ],
                                                 [
                                                     -4.241199223561835,
                                                     53.106458388039307
                                                 ],
                                                 [
                                                     -4.241156435742352,
                                                     53.106452812301363
                                                 ],
                                                 [
                                                     -4.241097451594606,
                                                     53.106439002061578
                                                 ],
                                                 [
                                                     -4.241034025822263,
                                                     53.106427434176631
                                                 ],
                                                 [
                                                     -4.24095807427349,
                                                     53.10641187645826
                                                 ],
                                                 [
                                                     -4.240899713594131,
                                                     53.106400571835287
                                                 ],
                                                 [
                                                     -4.240827024152003,
                                                     53.106390884800064
                                                 ],
                                                 [
                                                     -4.240757693361503,
                                                     53.106377090348289
                                                 ],
                                                 [
                                                     -4.240703048506687,
                                                     53.106370929479652
                                                 ],
                                                 [
                                                     -4.240652519961196,
                                                     53.106368105814184
                                                 ],
                                                 [
                                                     -4.240615701499373,
                                                     53.106373113058375
                                                 ],
                                                 [
                                                     -4.240589339822319,
                                                     53.106377834353026
                                                 ],
                                                 [
                                                     -4.240568391688609,
                                                     53.106382453691801
                                                 ],
                                                 [
                                                     -4.240545379253104,
                                                     53.106382887069437
                                                 ],
                                                 [
                                                     -4.240524910908057,
                                                     53.106380126609693
                                                 ],
                                                 [
                                                     -4.240496149185662,
                                                     53.106369522206485
                                                 ],
                                                 [
                                                     -4.240466400743158,
                                                     53.106358847367837
                                                 ],
                                                 [
                                                     -4.240432057410052,
                                                     53.106345112228027
                                                 ],
                                                 [
                                                     -4.240394937574801,
                                                     53.10632774488424
                                                 ],
                                                 [
                                                     -4.240350936053469,
                                                     53.10629882251768
                                                 ],
                                                 [
                                                     -4.240295873040919,
                                                     53.106260939486411
                                                 ],
                                                 [
                                                     -4.24024664686167,
                                                     53.10623103655287
                                                 ],
                                                 [
                                                     -4.240208741844939,
                                                     53.106200920428869
                                                 ],
                                                 [
                                                     -4.240174277347942,
                                                     53.106165885314169
                                                 ],
                                                 [
                                                     -4.240141484000643,
                                                     53.106129830621953
                                                 ],
                                                 [
                                                     -4.240101159622464,
                                                     53.106086367146162
                                                 ],
                                                 [
                                                     -4.240077419084906,
                                                     53.106053826463629
                                                 ],
                                                 [
                                                     -4.240057928621928,
                                                     53.106020127744202
                                                 ],
                                                 [
                                                     -4.240035603418616,
                                                     53.105998256901145
                                                 ],
                                                 [
                                                     -4.239997169000086,
                                                     53.105974532433116
                                                 ],
                                                 [
                                                     -4.239947352890132,
                                                     53.105949853420405
                                                 ],
                                                 [
                                                     -4.239901959590782,
                                                     53.105927338849028
                                                 ],
                                                 [
                                                     -4.239859577195107,
                                                     53.105910608975421
                                                 ],
                                                 [
                                                     -4.239817235864931,
                                                     53.105897025135228
                                                 ],
                                                 [
                                                     -4.23975632260824,
                                                     53.105881633090483
                                                 ],
                                                 [
                                                     -4.239706189133598,
                                                     53.105869813369601
                                                 ],
                                                 [
                                                     -4.239666108075739,
                                                     53.105864186145794
                                                 ],
                                                 [
                                                     -4.239633999095022,
                                                     53.105857869382106
                                                 ],
                                                 [
                                                     -4.239609630972936,
                                                     53.105848800425456
                                                 ],
                                                 [
                                                     -4.239576885763118,
                                                     53.105830271571108
                                                 ],
                                                 [
                                                     -4.239531072700834,
                                                     53.105799674734151
                                                 ],
                                                 [
                                                     -4.239479669927073,
                                                     53.105763430708102
                                                 ],
                                                 [
                                                     -4.23944719377279,
                                                     53.105735818624503
                                                 ],
                                                 [
                                                     -4.239428213720404,
                                                     53.105709570861656
                                                 ],
                                                 [
                                                     -4.239415415423592,
                                                     53.105683745293753
                                                 ],
                                                 [
                                                     -4.239398936473807,
                                                     53.105655832083208
                                                 ],
                                                 [
                                                     -4.239380808780716,
                                                     53.105631725190499
                                                 ],
                                                 [
                                                     -4.239356677701137,
                                                     53.105608269849249
                                                 ],
                                                 [
                                                     -4.2393325596357,
                                                     53.105587421624492
                                                 ],
                                                 [
                                                     -4.239306103825397,
                                                     53.105571380784177
                                                 ],
                                                 [
                                                     -4.239271040330785,
                                                     53.105560356145887
                                                 ],
                                                 [
                                                     -4.239248366838667,
                                                     53.105550715766014
                                                 ],
                                                 [
                                                     -4.239231824835226,
                                                     53.10553817369378
                                                 ],
                                                 [
                                                     -4.239216734589529,
                                                     53.105520391361374
                                                 ],
                                                 [
                                                     -4.239203243278935,
                                                     53.105497814646064
                                                 ],
                                                 [
                                                     -4.239194860011533,
                                                     53.105473973870495
                                                 ],
                                                 [
                                                     -4.239188601507332,
                                                     53.105455485856659
                                                 ],
                                                 [
                                                     -4.239175385585678,
                                                     53.105438207697574
                                                 ],
                                                 [
                                                     -4.239152184864777,
                                                     53.105418420183
                                                 ],
                                                 [
                                                     -4.239122870345055,
                                                     53.105397130262524
                                                 ],
                                                 [
                                                     -4.239093627966874,
                                                     53.105379614263612
                                                 ],
                                                 [
                                                     -4.239064824221994,
                                                     53.105370538767978
                                                 ],
                                                 [
                                                     -4.239026316179857,
                                                     53.105359578885277
                                                 ],
                                                 [
                                                     -4.238995818034208,
                                                     53.105351073817083
                                                 ],
                                                 [
                                                     -4.238973172717742,
                                                     53.105341972310669
                                                 ],
                                                 [
                                                     -4.23894228739654,
                                                     53.10532601565005
                                                 ],
                                                 [
                                                     -4.23890400452436,
                                                     53.10530282654031
                                                 ],
                                                 [
                                                     -4.238861929119035,
                                                     53.105275394945316
                                                 ],
                                                 [
                                                     -4.238829063772543,
                                                     53.105256868150484
                                                 ],
                                                 [
                                                     -4.238805348474333,
                                                     53.105241404994423
                                                 ],
                                                 [
                                                     -4.238781618145119,
                                                     53.10522801002756
                                                 ],
                                                 [
                                                     -4.23875189737317,
                                                     53.105217872803472
                                                 ],
                                                 [
                                                     -4.238727444348691,
                                                     53.105207187801334
                                                 ],
                                                 [
                                                     -4.238705644277426,
                                                     53.105195373963639
                                                 ],
                                                 [
                                                     -4.238676150249633,
                                                     53.105173008403128
                                                 ],
                                                 [
                                                     -4.238642884925278,
                                                     53.105144421954122
                                                 ],
                                                 [
                                                     -4.23860774076953,
                                                     53.105115242383349
                                                 ],
                                                 [
                                                     -4.238570151506429,
                                                     53.105088804286275
                                                 ],
                                                 [
                                                     -4.238534454147006,
                                                     53.105065567310561
                                                 ],
                                                 [
                                                     -4.238501902760953,
                                                     53.105050719896795
                                                 ],
                                                 [
                                                     -4.238470391917779,
                                                     53.105041695194387
                                                 ],
                                                 [
                                                     -4.238432108200542,
                                                     53.105035044743737
                                                 ],
                                                 [
                                                     -4.23839302457962,
                                                     53.105032005697325
                                                 ],
                                                 [
                                                     -4.23835684577577,
                                                     53.105032686373619
                                                 ],
                                                 [
                                                     -4.23831611327666,
                                                     53.105033452710991
                                                 ],
                                                 [
                                                     -4.238287182166312,
                                                     53.105036153930605
                                                 ],
                                                 [
                                                     -4.238257280352789,
                                                     53.105041479871979
                                                 ],
                                                 [
                                                     -4.238216423039499,
                                                     53.105037485135625
                                                 ],
                                                 [
                                                     -4.238177368869224,
                                                     53.105034984020314
                                                 ],
                                                 [
                                                     -4.238151883989141,
                                                     53.105037620374446
                                                 ],
                                                 [
                                                     -4.238133785082643,
                                                     53.105044882063602
                                                 ],
                                                 [
                                                     -4.238121212447023,
                                                     53.105058960996821
                                                 ],
                                                 [
                                                     -4.238108415905622,
                                                     53.105068729399967
                                                 ],
                                                 [
                                                     -4.23808753022235,
                                                     53.105074515050838
                                                 ],
                                                 [
                                                     -4.238062794577606,
                                                     53.105074980370347
                                                 ],
                                                 [
                                                     -4.23804148914177,
                                                     53.105072684781831
                                                 ],
                                                 [
                                                     -4.238012825730609,
                                                     53.105066302770382
                                                 ],
                                                 [
                                                     -4.237984027082295,
                                                     53.105057316829395
                                                 ],
                                                 [
                                                     -4.237948238392498,
                                                     53.105048911914665
                                                 ],
                                                 [
                                                     -4.237917936607597,
                                                     53.105044179064315
                                                 ],
                                                 [
                                                     -4.237857165117974,
                                                     53.105031479769359
                                                 ],
                                                 [
                                                     -4.237813238131216,
                                                     53.105020531518704
                                                 ],
                                                 [
                                                     -4.237786257818196,
                                                     53.105010971873412
                                                 ],
                                                 [
                                                     -4.237760776074582,
                                                     53.104997070193903
                                                 ],
                                                 [
                                                     -4.237735239816691,
                                                     53.104982089725418
                                                 ],
                                                 [
                                                     -4.237701764338444,
                                                     53.104968428295422
                                                 ],
                                                 [
                                                     -4.237657711174189,
                                                     53.104952718074998
                                                 ],
                                                 [
                                                     -4.237620763014351,
                                                     53.104938582482482
                                                 ],
                                                 [
                                                     -4.237587254954885,
                                                     53.104924292269423
                                                 ],
                                                 [
                                                     -4.237564452727608,
                                                     53.104909799799231
                                                 ],
                                                 [
                                                     -4.237552088320485,
                                                     53.104894662370967
                                                 ],
                                                 [
                                                     -4.237542258822048,
                                                     53.104876151527115
                                                 ],
                                                 [
                                                     -4.237541293593577,
                                                     53.104857563879413
                                                 ],
                                                 [
                                                     -4.237549271916761,
                                                     53.104840426392599
                                                 ],
                                                 [
                                                     -4.237568223860694,
                                                     53.10481400349267
                                                 ],
                                                 [
                                                     -4.237585618115675,
                                                     53.104790755807372
                                                 ],
                                                 [
                                                     -4.237596095997048,
                                                     53.10477195294132
                                                 ],
                                                 [
                                                     -4.237600451197281,
                                                     53.104753804683305
                                                 ],
                                                 [
                                                     -4.237602272619045,
                                                     53.104736692181483
                                                 ],
                                                 [
                                                     -4.237592693474147,
                                                     53.104723030828445
                                                 ],
                                                 [
                                                     -4.237570893956708,
                                                     53.104711216776039
                                                 ],
                                                 [
                                                     -4.237533967816022,
                                                     53.104697529390585
                                                 ],
                                                 [
                                                     -4.237500711746568,
                                                     53.104688087711565
                                                 ],
                                                 [
                                                     -4.237465924512315,
                                                     53.104682360195859
                                                 ],
                                                 [
                                                     -4.237433230673426,
                                                     53.104681357587161
                                                 ],
                                                 [
                                                     -4.237399663665236,
                                                     53.104682528311088
                                                 ],
                                                 [
                                                     -4.237363595524283,
                                                     53.104685363527025
                                                 ],
                                                 [
                                                     -4.237311418728263,
                                                     53.104686344741296
                                                 ],
                                                 [
                                                     -4.237262056567742,
                                                     53.104689340015121
                                                 ],
                                                 [
                                                     -4.23723130889487,
                                                     53.104692615493683
                                                 ],
                                                 [
                                                     -4.237207683203796,
                                                     53.104697823151689
                                                 ],
                                                 [
                                                     -4.237182944433143,
                                                     53.104714827137407
                                                 ],
                                                 [
                                                     -4.23715832085605,
                                                     53.104717447083615
                                                 ],
                                                 [
                                                     -4.23711840584634,
                                                     53.104714961810537
                                                 ],
                                                 [
                                                     -4.237085519346188,
                                                     53.104710277352758
                                                 ],
                                                 [
                                                     -4.237053177330646,
                                                     53.104701807362623
                                                 ],
                                                 [
                                                     -4.237013571915722,
                                                     53.104688709650681
                                                 ],
                                                 [
                                                     -4.236983896575084,
                                                     53.10467704357967
                                                 ],
                                                 [
                                                     -4.236955791754297,
                                                     53.104664808517008
                                                 ],
                                                 [
                                                     -4.23693928339742,
                                                     53.10465289486396
                                                 ],
                                                 [
                                                     -4.236927176849973,
                                                     53.104640358990494
                                                 ],
                                                 [
                                                     -4.23692205714011,
                                                     53.104627152294022
                                                 ],
                                                 [
                                                     -4.236922060615005,
                                                     53.104610614339663
                                                 ],
                                                 [
                                                     -4.236921849594216,
                                                     53.104589944597329
                                                 ],
                                                 [
                                                     -4.236929398023563,
                                                     53.10456688213111
                                                 ],
                                                 [
                                                     -4.236936293079062,
                                                     53.104545450313864
                                                 ],
                                                 [
                                                     -4.236938645004626,
                                                     53.104521946996684
                                                 ],
                                                 [
                                                     -4.236940016489137,
                                                     53.104498551123932
                                                 ],
                                                 [
                                                     -4.236938967646695,
                                                     53.104478347579018
                                                 ],
                                                 [
                                                     -4.236945219082584,
                                                     53.104461151794311
                                                 ],
                                                 [
                                                     -4.236948769263291,
                                                     53.104444096708299
                                                 ],
                                                 [
                                                     -4.236945343992098,
                                                     53.104430319597348
                                                 ],
                                                 [
                                                     -4.236937723217965,
                                                     53.104418778291844
                                                 ],
                                                 [
                                                     -4.236924101484948,
                                                     53.104412652658723
                                                 ],
                                                 [
                                                     -4.236904378896341,
                                                     53.104407629833972
                                                 ],
                                                 [
                                                     -4.236884828837495,
                                                     53.104405930400723
                                                 ],
                                                 [
                                                     -4.236861939784425,
                                                     53.104406360754218
                                                 ],
                                                 [
                                                     -4.236833884447679,
                                                     53.104411651623558
                                                 ],
                                                 [
                                                     -4.236801537736095,
                                                     53.104419720443381
                                                 ],
                                                 [
                                                     -4.236765158641067,
                                                     53.10443316790807
                                                 ],
                                                 [
                                                     -4.236731392519255,
                                                     53.104447105691087
                                                 ],
                                                 [
                                                     -4.236695288370696,
                                                     53.104465850806378
                                                 ],
                                                 [
                                                     -4.236666952965063,
                                                     53.104482382847273
                                                 ],
                                                 [
                                                     -4.236630894170443,
                                                     53.104504362919968
                                                 ],
                                                 [
                                                     -4.23660598897444,
                                                     53.104518134083754
                                                 ],
                                                 [
                                                     -4.236580557106253,
                                                     53.104531285779167
                                                 ],
                                                 [
                                                     -4.236557702140806,
                                                     53.104541872468793
                                                 ],
                                                 [
                                                     -4.236538701979743,
                                                     53.104550768323385
                                                 ],
                                                 [
                                                     -4.236516978458715,
                                                     53.104557018995294
                                                 ],
                                                 [
                                                     -4.236497589978428,
                                                     53.104558462381448
                                                 ],
                                                 [
                                                     -4.236480691334549,
                                                     53.104555634128921
                                                 ],
                                                 [
                                                     -4.236457958380614,
                                                     53.104544825523995
                                                 ],
                                                 [
                                                     -4.236433288726566,
                                                     53.104529919298507
                                                 ],
                                                 [
                                                     -4.236415526435968,
                                                     53.104510479474854
                                                 ],
                                                 [
                                                     -4.236391738283005,
                                                     53.104476949973581
                                                 ],
                                                 [
                                                     -4.236376314027241,
                                                     53.104452701909182
                                                 ],
                                                 [
                                                     -4.236360978315953,
                                                     53.104430159553075
                                                 ],
                                                 [
                                                     -4.236342540119024,
                                                     53.104416664629362
                                                 ],
                                                 [
                                                     -4.236325892222482,
                                                     53.104402057140668
                                                 ],
                                                 [
                                                     -4.236312235011447,
                                                     53.104376247397468
                                                 ],
                                                 [
                                                     -4.23628653506728,
                                                     53.104358124678683
                                                 ],
                                                 [
                                                     -4.236255208684946,
                                                     53.10433363605209
                                                 ],
                                                 [
                                                     -4.236228692997377,
                                                     53.104318764484276
                                                 ],
                                                 [
                                                     -4.236204472143606,
                                                     53.104310141618484
                                                 ],
                                                 [
                                                     -4.236164310553774,
                                                     53.104302896377916
                                                 ],
                                                 [
                                                     -4.236122278000403,
                                                     53.104295237642852
                                                 ],
                                                 [
                                                     -4.236073115668806,
                                                     53.104285465168999
                                                 ],
                                                 [
                                                     -4.236019791984901,
                                                     53.104278558069154
                                                 ],
                                                 [
                                                     -4.23597168657949,
                                                     53.104272540973916
                                                 ],
                                                 [
                                                     -4.235942190788108,
                                                     53.104266713568208
                                                 ],
                                                 [
                                                     -4.235909752698249,
                                                     53.104254020246366
                                                 ],
                                                 [
                                                     -4.235876077991888,
                                                     53.104236496860814
                                                 ],
                                                 [
                                                     -4.23584704543407,
                                                     53.104220593600047
                                                 ],
                                                 [
                                                     -4.235827746315455,
                                                     53.104207114777552
                                                 ],
                                                 [
                                                     -4.235815416555793,
                                                     53.104190268249134
                                                 ],
                                                 [
                                                     -4.235802022574636,
                                                     53.10417191416289
                                                 ],
                                                 [
                                                     -4.235781172753109,
                                                     53.104145161519192
                                                 ],
                                                 [
                                                     -4.235762923154921,
                                                     53.104116292097338
                                                 ],
                                                 [
                                                     -4.235753629640476,
                                                     53.1040914791975
                                                 ],
                                                 [
                                                     -4.235748596638775,
                                                     53.104063350402221
                                                 ],
                                                 [
                                                     -4.235740451257718,
                                                     53.104041661845919
                                                 ],
                                                 [
                                                     -4.235719069623945,
                                                     53.104021300037068
                                                 ],
                                                 [
                                                     -4.235674961791264,
                                                     53.10399022105338
                                                 ],
                                                 [
                                                     -4.235621198354826,
                                                     53.103958243686435
                                                 ],
                                                 [
                                                     -4.235585666569512,
                                                     53.10393814865175
                                                 ],
                                                 [
                                                     -4.23555631626369,
                                                     53.103918476008054
                                                 ],
                                                 [
                                                     -4.235528866619799,
                                                     53.103899846552494
                                                 ],
                                                 [
                                                     -4.235509739433831,
                                                     53.103873061493402
                                                 ],
                                                 [
                                                     -4.235488653611602,
                                                     53.103839392029251
                                                 ],
                                                 [
                                                     -4.235471999628286,
                                                     53.103810402673105
                                                 ],
                                                 [
                                                     -4.23545105361339,
                                                     53.103779426950425
                                                 ],
                                                 [
                                                     -4.235431763487903,
                                                     53.103749499020147
                                                 ],
                                                 [
                                                     -4.235410718447334,
                                                     53.103718974696932
                                                 ],
                                                 [
                                                     -4.235388540572269,
                                                     53.103683257824585
                                                 ],
                                                 [
                                                     -4.23537200910268,
                                                     53.103654266152859
                                                 ],
                                                 [
                                                     -4.235353107229896,
                                                     53.103631791575303
                                                 ],
                                                 [
                                                     -4.235322821321215,
                                                     53.103608361170188
                                                 ],
                                                 [
                                                     -4.23527409354084,
                                                     53.103573683469641
                                                 ],
                                                 [
                                                     -4.235243947448153,
                                                     53.103552946792966
                                                 ],
                                                 [
                                                     -4.235219888438198,
                                                     53.10353317555375
                                                 ],
                                                 [
                                                     -4.23519834577473,
                                                     53.103509670758648
                                                 ],
                                                 [
                                                     -4.235172288206773,
                                                     53.103484634217772
                                                 ],
                                                 [
                                                     -4.235147228338893,
                                                     53.103462184493893
                                                 ],
                                                 [
                                                     -4.235113267049203,
                                                     53.103436756076455
                                                 ],
                                                 [
                                                     -4.235095802596396,
                                                     53.103425399590471
                                                 ],
                                                 [
                                                     -4.235067986015146,
                                                     53.10341630459596
                                                 ],
                                                 [
                                                     -4.235026761257867,
                                                     53.103407551395939
                                                 ],
                                                 [
                                                     -4.234991114213653,
                                                     53.103401839319076
                                                 ],
                                                 [
                                                     -4.234966894120864,
                                                     53.103393216192011
                                                 ],
                                                 [
                                                     -4.23494488826212,
                                                     53.103379787179286
                                                 ],
                                                 [
                                                     -4.234906194792217,
                                                     53.10334860530574
                                                 ],
                                                 [
                                                     -4.234871752789452,
                                                     53.103316265545331
                                                 ],
                                                 [
                                                     -4.234844384513465,
                                                     53.103299162862477
                                                 ],
                                                 [
                                                     -4.234813590591248,
                                                     53.103284909907785
                                                 ],
                                                 [
                                                     -4.234784598234206,
                                                     53.103272152458338
                                                 ],
                                                 [
                                                     -4.234760717827221,
                                                     53.103253455783943
                                                 ],
                                                 [
                                                     -4.234748908647402,
                                                     53.103232374539566
                                                 ],
                                                 [
                                                     -4.234746860028085,
                                                     53.103209493385371
                                                 ],
                                                 [
                                                     -4.234750828263247,
                                                     53.103183891845248
                                                 ],
                                                 [
                                                     -4.234759824614525,
                                                     53.103150735196166
                                                 ],
                                                 [
                                                     -4.234766824492198,
                                                     53.103117077492747
                                                 ],
                                                 [
                                                     -4.234769602410647,
                                                     53.103085116560436
                                                 ],
                                                 [
                                                     -4.234775170003755,
                                                     53.10305472159019
                                                 ],
                                                 [
                                                     -4.234790633628569,
                                                     53.103029893114602
                                                 ],
                                                 [
                                                     -4.234814404167064,
                                                     53.103010840799222
                                                 ],
                                                 [
                                                     -4.23482850866725,
                                                     53.102993048064228
                                                 ],
                                                 [
                                                     -4.234838737379827,
                                                     53.102969396828023
                                                 ],
                                                 [
                                                     -4.234842817296048,
                                                     53.102945950105585
                                                 ],
                                                 [
                                                     -4.234839800356482,
                                                     53.10292101923141
                                                 ],
                                                 [
                                                     -4.23483039440404,
                                                     53.102894051453575
                                                 ],
                                                 [
                                                     -4.234816710638324,
                                                     53.102867702588256
                                                 ],
                                                 [
                                                     -4.23480415219511,
                                                     53.102848793242813
                                                 ],
                                                 [
                                                     -4.234796261804283,
                                                     53.102815415242539
                                                 ],
                                                 [
                                                     -4.234788707825684,
                                                     53.102771873887114
                                                 ],
                                                 [
                                                     -4.234781744878742,
                                                     53.102723107597967
                                                 ],
                                                 [
                                                     -4.234777244694365,
                                                     53.102688587003257
                                                 ],
                                                 [
                                                     -4.234773225482974,
                                                     53.102660978578989
                                                 ],
                                                 [
                                                     -4.234771958839513,
                                                     53.102636554279144
                                                 ],
                                                 [
                                                     -4.234773846151803,
                                                     53.102604070618924
                                                 ],
                                                 [
                                                     -4.234775443481714,
                                                     53.102568357474787
                                                 ],
                                                 [
                                                     -4.234781038916893,
                                                     53.102538500534159
                                                 ],
                                                 [
                                                     -4.234791993606962,
                                                     53.102512228297549
                                                 ],
                                                 [
                                                     -4.234793597235904,
                                                     53.102490896001335
                                                 ],
                                                 [
                                                     -4.234795274079833,
                                                     53.102473337614541
                                                 ],
                                                 [
                                                     -4.234792530454378,
                                                     53.102453704445033
                                                 ],
                                                 [
                                                     -4.234786191954527,
                                                     53.102433599348707
                                                 ],
                                                 [
                                                     -4.234776642177711,
                                                     53.102420476679001
                                                 ],
                                                 [
                                                     -4.234760186484615,
                                                     53.102409549843784
                                                 ],
                                                 [
                                                     -4.234727144792419,
                                                     53.102385182956553
                                                 ],
                                                 [
                                                     -4.234706794791682,
                                                     53.102368038322318
                                                 ],
                                                 [
                                                     -4.234687138257635,
                                                     53.10234764392974
                                                 ],
                                                 [
                                                     -4.234671106095741,
                                                     53.102328261264113
                                                 ],
                                                 [
                                                     -4.234660252839953,
                                                     53.102306623499125
                                                 ],
                                                 [
                                                     -4.234653886478212,
                                                     53.102285979464511
                                                 ],
                                                 [
                                                     -4.234649079459719,
                                                     53.102262161117956
                                                 ],
                                                 [
                                                     -4.234652074807816,
                                                     53.102234420931254
                                                 ],
                                                 [
                                                     -4.234658559371636,
                                                     53.102205086749258
                                                 ],
                                                 [
                                                     -4.234664442265876,
                                                     53.102183134619708
                                                 ],
                                                 [
                                                     -4.234664339504061,
                                                     53.102164530751935
                                                 ],
                                                 [
                                                     -4.234656497718515,
                                                     53.102148678716375
                                                 ],
                                                 [
                                                     -4.23463990563959,
                                                     53.102135147960936
                                                 ],
                                                 [
                                                     -4.234617290875,
                                                     53.102126584523155
                                                 ],
                                                 [
                                                     -4.234593279802298,
                                                     53.102124339149775
                                                 ],
                                                 [
                                                     -4.234568545790973,
                                                     53.102124803725502
                                                 ],
                                                 [
                                                     -4.234542336321972,
                                                     53.102130060294343
                                                 ],
                                                 [
                                                     -4.234524197915589,
                                                     53.102138939649507
                                                 ],
                                                 [
                                                     -4.234500014785132,
                                                     53.102149999546235
                                                 ],
                                                 [
                                                     -4.234472390326504,
                                                     53.102161214881065
                                                 ],
                                                 [
                                                     -4.234444525547124,
                                                     53.102170186994499
                                                 ],
                                                 [
                                                     -4.234412180039299,
                                                     53.102178255154492
                                                 ],
                                                 [
                                                     -4.234379041371505,
                                                     53.102185259292376
                                                 ],
                                                 [
                                                     -4.234335144765994,
                                                     53.10219147646351
                                                 ],
                                                 [
                                                     -4.23428678605945,
                                                     53.102197148953479
                                                 ],
                                                 [
                                                     -4.23424556409894,
                                                     53.102202686496483
                                                 ],
                                                 [
                                                     -4.234210188677767,
                                                     53.102206946309117
                                                 ],
                                                 [
                                                     -4.234176823163649,
                                                     53.102207213263412
                                                 ],
                                                 [
                                                     -4.234150215019415,
                                                     53.10220717349209
                                                 ],
                                                 [
                                                     -4.234123619032132,
                                                     53.102204976566391
                                                 ],
                                                 [
                                                     -4.234098611808763,
                                                     53.102200143333953
                                                 ],
                                                 [
                                                     -4.234077171501162,
                                                     53.102195243114572
                                                 ],
                                                 [
                                                     -4.234053746856529,
                                                     53.102187682880164
                                                 ],
                                                 [
                                                     -4.234031977532267,
                                                     53.102176407080968
                                                 ],
                                                 [
                                                     -4.234017216491931,
                                                     53.102164909766536
                                                 ],
                                                 [
                                                     -4.234004098563529,
                                                     53.102151853140725
                                                 ],
                                                 [
                                                     -4.233996955224598,
                                                     53.102132842027686
                                                 ],
                                                 [
                                                     -4.233990755346647,
                                                     53.102115431562382
                                                 ],
                                                 [
                                                     -4.23398129109813,
                                                     53.102103923790878
                                                 ],
                                                 [
                                                     -4.233963279601983,
                                                     53.102096262790873
                                                 ],
                                                 [
                                                     -4.233933731182486,
                                                     53.102089356978226
                                                 ],
                                                 [
                                                     -4.233900763202493,
                                                     53.102083054822771
                                                 ],
                                                 [
                                                     -4.233859539953738,
                                                     53.102074301200467
                                                 ],
                                                 [
                                                     -4.233823889505902,
                                                     53.102068498937669
                                                 ],
                                                 [
                                                     -4.233791061237237,
                                                     53.102064891402648
                                                 ],
                                                 [
                                                     -4.233752014636152,
                                                     53.102062478624035
                                                 ],
                                                 [
                                                     -4.233719757517993,
                                                     53.102055623616906
                                                 ],
                                                 [
                                                     -4.23367859623112,
                                                     53.102045700849388
                                                 ],
                                                 [
                                                     -4.233647995923004,
                                                     53.102035129340756
                                                 ],
                                                 [
                                                     -4.233619850085957,
                                                     53.102019658447489
                                                 ],
                                                 [
                                                     -4.233597212426092,
                                                     53.101994017908048
                                                 ],
                                                 [
                                                     -4.233577432315598,
                                                     53.101968862271178
                                                 ],
                                                 [
                                                     -4.233560141166914,
                                                     53.101944199357362
                                                 ],
                                                 [
                                                     -4.23354039052676,
                                                     53.101919582615992
                                                 ],
                                                 [
                                                     -4.233523139493165,
                                                     53.10189330057954
                                                 ],
                                                 [
                                                     -4.233515649174836,
                                                     53.101869982113264
                                                 ],
                                                 [
                                                     -4.233516092904188,
                                                     53.101842918328124
                                                 ],
                                                 [
                                                     -4.233520840636901,
                                                     53.10181568472948
                                                 ],
                                                 [
                                                     -4.233527512087613,
                                                     53.101789942570605
                                                 ],
                                                 [
                                                     -4.233532562317094,
                                                     53.101768545587298
                                                 ],
                                                 [
                                                     -4.233533389179817,
                                                     53.101748845358998
                                                 ],
                                                 [
                                                     -4.233529690614748,
                                                     53.101729769546353
                                                 ],
                                                 [
                                                     -4.233516925018098,
                                                     53.101704482208334
                                                 ],
                                                 [
                                                     -4.233495607793945,
                                                     53.101668659826018
                                                 ],
                                                 [
                                                     -4.233472846092863,
                                                     53.101638257307691
                                                 ],
                                                 [
                                                     -4.233442589355725,
                                                     53.101601074287863
                                                 ],
                                                 [
                                                     -4.23341750357131,
                                                     53.101578085241499
                                                 ],
                                                 [
                                                     -4.233381923583399,
                                                     53.101557001470447
                                                 ],
                                                 [
                                                     -4.233343782052803,
                                                     53.101536415321384
                                                 ],
                                                 [
                                                     -4.233313515997422,
                                                     53.101515681319619
                                                 ],
                                                 [
                                                     -4.233283032732261,
                                                     53.101490726557877
                                                 ],
                                                 [
                                                     -4.233244381185411,
                                                     53.101462689292248
                                                 ],
                                                 [
                                                     -4.233206855763028,
                                                     53.101437327250125
                                                 ],
                                                 [
                                                     -4.233175784581124,
                                                     53.101417687237017
                                                 ],
                                                 [
                                                     -4.233154099612348,
                                                     53.10140802716267
                                                 ],
                                                 [
                                                     -4.233119118644489,
                                                     53.101398526751417
                                                 ],
                                                 [
                                                     -4.233082404786163,
                                                     53.101391216676063
                                                 ],
                                                 [
                                                     -4.233050300070359,
                                                     53.101384898085762
                                                 ],
                                                 [
                                                     -4.233025633415106,
                                                     53.10136999111473
                                                 ],
                                                 [
                                                     -4.233014278358815,
                                                     53.10135528292939
                                                 ],
                                                 [
                                                     -4.23300882995053,
                                                     53.101335701390234
                                                 ],
                                                 [
                                                     -4.233010597241785,
                                                     53.101317511070619
                                                 ],
                                                 [
                                                     -4.23301122139558,
                                                     53.101296287095316
                                                 ],
                                                 [
                                                     -4.233009341279688,
                                                     53.101276637680705
                                                 ],
                                                 [
                                                     -4.23300353460223,
                                                     53.101250141661261
                                                 ],
                                                 [
                                                     -4.232990904388074,
                                                     53.101227458193208
                                                 ],
                                                 [
                                                     -4.232976460670426,
                                                     53.101205438126385
                                                 ],
                                                 [
                                                     -4.232954943736416,
                                                     53.101182382898365
                                                 ],
                                                 [
                                                     -4.232932843371294,
                                                     53.101164731366474
                                                 ],
                                                 [
                                                     -4.232904288904487,
                                                     53.101141357773379
                                                 ],
                                                 [
                                                     -4.232869375223636,
                                                     53.10111648606258
                                                 ],
                                                 [
                                                     -4.232836430413631,
                                                     53.101096341673781
                                                 ],
                                                 [
                                                     -4.232793642940511,
                                                     53.101071617719391
                                                 ],
                                                 [
                                                     -4.232762376803835,
                                                     53.101048205975694
                                                 ],
                                                 [
                                                     -4.232737211150865,
                                                     53.101023690732497
                                                 ],
                                                 [
                                                     -4.232709938646467,
                                                     53.100991754365005
                                                 ],
                                                 [
                                                     -4.232689896099073,
                                                     53.100963907135494
                                                 ],
                                                 [
                                                     -4.232674425531225,
                                                     53.100938670474825
                                                 ],
                                                 [
                                                     -4.232660906603114,
                                                     53.100915465095753
                                                 ],
                                                 [
                                                     -4.232653543917799,
                                                     53.100892233191843
                                                 ],
                                                 [
                                                     -4.232656608851121,
                                                     53.100868177128817
                                                 ],
                                                 [
                                                     -4.232662670775861,
                                                     53.100847299751514
                                                 ],
                                                 [
                                                     -4.232666612200491,
                                                     53.100821160228101
                                                 ],
                                                 [
                                                     -4.2326709690847,
                                                     53.100803011223363
                                                 ],
                                                 [
                                                     -4.232682461098415,
                                                     53.10078472921159
                                                 ],
                                                 [
                                                     -4.232693104527053,
                                                     53.100769069589802
                                                 ],
                                                 [
                                                     -4.232698406263265,
                                                     53.100752521215824
                                                 ],
                                                 [
                                                     -4.232696577509309,
                                                     53.100733859832573
                                                 ],
                                                 [
                                                     -4.23269190983408,
                                                     53.10071273517152
                                                 ],
                                                 [
                                                     -4.232681920593136,
                                                     53.100691081017217
                                                 ],
                                                 [
                                                     -4.232672328197448,
                                                     53.100674722254851
                                                 ],
                                                 [
                                                     -4.232658517512132,
                                                     53.100664914315395
                                                 ],
                                                 [
                                                     -4.232628858646516,
                                                     53.100655853339596
                                                 ],
                                                 [
                                                     -4.23259485733215,
                                                     53.100648582122325
                                                 ],
                                                 [
                                                     -4.232557679918476,
                                                     53.100646583429679
                                                 ],
                                                 [
                                                     -4.23251857733216,
                                                     53.100643092397775
                                                 ],
                                                 [
                                                     -4.232484734202494,
                                                     53.100638874191922
                                                 ],
                                                 [
                                                     -4.232444497586792,
                                                     53.100630101576208
                                                 ],
                                                 [
                                                     -4.232397163057604,
                                                     53.100619843773806
                                                 ],
                                                 [
                                                     -4.232361186908721,
                                                     53.10060775535397
                                                 ],
                                                 [
                                                     -4.232337321603109,
                                                     53.100591665287638
                                                 ],
                                                 [
                                                     -4.232322957488907,
                                                     53.100571171206234
                                                 ],
                                                 [
                                                     -4.232318550257133,
                                                     53.10055264811016
                                                 ],
                                                 [
                                                     -4.232320920216259,
                                                     53.100531840925896
                                                 ],
                                                 [
                                                     -4.232333163238133,
                                                     53.100511387036789
                                                 ],
                                                 [
                                                     -4.232350701413213,
                                                     53.100490924594084
                                                 ],
                                                 [
                                                     -4.232371731942654,
                                                     53.100471294808202
                                                 ],
                                                 [
                                                     -4.232382324230153,
                                                     53.100454647173066
                                                 ],
                                                 [
                                                     -4.232392927263053,
                                                     53.100435842415315
                                                 ],
                                                 [
                                                     -4.232398280258736,
                                                     53.10042028209304
                                                 ],
                                                 [
                                                     -4.232405426639829,
                                                     53.100403699117379
                                                 ],
                                                 [
                                                     -4.232416181701842,
                                                     53.100390194344733
                                                 ],
                                                 [
                                                     -4.232443503241583,
                                                     53.100373142869024
                                                 ],
                                                 [
                                                     -4.232463799649206,
                                                     53.10035361764988
                                                 ],
                                                 [
                                                     -4.232480515497942,
                                                     53.100336315639169
                                                 ],
                                                 [
                                                     -4.232491976395677,
                                                     53.100317404864228
                                                 ],
                                                 [
                                                     -4.232494368359521,
                                                     53.100304146931741
                                                 ],
                                                 [
                                                     -4.232487185579997,
                                                     53.100281990550606
                                                 ],
                                                 [
                                                     -4.232473703006218,
                                                     53.100240448400328
                                                 ],
                                                 [
                                                     -4.232466450454857,
                                                     53.100216944690231
                                                 ],
                                                 [
                                                     -4.232463865943368,
                                                     53.100195601110265
                                                 ],
                                                 [
                                                     -4.232469740680918,
                                                     53.100178232810443
                                                 ],
                                                 [
                                                     -4.232479476468009,
                                                     53.100161692045923
                                                 ],
                                                 [
                                                     -4.232497549020695,
                                                     53.100146791219842
                                                 ],
                                                 [
                                                     -4.232523917989105,
                                                     53.100130386963144
                                                 ],
                                                 [
                                                     -4.232545159330342,
                                                     53.100117224846791
                                                 ],
                                                 [
                                                     -4.232557969390095,
                                                     53.100102963121486
                                                 ],
                                                 [
                                                     -4.232566274175574,
                                                     53.100087347396041
                                                 ],
                                                 [
                                                     -4.232576126141232,
                                                     53.100073050372856
                                                 ],
                                                 [
                                                     -4.232588239292313,
                                                     53.100059610005587
                                                 ],
                                                 [
                                                     -4.232602119758646,
                                                     53.100049373199354
                                                 ],
                                                 [
                                                     -4.232606796086523,
                                                     53.100037420131812
                                                 ],
                                                 [
                                                     -4.232600826545834,
                                                     53.100024409921723
                                                 ],
                                                 [
                                                     -4.232588914711005,
                                                     53.100013217703072
                                                 ],
                                                 [
                                                     -4.232565781071907,
                                                     53.100004124167633
                                                 ],
                                                 [
                                                     -4.23253666485264,
                                                     53.099996041988859
                                                 ],
                                                 [
                                                     -4.2325008723785,
                                                     53.099992219110348
                                                 ],
                                                 [
                                                     -4.232476355886925,
                                                     53.099984949690686
                                                 ],
                                                 [
                                                     -4.232446310260312,
                                                     53.0999731995555
                                                 ],
                                                 [
                                                     -4.232413648501048,
                                                     53.099956104855828
                                                 ],
                                                 [
                                                     -4.232387440634151,
                                                     53.099944732235826
                                                 ],
                                                 [
                                                     -4.232366454880064,
                                                     53.099931912982122
                                                 ],
                                                 [
                                                     -4.232338177462013,
                                                     53.099911501060774
                                                 ],
                                                 [
                                                     -4.232308521790582,
                                                     53.099893002187358
                                                 ],
                                                 [
                                                     -4.232281290111374,
                                                     53.099878502834891
                                                 ],
                                                 [
                                                     -4.232249889591543,
                                                     53.0998691148124
                                                 ],
                                                 [
                                                     -4.232215576133161,
                                                     53.099862927358878
                                                 ],
                                                 [
                                                     -4.232187959270815,
                                                     53.099855266508456
                                                 ],
                                                 [
                                                     -4.232167187576183,
                                                     53.099846578124719
                                                 ],
                                                 [
                                                     -4.232150445191949,
                                                     53.099830083749062
                                                 ],
                                                 [
                                                     -4.232137140581957,
                                                     53.099806244926768
                                                 ],
                                                 [
                                                     -4.232125428177955,
                                                     53.099784623058184
                                                 ],
                                                 [
                                                     -4.232114714924581,
                                                     53.09976801555495
                                                 ],
                                                 [
                                                     -4.232105624737738,
                                                     53.09975182714367
                                                 ],
                                                 [
                                                     -4.232101770847933,
                                                     53.099736889122894
                                                 ],
                                                 [
                                                     -4.232100803492417,
                                                     53.099718211568238
                                                 ],
                                                 [
                                                     -4.232099219826273,
                                                     53.099701882315365
                                                 ],
                                                 [
                                                     -4.232095540981176,
                                                     53.099687930010496
                                                 ],
                                                 [
                                                     -4.232086559464004,
                                                     53.099676233217238
                                                 ],
                                                 [
                                                     -4.232049945639758,
                                                     53.099654180355898
                                                 ],
                                                 [
                                                     -4.232014832486959,
                                                     53.099632547974849
                                                 ],
                                                 [
                                                     -4.231992942555007,
                                                     53.099618936438574
                                                 ],
                                                 [
                                                     -4.231970799845408,
                                                     53.099598049698535
                                                 ],
                                                 [
                                                     -4.231959065817507,
                                                     53.099575978674125
                                                 ],
                                                 [
                                                     -4.231950958711939,
                                                     53.099550244136935
                                                 ],
                                                 [
                                                     -4.231945544555082,
                                                     53.09951942596313
                                                 ],
                                                 [
                                                     -4.231940576831676,
                                                     53.099497227992693
                                                 ],
                                                 [
                                                     -4.231930631816168,
                                                     53.099478808776787
                                                 ],
                                                 [
                                                     -4.231908885473171,
                                                     53.099453689759343
                                                 ],
                                                 [
                                                     -4.231872401422616,
                                                     53.099419859011398
                                                 ],
                                                 [
                                                     -4.23184777772662,
                                                     53.099396232510031
                                                 ],
                                                 [
                                                     -4.231829990033295,
                                                     53.099373825496599
                                                 ],
                                                 [
                                                     -4.231819730568442,
                                                     53.099351726795582
                                                 ],
                                                 [
                                                     -4.231807840067981,
                                                     53.099324265942421
                                                 ],
                                                 [
                                                     -4.231803587888737,
                                                     53.099301604997073
                                                 ],
                                                 [
                                                     -4.231802796749853,
                                                     53.099272048725602
                                                 ],
                                                 [
                                                     -4.23180760277937,
                                                     53.099248318756182
                                                 ],
                                                 [
                                                     -4.23181145622892,
                                                     53.099220472635054
                                                 ],
                                                 [
                                                     -4.231808948030134,
                                                     53.099200566155432
                                                 ],
                                                 [
                                                     -4.231801287483207,
                                                     53.099183451809935
                                                 ],
                                                 [
                                                     -4.231786160955657,
                                                     53.099169624345059
                                                 ],
                                                 [
                                                     -4.231761384626774,
                                                     53.099157325644185
                                                 ],
                                                 [
                                                     -4.231735344770877,
                                                     53.099149184663254
                                                 ],
                                                 [
                                                     -4.231693403224616,
                                                     53.099143141061717
                                                 ],
                                                 [
                                                     -4.231647058828471,
                                                     53.099137718593241
                                                 ],
                                                 [
                                                     -4.2316174386112,
                                                     53.099134139307267
                                                 ],
                                                 [
                                                     -4.231587770397124,
                                                     53.099129661822992
                                                 ],
                                                 [
                                                     -4.23156404291818,
                                                     53.099123366419526
                                                 ],
                                                 [
                                                     -4.23154307342685,
                                                     53.099113243093974
                                                 ],
                                                 [
                                                     -4.231525232281549,
                                                     53.099104050084527
                                                 ],
                                                 [
                                                     -4.231508659315299,
                                                     53.099088451534506
                                                 ],
                                                 [
                                                     -4.231487248176864,
                                                     53.099069797813591
                                                 ],
                                                 [
                                                     -4.231466594360541,
                                                     53.099051489520157
                                                 ],
                                                 [
                                                     -4.23144313137418,
                                                     53.099036020198923
                                                 ],
                                                 [
                                                     -4.231415239187296,
                                                     53.099020633951056
                                                 ],
                                                 [
                                                     -4.231387201397371,
                                                     53.099004800882113
                                                 ],
                                                 [
                                                     -4.231363905833902,
                                                     53.098992564234827
                                                 ],
                                                 [
                                                     -4.231347971058259,
                                                     53.098977403238457
                                                 ],
                                                 [
                                                     -4.231329853766296,
                                                     53.09894862148365
                                                 ],
                                                 [
                                                     -4.231306628487676,
                                                     53.098906811496029
                                                 ],
                                                 [
                                                     -4.231287327717491,
                                                     53.098869422454086
                                                 ],
                                                 [
                                                     -4.231268918096231,
                                                     53.098849274752119
                                                 ],
                                                 [
                                                     -4.231239788457186,
                                                     53.098826630832228
                                                 ],
                                                 [
                                                     -4.23121232535691,
                                                     53.098807641024287
                                                 ],
                                                 [
                                                     -4.231197206762563,
                                                     53.098791565609403
                                                 ],
                                                 [
                                                     -4.231175382665805,
                                                     53.098779212318703
                                                 ],
                                                 [
                                                     -4.231145321126951,
                                                     53.098767102524448
                                                 ],
                                                 [
                                                     -4.231112806420339,
                                                     53.098750454263907
                                                 ],
                                                 [
                                                     -4.231078524678304,
                                                     53.098730604203368
                                                 ],
                                                 [
                                                     -4.23104358011386,
                                                     53.098712204210514
                                                 ],
                                                 [
                                                     -4.231005693222578,
                                                     53.098696465851951
                                                 ],
                                                 [
                                                     -4.230981683979866,
                                                     53.098684692061035
                                                 ],
                                                 [
                                                     -4.230963149440349,
                                                     53.098676411063749
                                                 ],
                                                 [
                                                     -4.23098111364495,
                                                     53.098666546507928
                                                 ],
                                                 [
                                                     -4.231033754697568,
                                                     53.098627088988458
                                                 ],
                                                 [
                                                     -4.231126292899686,
                                                     53.098558929553519
                                                 ],
                                                 [
                                                     -4.23115809100467,
                                                     53.098540356760566
                                                 ],
                                                 [
                                                     -4.231281223861425,
                                                     53.098466050833167
                                                 ],
                                                 [
                                                     -4.231101038860498,
                                                     53.098332806994982
                                                 ],
                                                 [
                                                     -4.23100660194233,
                                                     53.098261952159618
                                                 ],
                                                 [
                                                     -4.230992253512477,
                                                     53.098251255925035
                                                 ],
                                                 [
                                                     -4.230858188124895,
                                                     53.098157144693317
                                                 ],
                                                 [
                                                     -4.230794564376794,
                                                     53.09811528388326
                                                 ],
                                                 [
                                                     -4.230722830348359,
                                                     53.098061890527283
                                                 ],
                                                 [
                                                     -4.230685533750271,
                                                     53.09802420946847
                                                 ],
                                                 [
                                                     -4.230660442081829,
                                                     53.097991512479418
                                                 ],
                                                 [
                                                     -4.230596404098463,
                                                     53.097872629687295
                                                 ],
                                                 [
                                                     -4.230569172217382,
                                                     53.097824782661547
                                                 ],
                                                 [
                                                     -4.230517881737361,
                                                     53.097728490538607
                                                 ],
                                                 [
                                                     -4.230489296496494,
                                                     53.097675905484195
                                                 ],
                                                 [
                                                     -4.230477515664285,
                                                     53.097643408433711
                                                 ],
                                                 [
                                                     -4.230480457101083,
                                                     53.097571716386206
                                                 ],
                                                 [
                                                     -4.23048190037793,
                                                     53.09756629657619
                                                 ],
                                                 [
                                                     -4.230465529123365,
                                                     53.097504584205367
                                                 ],
                                                 [
                                                     -4.230442669439893,
                                                     53.097462677289784
                                                 ],
                                                 [
                                                     -4.230409175438974,
                                                     53.097417555000959
                                                 ],
                                                 [
                                                     -4.230366594127566,
                                                     53.097363434141968
                                                 ],
                                                 [
                                                     -4.230322650215891,
                                                     53.097321024304001
                                                 ],
                                                 [
                                                     -4.23024557691088,
                                                     53.097266741769673
                                                 ],
                                                 [
                                                     -4.23015550168674,
                                                     53.097220612234963
                                                 ],
                                                 [
                                                     -4.230133889231323,
                                                     53.097212298904353
                                                 ],
                                                 [
                                                     -4.23011696286412,
                                                     53.097196976518568
                                                 ],
                                                 [
                                                     -4.230106085416069,
                                                     53.09718909040609
                                                 ],
                                                 [
                                                     -4.230084472940211,
                                                     53.097176012782299
                                                 ],
                                                 [
                                                     -4.230082856224203,
                                                     53.097173346714456
                                                 ],
                                                 [
                                                     -4.23007718520681,
                                                     53.097166083171778
                                                 ],
                                                 [
                                                     -4.230104669777027,
                                                     53.097135546387101
                                                 ],
                                                 [
                                                     -4.23010157721629,
                                                     53.097132907985937
                                                 ],
                                                 [
                                                     -4.230079407263772,
                                                     53.097109055312664
                                                 ],
                                                 [
                                                     -4.230141752306053,
                                                     53.097045327804786
                                                 ],
                                                 [
                                                     -4.230240746269279,
                                                     53.096973452537831
                                                 ],
                                                 [
                                                     -4.230332150359087,
                                                     53.096909629687069
                                                 ],
                                                 [
                                                     -4.230419438003901,
                                                     53.096851906056166
                                                 ],
                                                 [
                                                     -4.230446493369435,
                                                     53.096839263758888
                                                 ],
                                                 [
                                                     -4.230461494696198,
                                                     53.096843566963578
                                                 ],
                                                 [
                                                     -4.23049118557456,
                                                     53.096817573184751
                                                 ],
                                                 [
                                                     -4.230551617245579,
                                                     53.096764487907173
                                                 ],
                                                 [
                                                     -4.230586201205738,
                                                     53.096711706535075
                                                 ],
                                                 [
                                                     -4.230637258485657,
                                                     53.096629764421216
                                                 ],
                                                 [
                                                     -4.230751030167152,
                                                     53.096460357788601
                                                 ],
                                                 [
                                                     -4.230788483147863,
                                                     53.09640590508657
                                                 ],
                                                 [
                                                     -4.230877986557649,
                                                     53.096410069875056
                                                 ],
                                                 [
                                                     -4.230984166567681,
                                                     53.096412842040408
                                                 ],
                                                 [
                                                     -4.231084170906764,
                                                     53.096415281286497
                                                 ],
                                                 [
                                                     -4.231183869918524,
                                                     53.096411793069763
                                                 ],
                                                 [
                                                     -4.231517362492998,
                                                     53.096399695521256
                                                 ],
                                                 [
                                                     -4.232019538276877,
                                                     53.096384432249486
                                                 ],
                                                 [
                                                     -4.232432406403574,
                                                     53.096383066878268
                                                 ],
                                                 [
                                                     -4.23267276132065,
                                                     53.096382241536396
                                                 ],
                                                 [
                                                     -4.232816907771073,
                                                     53.09638331140637
                                                 ],
                                                 [
                                                     -4.232982156551554,
                                                     53.096382816182285
                                                 ],
                                                 [
                                                     -4.23311730550843,
                                                     53.096381357299784
                                                 ],
                                                 [
                                                     -4.233279359973395,
                                                     53.096385775822526
                                                 ],
                                                 [
                                                     -4.233406868846922,
                                                     53.096391381248054
                                                 ],
                                                 [
                                                     -4.233544356978848,
                                                     53.096399406541167
                                                 ],
                                                 [
                                                     -4.233683567192169,
                                                     53.09640739934121
                                                 ],
                                                 [
                                                     -4.23385803691459,
                                                     53.096413740883577
                                                 ],
                                                 [
                                                     -4.233954389625805,
                                                     53.096414627921149
                                                 ],
                                                 [
                                                     -4.234025997320101,
                                                     53.09641328320027
                                                 ],
                                                 [
                                                     -4.234073443870825,
                                                     53.096409156345352
                                                 ],
                                                 [
                                                     -4.234095981001593,
                                                     53.096399654969964
                                                 ],
                                                 [
                                                     -4.234115621871069,
                                                     53.096386522603709
                                                 ],
                                                 [
                                                     -4.23412958494866,
                                                     53.096366036198098
                                                 ],
                                                 [
                                                     -4.23413474452109,
                                                     53.096346794033337
                                                 ],
                                                 [
                                                     -4.234139905581385,
                                                     53.096327551840339
                                                 ],
                                                 [
                                                     -4.234136529777806,
                                                     53.096295707359459
                                                 ],
                                                 [
                                                     -4.234173977597581,
                                                     53.096298239007375
                                                 ],
                                                 [
                                                     -4.234262845617581,
                                                     53.096297289255901
                                                 ],
                                                 [
                                                     -4.234504091375253,
                                                     53.096306510611733
                                                 ],
                                                 [
                                                     -4.234666098295254,
                                                     53.096317130074354
                                                 ],
                                                 [
                                                     -4.234839912885231,
                                                     53.096325099947656
                                                 ],
                                                 [
                                                     -4.235030255758418,
                                                     53.096335904962785
                                                 ],
                                                 [
                                                     -4.235051607233767,
                                                     53.096346290224034
                                                 ],
                                                 [
                                                     -4.235085748176094,
                                                     53.09634205331114
                                                 ],
                                                 [
                                                     -4.235177896720439,
                                                     53.096333131027251
                                                 ],
                                                 [
                                                     -4.235228571834331,
                                                     53.096329482503563
                                                 ],
                                                 [
                                                     -4.235292578815294,
                                                     53.096326482545813
                                                 ],
                                                 [
                                                     -4.235356850835652,
                                                     53.096326173951091
                                                 ],
                                                 [
                                                     -4.235419568232596,
                                                     53.096326792727851
                                                 ],
                                                 [
                                                     -4.235442007170013,
                                                     53.096327270167031
                                                 ],
                                                 [
                                                     -4.235528856300313,
                                                     53.096330131796627
                                                 ],
                                                 [
                                                     -4.235540837715732,
                                                     53.096330805734056
                                                 ],
                                                 [
                                                     -4.235606694541764,
                                                     53.096334960886082
                                                 ],
                                                 [
                                                     -4.235671337698302,
                                                     53.096341836087497
                                                 ],
                                                 [
                                                     -4.235708897450986,
                                                     53.096346522971153
                                                 ],
                                                 [
                                                     -4.235806594172757,
                                                     53.096359067852759
                                                 ],
                                                 [
                                                     -4.235872854434234,
                                                     53.096368608930852
                                                 ],
                                                 [
                                                     -4.23596778446738,
                                                     53.096384801150755
                                                 ],
                                                 [
                                                     -4.235987410060639,
                                                     53.096388027743984
                                                 ],
                                                 [
                                                     -4.236035660360492,
                                                     53.096397008149992
                                                 ],
                                                 [
                                                     -4.236064143832627,
                                                     53.096400068235724
                                                 ],
                                                 [
                                                     -4.236092706057406,
                                                     53.096402227741969
                                                 ],
                                                 [
                                                     -4.236151041229596,
                                                     53.09640382759757
                                                 ],
                                                 [
                                                     -4.23618827348234,
                                                     53.096402228637871
                                                 ],
                                                 [
                                                     -4.23621504824207,
                                                     53.096400827143057
                                                 ],
                                                 [
                                                     -4.236250712964312,
                                                     53.096397459444859
                                                 ],
                                                 [
                                                     -4.236286236474388,
                                                     53.096391398911301
                                                 ],
                                                 [
                                                     -4.236312993777334,
                                                     53.096387300445159
                                                 ],
                                                 [
                                                     -4.23641642622488,
                                                     53.096365582279461
                                                 ],
                                                 [
                                                     -4.236422285853991,
                                                     53.096364573029199
                                                 ],
                                                 [
                                                     -4.236463837907245,
                                                     53.096358399108539
                                                 ],
                                                 [
                                                     -4.236490612582409,
                                                     53.096356996653881
                                                 ],
                                                 [
                                                     -4.236508622612974,
                                                     53.096357557155557
                                                 ],
                                                 [
                                                     -4.236519126697507,
                                                     53.096358257869618
                                                 ],
                                                 [
                                                     -4.236538504160666,
                                                     53.096359062386377
                                                 ],
                                                 [
                                                     -4.236578981071808,
                                                     53.096360638136737
                                                 ],
                                                 [
                                                     -4.236731645382962,
                                                     53.096366845966081
                                                 ],
                                                 [
                                                     -4.236765893259089,
                                                     53.096393167613329
                                                 ],
                                                 [
                                                     -4.236781247200905,
                                                     53.096401867150121
                                                 ],
                                                 [
                                                     -4.236805348358099,
                                                     53.096405907650535
                                                 ],
                                                 [
                                                     -4.236847694091644,
                                                     53.096414998750113
                                                 ],
                                                 [
                                                     -4.236880886157159,
                                                     53.096423362861913
                                                 ],
                                                 [
                                                     -4.236953454947393,
                                                     53.096438177476237
                                                 ],
                                                 [
                                                     -4.236980728329709,
                                                     53.096417890883629
                                                 ],
                                                 [
                                                     -4.237084116128141,
                                                     53.096343140897318
                                                 ],
                                                 [
                                                     -4.237206739523782,
                                                     53.096256972930526
                                                 ],
                                                 [
                                                     -4.237340812497226,
                                                     53.096161242530506
                                                 ],
                                                 [
                                                     -4.237368472704333,
                                                     53.096141307308088
                                                 ],
                                                 [
                                                     -4.237410913878707,
                                                     53.096111926033821
                                                 ],
                                                 [
                                                     -4.237442327560045,
                                                     53.096090752277355
                                                 ],
                                                 [
                                                     -4.237337582836836,
                                                     53.096001760176094
                                                 ],
                                                 [
                                                     -4.237283066280832,
                                                     53.095959821427151
                                                 ],
                                                 [
                                                     -4.237237940083847,
                                                     53.095925615373424
                                                 ],
                                                 [
                                                     -4.23720387873947,
                                                     53.095902885824707
                                                 ],
                                                 [
                                                     -4.237155936272906,
                                                     53.095871340072435
                                                 ],
                                                 [
                                                     -4.23707130894485,
                                                     53.095823494912153
                                                 ],
                                                 [
                                                     -4.237059048039185,
                                                     53.095817433627893
                                                 ],
                                                 [
                                                     -4.236970738106583,
                                                     53.095767411715094
                                                 ],
                                                 [
                                                     -4.236846387921291,
                                                     53.095711145300072
                                                 ],
                                                 [
                                                     -4.236907228415519,
                                                     53.09563998265228
                                                 ],
                                                 [
                                                     -4.236947024744595,
                                                     53.095602381418516
                                                 ],
                                                 [
                                                     -4.236988841628297,
                                                     53.095572833110367
                                                 ],
                                                 [
                                                     -4.237054288413212,
                                                     53.095538255057498
                                                 ],
                                                 [
                                                     -4.237071073586286,
                                                     53.095531827379837
                                                 ],
                                                 [
                                                     -4.237145015206441,
                                                     53.09549484269656
                                                 ],
                                                 [
                                                     -4.237644096160731,
                                                     53.095287353557296
                                                 ],
                                                 [
                                                     -4.237754190921794,
                                                     53.09523512763284
                                                 ],
                                                 [
                                                     -4.237998669857629,
                                                     53.095114577896553
                                                 ],
                                                 [
                                                     -4.238191395474864,
                                                     53.095017203576084
                                                 ],
                                                 [
                                                     -4.238423014297918,
                                                     53.094902828015854
                                                 ],
                                                 [
                                                     -4.238660254416158,
                                                     53.094787627832332
                                                 ],
                                                 [
                                                     -4.238885172694411,
                                                     53.094632030847329
                                                 ],
                                                 [
                                                     -4.239134730250379,
                                                     53.094474261368902
                                                 ],
                                                 [
                                                     -4.239137943436335,
                                                     53.094474470616113
                                                 ],
                                                 [
                                                     -4.2391767444424,
                                                     53.094474639363845
                                                 ],
                                                 [
                                                     -4.239182768097721,
                                                     53.094474436071046
                                                 ],
                                                 [
                                                     -4.239284008591376,
                                                     53.094469923900562
                                                 ],
                                                 [
                                                     -4.239286665607245,
                                                     53.094461784743473
                                                 ],
                                                 [
                                                     -4.239292150214697,
                                                     53.094453591460677
                                                 ],
                                                 [
                                                     -4.239293534174131,
                                                     53.094451768121694
                                                 ],
                                                 [
                                                     -4.239294480176708,
                                                     53.094451031039561
                                                 ],
                                                 [
                                                     -4.239302142269812,
                                                     53.094444415135044
                                                 ],
                                                 [
                                                     -4.239312226106145,
                                                     53.094437034368177
                                                 ],
                                                 [
                                                     -4.239323880499215,
                                                     53.094431422222321
                                                 ],
                                                 [
                                                     -4.239343038946178,
                                                     53.094425668816051
                                                 ],
                                                 [
                                                     -4.239377037971307,
                                                     53.094418736944782
                                                 ],
                                                 [
                                                     -4.239382849107803,
                                                     53.094416829365244
                                                 ],
                                                 [
                                                     -4.239425922736596,
                                                     53.094411524838797
                                                 ],
                                                 [
                                                     -4.239468948150189,
                                                     53.094405321212001
                                                 ],
                                                 [
                                                     -4.239498396062972,
                                                     53.094398474982555
                                                 ],
                                                 [
                                                     -4.239509349123159,
                                                     53.094379393218752
                                                 ],
                                                 [
                                                     -4.239522022466801,
                                                     53.094345987980397
                                                 ],
                                                 [
                                                     -4.239481676957524,
                                                     53.094335062899709
                                                 ],
                                                 [
                                                     -4.239402039691965,
                                                     53.094316877345058
                                                 ],
                                                 [
                                                     -4.239313776246075,
                                                     53.094300922033227
                                                 ],
                                                 [
                                                     -4.239216394794301,
                                                     53.094282530918093
                                                 ],
                                                 [
                                                     -4.23913151114041,
                                                     53.094262916379122
                                                 ],
                                                 [
                                                     -4.239063367285249,
                                                     53.094245503264972
                                                 ],
                                                 [
                                                     -4.238996132163,
                                                     53.094226634459332
                                                 ],
                                                 [
                                                     -4.238905137076102,
                                                     53.094193651985393
                                                 ],
                                                 [
                                                     -4.238737582052545,
                                                     53.094132988650351
                                                 ],
                                                 [
                                                     -4.238624588373876,
                                                     53.094086667433743
                                                 ],
                                                 [
                                                     -4.238547841411735,
                                                     53.094052967015472
                                                 ],
                                                 [
                                                     -4.238454339308022,
                                                     53.094023896579422
                                                 ],
                                                 [
                                                     -4.238348811192638,
                                                     53.094000355205658
                                                 ],
                                                 [
                                                     -4.238205974632782,
                                                     53.093972212850041
                                                 ],
                                                 [
                                                     -4.238095486661756,
                                                     53.093955146335368
                                                 ],
                                                 [
                                                     -4.237963766166924,
                                                     53.093939468168493
                                                 ],
                                                 [
                                                     -4.237848594743371,
                                                     53.093934174148181
                                                 ],
                                                 [
                                                     -4.237776202941432,
                                                     53.09393454695411
                                                 ],
                                                 [
                                                     -4.237663920737027,
                                                     53.093918502794722
                                                 ],
                                                 [
                                                     -4.237514679228674,
                                                     53.09390216470603
                                                 ],
                                                 [
                                                     -4.237351111101243,
                                                     53.093885017871017
                                                 ],
                                                 [
                                                     -4.237184306231169,
                                                     53.093874312545935
                                                 ],
                                                 [
                                                     -4.237094030612052,
                                                     53.093871786329224
                                                 ],
                                                 [
                                                     -4.23698788455365,
                                                     53.093869557585052
                                                 ],
                                                 [
                                                     -4.236849817966573,
                                                     53.093866850957404
                                                 ],
                                                 [
                                                     -4.236743835006838,
                                                     53.093867764854629
                                                 ],
                                                 [
                                                     -4.236774193451462,
                                                     53.093781175119489
                                                 ],
                                                 [
                                                     -4.236830041306156,
                                                     53.09363523258736
                                                 ],
                                                 [
                                                     -4.236988334468611,
                                                     53.093211421184897
                                                 ],
                                                 [
                                                     -4.237085083907794,
                                                     53.09299226403369
                                                 ],
                                                 [
                                                     -4.237155134212192,
                                                     53.092858997570737
                                                 ],
                                                 [
                                                     -4.237608211202064,
                                                     53.092285377959321
                                                 ],
                                                 [
                                                     -4.23768568223072,
                                                     53.092162307537478
                                                 ],
                                                 [
                                                     -4.237760707626648,
                                                     53.092046654731256
                                                 ],
                                                 [
                                                     -4.237782848680872,
                                                     53.092012980761261
                                                 ],
                                                 [
                                                     -4.237832325753081,
                                                     53.091972141946684
                                                 ],
                                                 [
                                                     -4.237924178257224,
                                                     53.09184619433438
                                                 ],
                                                 [
                                                     -4.237966243425858,
                                                     53.091783563316625
                                                 ],
                                                 [
                                                     -4.238002546232451,
                                                     53.091726163727571
                                                 ],
                                                 [
                                                     -4.238056810317587,
                                                     53.091642360585993
                                                 ],
                                                 [
                                                     -4.238080567064404,
                                                     53.091606589141477
                                                 ],
                                                 [
                                                     -4.238084952666601,
                                                     53.091600934048422
                                                 ],
                                                 [
                                                     -4.238090764978019,
                                                     53.091599026506486
                                                 ],
                                                 [
                                                     -4.238107435743133,
                                                     53.091602308328824
                                                 ],
                                                 [
                                                     -4.238136973707444,
                                                     53.091597258013266
                                                 ],
                                                 [
                                                     -4.238165130141616,
                                                     53.091532372045627
                                                 ],
                                                 [
                                                     -4.238185334081633,
                                                     53.09140210977035
                                                 ],
                                                 [
                                                     -4.2382069710183,
                                                     53.091218789297123
                                                 ],
                                                 [
                                                     -4.23823738795396,
                                                     53.091031439307748
                                                 ],
                                                 [
                                                     -4.238241405163361,
                                                     53.091018690099126
                                                 ],
                                                 [
                                                     -4.23824830450174,
                                                     53.090992673582775
                                                 ],
                                                 [
                                                     -4.238253552899688,
                                                     53.090972801066471
                                                 ],
                                                 [
                                                     -4.238254270731837,
                                                     53.090970000369978
                                                 ],
                                                 [
                                                     -4.238270729337881,
                                                     53.09091701909081
                                                 ],
                                                 [
                                                     -4.238507676099568,
                                                     53.090317531327024
                                                 ],
                                                 [
                                                     -4.238533118131567,
                                                     53.090266807603506
                                                 ],
                                                 [
                                                     -4.238808379958506,
                                                     53.0903033326544
                                                 ],
                                                 [
                                                     -4.238965284199981,
                                                     53.090325187293743
                                                 ],
                                                 [
                                                     -4.238992208976258,
                                                     53.090326748427188
                                                 ],
                                                 [
                                                     -4.239017462225062,
                                                     53.090324564823298
                                                 ],
                                                 [
                                                     -4.23905759012748,
                                                     53.090305293574353
                                                 ],
                                                 [
                                                     -4.239074333112249,
                                                     53.090300484752724
                                                 ],
                                                 [
                                                     -4.239126300320548,
                                                     53.090283956739
                                                 ],
                                                 [
                                                     -4.239173869344789,
                                                     53.090315508712585
                                                 ],
                                                 [
                                                     -4.239251482853428,
                                                     53.090347035456219
                                                 ],
                                                 [
                                                     -4.239403225244706,
                                                     53.090376177641311
                                                 ],
                                                 [
                                                     -4.239562153943989,
                                                     53.090406172441689
                                                 ],
                                                 [
                                                     -4.239793911963827,
                                                     53.090444324347843
                                                 ],
                                                 [
                                                     -4.239969988866173,
                                                     53.090465457028486
                                                 ],
                                                 [
                                                     -4.240050120821947,
                                                     53.090476711616354
                                                 ],
                                                 [
                                                     -4.240073940548246,
                                                     53.0904350962508
                                                 ],
                                                 [
                                                     -4.240089182228586,
                                                     53.090413237269324
                                                 ],
                                                 [
                                                     -4.240144244622396,
                                                     53.090304609381306
                                                 ],
                                                 [
                                                     -4.240176966478847,
                                                     53.090273163230286
                                                 ],
                                                 [
                                                     -4.240218966019472,
                                                     53.090228329262985
                                                 ],
                                                 [
                                                     -4.240225899066203,
                                                     53.090219570091129
                                                 ],
                                                 [
                                                     -4.240245806826793,
                                                     53.090202206793641
                                                 ],
                                                 [
                                                     -4.24025895204971,
                                                     53.090194498549742
                                                 ],
                                                 [
                                                     -4.240273568244297,
                                                     53.090186673591134
                                                 ],
                                                 [
                                                     -4.24027945131578,
                                                     53.090183776502606
                                                 ],
                                                 [
                                                     -4.240303114191924,
                                                     53.090174701350897
                                                 ],
                                                 [
                                                     -4.240311771636161,
                                                     53.090170673996425
                                                 ],
                                                 [
                                                     -4.24032183564866,
                                                     53.090162933865578
                                                 ],
                                                 [
                                                     -4.240328905011671,
                                                     53.090154441848242
                                                 ],
                                                 [
                                                     -4.240335678338857,
                                                     53.090144966402534
                                                 ],
                                                 [
                                                     -4.240342620637354,
                                                     53.090136385968933
                                                 ],
                                                 [
                                                     -4.240345335364091,
                                                     53.090131751259705
                                                 ],
                                                 [
                                                     -4.240376180803782,
                                                     53.090102137679459
                                                 ],
                                                 [
                                                     -4.240406074614728,
                                                     53.090075508124905
                                                 ],
                                                 [
                                                     -4.240448490193206,
                                                     53.090043429774127
                                                 ],
                                                 [
                                                     -4.240534849591467,
                                                     53.089980233243743
                                                 ],
                                                 [
                                                     -4.240616928798781,
                                                     53.089922330216929
                                                 ],
                                                 [
                                                     -4.240670739049183,
                                                     53.089886801313455
                                                 ],
                                                 [
                                                     -4.240691448212146,
                                                     53.089868254919054
                                                 ],
                                                 [
                                                     -4.240710741935446,
                                                     53.089848566360963
                                                 ],
                                                 [
                                                     -4.240722474050564,
                                                     53.08983737911457
                                                 ],
                                                 [
                                                     -4.240744705436164,
                                                     53.089819703130445
                                                 ],
                                                 [
                                                     -4.24077492422695,
                                                     53.089806460262189
                                                 ],
                                                 [
                                                     -4.240785515277065,
                                                     53.089801766183051
                                                 ],
                                                 [
                                                     -4.240852926649449,
                                                     53.089769666369484
                                                 ],
                                                 [
                                                     -4.240859018454976,
                                                     53.089766046043906
                                                 ],
                                                 [
                                                     -4.240869443957658,
                                                     53.089755782490535
                                                 ],
                                                 [
                                                     -4.240878199050486,
                                                     53.089746539407273
                                                 ],
                                                 [
                                                     -4.240898807352549,
                                                     53.089721343376993
                                                 ],
                                                 [
                                                     -4.240919371654064,
                                                     53.08970001337731
                                                 ],
                                                 [
                                                     -4.240935642736016,
                                                     53.089686134127184
                                                 ],
                                                 [
                                                     -4.240955281667368,
                                                     53.089673090522304
                                                 ],
                                                 [
                                                     -4.240976240187416,
                                                     53.089661730333063
                                                 ],
                                                 [
                                                     -4.240980893740049,
                                                     53.089658856371614
                                                 ],
                                                 [
                                                     -4.241003230958242,
                                                     53.089650345507017
                                                 ],
                                                 [
                                                     -4.241027338105345,
                                                     53.089642700387685
                                                 ],
                                                 [
                                                     -4.241076012784343,
                                                     53.08962919964879
                                                 ],
                                                 [
                                                     -4.241085028236341,
                                                     53.089627322418188
                                                 ],
                                                 [
                                                     -4.241175643313656,
                                                     53.089598650462321
                                                 ],
                                                 [
                                                     -4.241198081937278,
                                                     53.089587351357082
                                                 ],
                                                 [
                                                     -4.241219125339151,
                                                     53.089575270249419
                                                 ],
                                                 [
                                                     -4.241238395613139,
                                                     53.089562233542374
                                                 ],
                                                 [
                                                     -4.241248720996178,
                                                     53.089554758133538
                                                 ],
                                                 [
                                                     -4.241281733094166,
                                                     53.089531305436267
                                                 ],
                                                 [
                                                     -4.241303867015027,
                                                     53.089509406336418
                                                 ],
                                                 [
                                                     -4.241325503197761,
                                                     53.089508728940103
                                                 ],
                                                 [
                                                     -4.241302466578781,
                                                     53.08948246798915
                                                 ],
                                                 [
                                                     -4.241262797578565,
                                                     53.089437104475351
                                                 ],
                                                 [
                                                     -4.241289634133444,
                                                     53.089422757275145
                                                 ],
                                                 [
                                                     -4.241313148258666,
                                                     53.089403708369616
                                                 ],
                                                 [
                                                     -4.241251567083082,
                                                     53.08937502682835
                                                 ],
                                                 [
                                                     -4.241173336827461,
                                                     53.089333986206206
                                                 ],
                                                 [
                                                     -4.241084369354516,
                                                     53.089287754157844
                                                 ],
                                                 [
                                                     -4.241002526410889,
                                                     53.089243545648692
                                                 ],
                                                 [
                                                     -4.240915117688774,
                                                     53.089194138179693
                                                 ],
                                                 [
                                                     -4.240836786380998,
                                                     53.089148784491172
                                                 ],
                                                 [
                                                     -4.240753205710051,
                                                     53.089106675566548
                                                 ],
                                                 [
                                                     -4.240678942875061,
                                                     53.089070862747036
                                                 ],
                                                 [
                                                     -4.240613356642114,
                                                     53.089033807535564
                                                 ],
                                                 [
                                                     -4.240574987117302,
                                                     53.089011070200179
                                                 ],
                                                 [
                                                     -4.240528165169311,
                                                     53.088993885723774
                                                 ],
                                                 [
                                                     -4.240459910324376,
                                                     53.08897180116071
                                                 ],
                                                 [
                                                     -4.240395262370835,
                                                     53.088952795455036
                                                 ],
                                                 [
                                                     -4.240317757936996,
                                                     53.088923335327614
                                                 ],
                                                 [
                                                     -4.240232955728326,
                                                     53.088890866659213
                                                 ],
                                                 [
                                                     -4.24015518087413,
                                                     53.088856197673614
                                                 ],
                                                 [
                                                     -4.24010044872722,
                                                     53.088824241532102
                                                 ],
                                                 [
                                                     -4.240060196134142,
                                                     53.088798393565192
                                                 ],
                                                 [
                                                     -4.2400010829156,
                                                     53.088748452585797
                                                 ],
                                                 [
                                                     -4.239958332819925,
                                                     53.088707731149682
                                                 ],
                                                 [
                                                     -4.239912240972834,
                                                     53.088671387377353
                                                 ],
                                                 [
                                                     -4.23986079811148,
                                                     53.088633976423552
                                                 ],
                                                 [
                                                     -4.239789316304009,
                                                     53.088585346253879
                                                 ],
                                                 [
                                                     -4.239714376256778,
                                                     53.088538849971783
                                                 ],
                                                 [
                                                     -4.239627357608493,
                                                     53.088496894912652
                                                 ],
                                                 [
                                                     -4.239574804472406,
                                                     53.088471278378506
                                                 ],
                                                 [
                                                     -4.239512838670567,
                                                     53.088435143411651
                                                 ],
                                                 [
                                                     -4.239456110608875,
                                                     53.088397920801349
                                                 ],
                                                 [
                                                     -4.239471852505783,
                                                     53.088378569036131
                                                 ],
                                                 [
                                                     -4.239527182002445,
                                                     53.088277486956812
                                                 ],
                                                 [
                                                     -4.239560647013578,
                                                     53.088250880275588
                                                 ],
                                                 [
                                                     -4.239558067641322,
                                                     53.088201223322315
                                                 ],
                                                 [
                                                     -4.239575253369824,
                                                     53.088178878246893
                                                 ],
                                                 [
                                                     -4.239576256714657,
                                                     53.088122322522594
                                                 ],
                                                 [
                                                     -4.239581676795726,
                                                     53.088091570358081
                                                 ],
                                                 [
                                                     -4.239598202202097,
                                                     53.088073102916347
                                                 ],
                                                 [
                                                     -4.239681675467884,
                                                     53.088070542266202
                                                 ],
                                                 [
                                                     -4.239971697870399,
                                                     53.088059598550686
                                                 ],
                                                 [
                                                     -4.240270802490789,
                                                     53.088036258093325
                                                 ],
                                                 [
                                                     -4.240298249738006,
                                                     53.08803367414594
                                                 ],
                                                 [
                                                     -4.240360230557732,
                                                     53.088034573819847
                                                 ],
                                                 [
                                                     -4.240420358139125,
                                                     53.088042429594132
                                                 ],
                                                 [
                                                     -4.240457396375838,
                                                     53.088037238310669
                                                 ],
                                                 [
                                                     -4.240526859546109,
                                                     53.088023346226379
                                                 ],
                                                 [
                                                     -4.240614793419209,
                                                     53.088002364772898
                                                 ],
                                                 [
                                                     -4.240658771317795,
                                                     53.088005131859298
                                                 ],
                                                 [
                                                     -4.240709818943697,
                                                     53.088034910311691
                                                 ],
                                                 [
                                                     -4.240798662666786,
                                                     53.088043303874556
                                                 ],
                                                 [
                                                     -4.240831015268689,
                                                     53.088042694415094
                                                 ],
                                                 [
                                                     -4.240920231108265,
                                                     53.088034542037406
                                                 ],
                                                 [
                                                     -4.240955951110607,
                                                     53.088039531601702
                                                 ],
                                                 [
                                                     -4.24099980594789,
                                                     53.088051738674025
                                                 ],
                                                 [
                                                     -4.241049527814671,
                                                     53.088053678126848
                                                 ],
                                                 [
                                                     -4.241157082621829,
                                                     53.088050124183432
                                                 ],
                                                 [
                                                     -4.241173552998967,
                                                     53.088049544137021
                                                 ],
                                                 [
                                                     -4.241227676148402,
                                                     53.088043760086528
                                                 ],
                                                 [
                                                     -4.241314863391524,
                                                     53.088034477710309
                                                 ],
                                                 [
                                                     -4.24137156326299,
                                                     53.087964558492779
                                                 ],
                                                 [
                                                     -4.241428546150326,
                                                     53.087947485380504
                                                 ],
                                                 [
                                                     -4.241493201716455,
                                                     53.087940603648185
                                                 ],
                                                 [
                                                     -4.241554168134149,
                                                     53.087952757797176
                                                 ],
                                                 [
                                                     -4.241776787616564,
                                                     53.087985864117819
                                                 ],
                                                 [
                                                     -4.242051829888775,
                                                     53.088027869289952
                                                 ],
                                                 [
                                                     -4.242233774724914,
                                                     53.088069651641362
                                                 ],
                                                 [
                                                     -4.242260682131781,
                                                     53.088080379519951
                                                 ],
                                                 [
                                                     -4.242327345673562,
                                                     53.08810024620805
                                                 ],
                                                 [
                                                     -4.242425381278814,
                                                     53.088117273714204
                                                 ],
                                                 [
                                                     -4.242557288176403,
                                                     53.088127370716407
                                                 ],
                                                 [
                                                     -4.242672298766153,
                                                     53.088132212643501
                                                 ],
                                                 [
                                                     -4.242694463945941,
                                                     53.088132244294258
                                                 ],
                                                 [
                                                     -4.242730633647794,
                                                     53.088138753309956
                                                 ],
                                                 [
                                                     -4.242746481811365,
                                                     53.088154633713131
                                                 ],
                                                 [
                                                     -4.242810483594328,
                                                     53.088177785260818
                                                 ],
                                                 [
                                                     -4.242852416312083,
                                                     53.088148321593359
                                                 ],
                                                 [
                                                     -4.242869806374727,
                                                     53.088137028341428
                                                 ],
                                                 [
                                                     -4.242947084580945,
                                                     53.088086404220526
                                                 ],
                                                 [
                                                     -4.243049437742204,
                                                     53.088157999473644
                                                 ],
                                                 [
                                                     -4.243102409049148,
                                                     53.088106395946575
                                                 ],
                                                 [
                                                     -4.243085059553823,
                                                     53.088092431999463
                                                 ],
                                                 [
                                                     -4.24335132488761,
                                                     53.087814254028892
                                                 ],
                                                 [
                                                     -4.243350386963386,
                                                     53.087810406509192
                                                 ],
                                                 [
                                                     -4.243350327081463,
                                                     53.087806902068039
                                                 ],
                                                 [
                                                     -4.244314756639496,
                                                     53.087964342374072
                                                 ],
                                                 [
                                                     -4.244356105412245,
                                                     53.087966258604574
                                                 ],
                                                 [
                                                     -4.244354903443925,
                                                     53.087964483992373
                                                 ],
                                                 [
                                                     -4.244815228297602,
                                                     53.087279781690519
                                                 ],
                                                 [
                                                     -4.244848421285596,
                                                     53.087248055573767
                                                 ],
                                                 [
                                                     -4.244851210129929,
                                                     53.087244857008557
                                                 ],
                                                 [
                                                     -4.245086726307963,
                                                     53.086899033737872
                                                 ],
                                                 [
                                                     -4.245112499342603,
                                                     53.086861964005543
                                                 ],
                                                 [
                                                     -4.245342931811857,
                                                     53.086529718959
                                                 ],
                                                 [
                                                     -4.245343834675368,
                                                     53.086530510202799
                                                 ],
                                                 [
                                                     -4.245348314020157,
                                                     53.086531414653457
                                                 ],
                                                 [
                                                     -4.245358768332338,
                                                     53.086533554061056
                                                 ],
                                                 [
                                                     -4.245663824252557,
                                                     53.086596376455645
                                                 ],
                                                 [
                                                     -4.245910214628776,
                                                     53.08668169973712
                                                 ],
                                                 [
                                                     -4.245968302970643,
                                                     53.086678804756168
                                                 ],
                                                 [
                                                     -4.246130637460097,
                                                     53.086670346726116
                                                 ],
                                                 [
                                                     -4.246823272006266,
                                                     53.086635693669479
                                                 ],
                                                 [
                                                     -4.247389354279401,
                                                     53.086696007542869
                                                 ],
                                                 [
                                                     -4.248599008580807,
                                                     53.086895250274296
                                                 ],
                                                 [
                                                     -4.249478979287993,
                                                     53.08704579555387
                                                 ],
                                                 [
                                                     -4.249931026104707,
                                                     53.087124434011947
                                                 ],
                                                 [
                                                     -4.249927582169376,
                                                     53.087143374774655
                                                 ],
                                                 [
                                                     -4.250053956172851,
                                                     53.087191409257258
                                                 ],
                                                 [
                                                     -4.250156140797252,
                                                     53.087202958239587
                                                 ],
                                                 [
                                                     -4.250328884678743,
                                                     53.087250025345142
                                                 ],
                                                 [
                                                     -4.25071574434767,
                                                     53.087223830385973
                                                 ],
                                                 [
                                                     -4.251031975255542,
                                                     53.087302337163372
                                                 ],
                                                 [
                                                     -4.25137631728617,
                                                     53.087346155285942
                                                 ],
                                                 [
                                                     -4.251574396283835,
                                                     53.087366675376515
                                                 ],
                                                 [
                                                     -4.252085322558566,
                                                     53.087455065743548
                                                 ],
                                                 [
                                                     -4.252377033579003,
                                                     53.087464823466995
                                                 ],
                                                 [
                                                     -4.252603554045314,
                                                     53.087513565389678
                                                 ],
                                                 [
                                                     -4.252992674295695,
                                                     53.087556530868419
                                                 ],
                                                 [
                                                     -4.253040252266978,
                                                     53.087439679525772
                                                 ],
                                                 [
                                                     -4.25315541519575,
                                                     53.08729898695524
                                                 ],
                                                 [
                                                     -4.253192212602094,
                                                     53.087232673868044
                                                 ],
                                                 [
                                                     -4.253397985978822,
                                                     53.087226079469708
                                                 ],
                                                 [
                                                     -4.253503332334468,
                                                     53.087213298171221
                                                 ],
                                                 [
                                                     -4.253587417641984,
                                                     53.08722249071122
                                                 ],
                                                 [
                                                     -4.253806855135577,
                                                     53.087192267407872
                                                 ],
                                                 [
                                                     -4.253908220863527,
                                                     53.087216412446502
                                                 ],
                                                 [
                                                     -4.254032555924375,
                                                     53.087253605899228
                                                 ],
                                                 [
                                                     -4.254273421484086,
                                                     53.087232862149833
                                                 ],
                                                 [
                                                     -4.254748441862128,
                                                     53.08715015991546
                                                 ],
                                                 [
                                                     -4.254748559204714,
                                                     53.087150147801118
                                                 ],
                                                 [
                                                     -4.255007120124894,
                                                     53.087126374337331
                                                 ],
                                                 [
                                                     -4.255066732316801,
                                                     53.087124346018513
                                                 ],
                                                 [
                                                     -4.255169595051433,
                                                     53.08712059769455
                                                 ],
                                                 [
                                                     -4.255378996915824,
                                                     53.087098650915813
                                                 ],
                                                 [
                                                     -4.255515433533753,
                                                     53.08716707187348
                                                 ],
                                                 [
                                                     -4.255688577909737,
                                                     53.087193450708405
                                                 ],
                                                 [
                                                     -4.255826586724463,
                                                     53.087233078489028
                                                 ],
                                                 [
                                                     -4.255939836969937,
                                                     53.087286659429004
                                                 ],
                                                 [
                                                     -4.256255789280367,
                                                     53.087444345648464
                                                 ],
                                                 [
                                                     -4.256382611053061,
                                                     53.087441940015374
                                                 ],
                                                 [
                                                     -4.256419533984155,
                                                     53.087462811648805
                                                 ],
                                                 [
                                                     -4.256454847093093,
                                                     53.087568204656179
                                                 ],
                                                 [
                                                     -4.256460632077571,
                                                     53.087678742293697
                                                 ],
                                                 [
                                                     -4.256563099934086,
                                                     53.08769567410264
                                                 ],
                                                 [
                                                     -4.256686264937917,
                                                     53.087679854663094
                                                 ],
                                                 [
                                                     -4.256786853055174,
                                                     53.087691429157346
                                                 ],
                                                 [
                                                     -4.256931596830566,
                                                     53.087744410754979
                                                 ],
                                                 [
                                                     -4.257011931165287,
                                                     53.087768953111301
                                                 ],
                                                 [
                                                     -4.257100429031619,
                                                     53.087775363063223
                                                 ],
                                                 [
                                                     -4.257273182506371,
                                                     53.087822419974628
                                                 ],
                                                 [
                                                     -4.257479362206991,
                                                     53.087882325131204
                                                 ],
                                                 [
                                                     -4.257977697629379,
                                                     53.087986210329134
                                                 ],
                                                 [
                                                     -4.258298280737497,
                                                     53.088062817116096
                                                 ],
                                                 [
                                                     -4.258520617919404,
                                                     53.088116121849971
                                                 ],
                                                 [
                                                     -4.258582735508155,
                                                     53.087962139912541
                                                 ],
                                                 [
                                                     -4.258698798653502,
                                                     53.087726147400176
                                                 ],
                                                 [
                                                     -4.258861165243125,
                                                     53.087405683673246
                                                 ],
                                                 [
                                                     -4.258939559485388,
                                                     53.087306221184299
                                                 ],
                                                 [
                                                     -4.259109349231013,
                                                     53.08718156362513
                                                 ],
                                                 [
                                                     -4.259120058437642,
                                                     53.08718855121613
                                                 ],
                                                 [
                                                     -4.259402202754143,
                                                     53.087384622558993
                                                 ],
                                                 [
                                                     -4.259587579149905,
                                                     53.087503343479185
                                                 ],
                                                 [
                                                     -4.259772718925377,
                                                     53.087587013695128
                                                 ],
                                                 [
                                                     -4.260046239872201,
                                                     53.087677184414915
                                                 ],
                                                 [
                                                     -4.260322002094092,
                                                     53.087753739145839
                                                 ],
                                                 [
                                                     -4.260487397291246,
                                                     53.087803627632859
                                                 ],
                                                 [
                                                     -4.260660201479093,
                                                     53.087851576889044
                                                 ],
                                                 [
                                                     -4.260782880159663,
                                                     53.087885199329946
                                                 ],
                                                 [
                                                     -4.261081157879601,
                                                     53.087876833468819
                                                 ],
                                                 [
                                                     -4.261582182444504,
                                                     53.087862814047021
                                                 ],
                                                 [
                                                     -4.261782351492742,
                                                     53.087833840551625
                                                 ],
                                                 [
                                                     -4.261822482066247,
                                                     53.087831280184972
                                                 ],
                                                 [
                                                     -4.262053564483524,
                                                     53.087795426525439
                                                 ],
                                                 [
                                                     -4.262118050007127,
                                                     53.087942599019392
                                                 ],
                                                 [
                                                     -4.262266977592422,
                                                     53.087934373034926
                                                 ],
                                                 [
                                                     -4.262352715150317,
                                                     53.087974988316979
                                                 ],
                                                 [
                                                     -4.262464985733271,
                                                     53.088009705188341
                                                 ],
                                                 [
                                                     -4.262663663167647,
                                                     53.08800862252933
                                                 ],
                                                 [
                                                     -4.2628213055097,
                                                     53.087997534584069
                                                 ],
                                                 [
                                                     -4.263031085835761,
                                                     53.087982757221795
                                                 ],
                                                 [
                                                     -4.263113838929315,
                                                     53.087994665692236
                                                 ],
                                                 [
                                                     -4.263217645574524,
                                                     53.088008869926206
                                                 ],
                                                 [
                                                     -4.263305861909387,
                                                     53.0880098878363
                                                 ],
                                                 [
                                                     -4.263583054294345,
                                                     53.088197953572461
                                                 ],
                                                 [
                                                     -4.263849188548694,
                                                     53.088489596656849
                                                 ],
                                                 [
                                                     -4.263957845198033,
                                                     53.08848123678932
                                                 ],
                                                 [
                                                     -4.264084065374018,
                                                     53.088439195868666
                                                 ],
                                                 [
                                                     -4.26423633765422,
                                                     53.088410230800143
                                                 ],
                                                 [
                                                     -4.264362406981633,
                                                     53.088393449021559
                                                 ],
                                                 [
                                                     -4.264426825626717,
                                                     53.088398514613758
                                                 ],
                                                 [
                                                     -4.264535467027346,
                                                     53.0884180193612
                                                 ],
                                                 [
                                                     -4.264728765957532,
                                                     53.088403552780868
                                                 ],
                                                 [
                                                     -4.264870110633914,
                                                     53.088419737280319
                                                 ],
                                                 [
                                                     -4.265408213145139,
                                                     53.088572270367848
                                                 ],
                                                 [
                                                     -4.265526043225681,
                                                     53.088597890211432
                                                 ],
                                                 [
                                                     -4.265663938513002,
                                                     53.088351588318282
                                                 ],
                                                 [
                                                     -4.265666607913546,
                                                     53.088346144680976
                                                 ],
                                                 [
                                                     -4.265699922901481,
                                                     53.08835449841078
                                                 ],
                                                 [
                                                     -4.265746787347447,
                                                     53.088365290441786
                                                 ],
                                                 [
                                                     -4.265787929258527,
                                                     53.088295295964436
                                                 ],
                                                 [
                                                     -4.265800253271671,
                                                     53.088274388241146
                                                 ],
                                                 [
                                                     -4.266417028462375,
                                                     53.088358813849425
                                                 ],
                                                 [
                                                     -4.26649530940269,
                                                     53.088369906090307
                                                 ],
                                                 [
                                                     -4.266525950451485,
                                                     53.088186857363027
                                                 ],
                                                 [
                                                     -4.26679814053178,
                                                     53.088195153529838
                                                 ],
                                                 [
                                                     -4.267074006025012,
                                                     53.088242927683538
                                                 ],
                                                 [
                                                     -4.267261823209821,
                                                     53.088236651538409
                                                 ],
                                                 [
                                                     -4.267275098600379,
                                                     53.088318193117878
                                                 ],
                                                 [
                                                     -4.267398949800778,
                                                     53.088572990818122
                                                 ],
                                                 [
                                                     -4.267599300275539,
                                                     53.08860602390677
                                                 ],
                                                 [
                                                     -4.267840461288759,
                                                     53.088675131764575
                                                 ],
                                                 [
                                                     -4.268021003852197,
                                                     53.08870135259648
                                                 ],
                                                 [
                                                     -4.268055773029915,
                                                     53.088594624753
                                                 ],
                                                 [
                                                     -4.268220188055571,
                                                     53.088625645583434
                                                 ],
                                                 [
                                                     -4.268239690016594,
                                                     53.088628869204875
                                                 ],
                                                 [
                                                     -4.268479291510967,
                                                     53.088668343339769
                                                 ],
                                                 [
                                                     -4.268507866404939,
                                                     53.08867319118891
                                                 ],
                                                 [
                                                     -4.268756177005381,
                                                     53.088679241904728
                                                 ],
                                                 [
                                                     -4.269242418516718,
                                                     53.088667270414895
                                                 ],
                                                 [
                                                     -4.269336173981433,
                                                     53.088691637486491
                                                 ],
                                                 [
                                                     -4.269485163400833,
                                                     53.088768792334008
                                                 ],
                                                 [
                                                     -4.26978479363102,
                                                     53.088900597883622
                                                 ],
                                                 [
                                                     -4.269826700096565,
                                                     53.088929460413382
                                                 ],
                                                 [
                                                     -4.269981270036603,
                                                     53.089000305277878
                                                 ],
                                                 [
                                                     -4.270128727394197,
                                                     53.089162877820691
                                                 ],
                                                 [
                                                     -4.270188566576033,
                                                     53.089193195287372
                                                 ],
                                                 [
                                                     -4.270389727353185,
                                                     53.089241489338555
                                                 ],
                                                 [
                                                     -4.270519825702575,
                                                     53.089273162005995
                                                 ],
                                                 [
                                                     -4.270604137502204,
                                                     53.089202341789544
                                                 ],
                                                 [
                                                     -4.270822721480428,
                                                     53.089097498800925
                                                 ],
                                                 [
                                                     -4.271043943895694,
                                                     53.088989009528063
                                                 ],
                                                 [
                                                     -4.271519434992614,
                                                     53.088800970940561
                                                 ],
                                                 [
                                                     -4.271701792113821,
                                                     53.08874715327503
                                                 ],
                                                 [
                                                     -4.271896934401176,
                                                     53.088709270433391
                                                 ],
                                                 [
                                                     -4.272054533562579,
                                                     53.088610892777254
                                                 ],
                                                 [
                                                     -4.272222933076705,
                                                     53.088549251699895
                                                 ],
                                                 [
                                                     -4.272399668664709,
                                                     53.088500933129481
                                                 ],
                                                 [
                                                     -4.272491896393078,
                                                     53.088465914402335
                                                 ],
                                                 [
                                                     -4.272579137713677,
                                                     53.0883923403699
                                                 ],
                                                 [
                                                     -4.272677353230339,
                                                     53.088328443996701
                                                 ],
                                                 [
                                                     -4.272747373908124,
                                                     53.088325307955245
                                                 ],
                                                 [
                                                     -4.272771912731437,
                                                     53.088281604985696
                                                 ],
                                                 [
                                                     -4.272827389474873,
                                                     53.088257174683768
                                                 ],
                                                 [
                                                     -4.272944935581483,
                                                     53.088305353742655
                                                 ],
                                                 [
                                                     -4.273025279762609,
                                                     53.088329885172939
                                                 ],
                                                 [
                                                     -4.273335015163118,
                                                     53.088538789756264
                                                 ],
                                                 [
                                                     -4.27359971354695,
                                                     53.08862909728164
                                                 ],
                                                 [
                                                     -4.273670012952025,
                                                     53.08871763838583
                                                 ],
                                                 [
                                                     -4.273827157199197,
                                                     53.088781148181482
                                                 ],
                                                 [
                                                     -4.274035712042416,
                                                     53.088883225452292
                                                 ],
                                                 [
                                                     -4.274196798306475,
                                                     53.088935064613423
                                                 ],
                                                 [
                                                     -4.274466597231607,
                                                     53.089068327923158
                                                 ],
                                                 [
                                                     -4.274656059443582,
                                                     53.089149196188927
                                                 ],
                                                 [
                                                     -4.274820856580047,
                                                     53.089215345559339
                                                 ],
                                                 [
                                                     -4.274939832387265,
                                                     53.089262506328012
                                                 ],
                                                 [
                                                     -4.275354217643177,
                                                     53.089445135782398
                                                 ],
                                                 [
                                                     -4.275406744230335,
                                                     53.089507139954939
                                                 ],
                                                 [
                                                     -4.27541472115769,
                                                     53.089515975668874
                                                 ],
                                                 [
                                                     -4.275509850424445,
                                                     53.08947991008997
                                                 ],
                                                 [
                                                     -4.275631535938945,
                                                     53.08946409931513
                                                 ],
                                                 [
                                                     -4.275751141832596,
                                                     53.089467203910075
                                                 ],
                                                 [
                                                     -4.275891233778182,
                                                     53.089461827224667
                                                 ],
                                                 [
                                                     -4.275943675224284,
                                                     53.089466217557508
                                                 ],
                                                 [
                                                     -4.276037555206659,
                                                     53.089490487994361
                                                 ],
                                                 [
                                                     -4.276149161523486,
                                                     53.089510013573538
                                                 ],
                                                 [
                                                     -4.276308180259683,
                                                     53.089524948141246
                                                 ],
                                                 [
                                                     -4.276375433863175,
                                                     53.089553322446761
                                                 ],
                                                 [
                                                     -4.276475307019126,
                                                     53.089607139167185
                                                 ],
                                                 [
                                                     -4.276569187597467,
                                                     53.0896314091774
                                                 ],
                                                 [
                                                     -4.276728898258618,
                                                     53.089657115551645
                                                 ],
                                                 [
                                                     -4.276864989328134,
                                                     53.089659903504973
                                                 ],
                                                 [
                                                     -4.276987548440499,
                                                     53.089662951232583
                                                 ],
                                                 [
                                                     -4.277099720013502,
                                                     53.089693161702883
                                                 ],
                                                 [
                                                     -4.277151155313727,
                                                     53.089734423092217
                                                 ],
                                                 [
                                                     -4.277235141374063,
                                                     53.089825485552574
                                                 ],
                                                 [
                                                     -4.277348039904235,
                                                     53.089899726105429
                                                 ],
                                                 [
                                                     -4.277559363663455,
                                                     53.089949070486064
                                                 ],
                                                 [
                                                     -4.277682297211705,
                                                     53.089977817414301
                                                 ],
                                                 [
                                                     -4.277707588024771,
                                                     53.090118541360155
                                                 ],
                                                 [
                                                     -4.277778827167652,
                                                     53.090222342323607
                                                 ],
                                                 [
                                                     -4.27799389460036,
                                                     53.090223616683332
                                                 ],
                                                 [
                                                     -4.278108727020433,
                                                     53.090304111399256
                                                 ],
                                                 [
                                                     -4.278211446320463,
                                                     53.090325513554987
                                                 ],
                                                 [
                                                     -4.278391286786616,
                                                     53.090338248379815
                                                 ],
                                                 [
                                                     -4.278548495605794,
                                                     53.090374785867425
                                                 ],
                                                 [
                                                     -4.278766348856222,
                                                     53.090426431527703
                                                 ],
                                                 [
                                                     -4.278948189038648,
                                                     53.090449013716253
                                                 ],
                                                 [
                                                     -4.279095919781527,
                                                     53.090501912285681
                                                 ],
                                                 [
                                                     -4.279180016437586,
                                                     53.090511086602284
                                                 ],
                                                 [
                                                     -4.27939711960149,
                                                     53.090464681482196
                                                 ],
                                                 [
                                                     -4.279564743184871,
                                                     53.090472254936451
                                                 ],
                                                 [
                                                     -4.279701644164077,
                                                     53.090490305260069
                                                 ],
                                                 [
                                                     -4.27989972111068,
                                                     53.09056380918009
                                                 ],
                                                 [
                                                     -4.280110131685491,
                                                     53.090646963773331
                                                 ],
                                                 [
                                                     -4.280431051150859,
                                                     53.090812580608706
                                                 ],
                                                 [
                                                     -4.280632404351103,
                                                     53.091031724298482
                                                 ],
                                                 [
                                                     -4.280703473810076,
                                                     53.091048338319496
                                                 ],
                                                 [
                                                     -4.28081751590447,
                                                     53.091029972405842
                                                 ],
                                                 [
                                                     -4.280982338770031,
                                                     53.090984565916912
                                                 ],
                                                 [
                                                     -4.281067391891247,
                                                     53.090928016074919
                                                 ],
                                                 [
                                                     -4.281136350575233,
                                                     53.090902425159612
                                                 ],
                                                 [
                                                     -4.281223308663596,
                                                     53.090881881828579
                                                 ],
                                                 [
                                                     -4.281303263328065,
                                                     53.090896526893083
                                                 ],
                                                 [
                                                     -4.281284538025937,
                                                     53.090966186908851
                                                 ],
                                                 [
                                                     -4.281304589427004,
                                                     53.09100535201226
                                                 ],
                                                 [
                                                     -4.281384515576762,
                                                     53.091021795772726
                                                 ],
                                                 [
                                                     -4.281519659188016,
                                                     53.091006619982842
                                                 ],
                                                 [
                                                     -4.281704390386954,
                                                     53.090997683892844
                                                 ],
                                                 [
                                                     -4.281872966966125,
                                                     53.091023213357616
                                                 ],
                                                 [
                                                     -4.282338641963531,
                                                     53.091101467059914
                                                 ],
                                                 [
                                                     -4.282580795800929,
                                                     53.091104909858473
                                                 ],
                                                 [
                                                     -4.282826666202159,
                                                     53.091094798817927
                                                 ],
                                                 [
                                                     -4.28304285882989,
                                                     53.091114918218885
                                                 ],
                                                 [
                                                     -4.283338694940812,
                                                     53.091146093198553
                                                 ],
                                                 [
                                                     -4.283706411858128,
                                                     53.091181279385914
                                                 ],
                                                 [
                                                     -4.283952832836805,
                                                     53.091179244662662
                                                 ],
                                                 [
                                                     -4.284044770358097,
                                                     53.09116669376909
                                                 ],
                                                 [
                                                     -4.284593460818948,
                                                     53.091066272022701
                                                 ],
                                                 [
                                                     -4.284875823211686,
                                                     53.091010513385356
                                                 ],
                                                 [
                                                     -4.285028660909432,
                                                     53.090992297317584
                                                 ],
                                                 [
                                                     -4.285186858199458,
                                                     53.090989258321585
                                                 ],
                                                 [
                                                     -4.28528060371577,
                                                     53.0910108277033
                                                 ],
                                                 [
                                                     -4.285333189227668,
                                                     53.091073634771845
                                                 ],
                                                 [
                                                     -4.285529995514557,
                                                     53.09106715715172
                                                 ],
                                                 [
                                                     -4.285637934290147,
                                                     53.091068389195925
                                                 ],
                                                 [
                                                     -4.285882638448461,
                                                     53.091071168473952
                                                 ],
                                                 [
                                                     -4.286078158980981,
                                                     53.091040446099562
                                                 ],
                                                 [
                                                     -4.286322646938704,
                                                     53.091004287628714
                                                 ],
                                                 [
                                                     -4.28651026058704,
                                                     53.090963829088714
                                                 ],
                                                 [
                                                     -4.286602215839483,
                                                     53.09095397137353
                                                 ],
                                                 [
                                                     -4.286857207352319,
                                                     53.090946373055885
                                                 ],
                                                 [
                                                     -4.287024025962981,
                                                     53.091022264358905
                                                 ],
                                                 [
                                                     -4.287103602256757,
                                                     53.091113314899623
                                                 ],
                                                 [
                                                     -4.287462585790469,
                                                     53.09118110689797
                                                 ],
                                                 [
                                                     -4.287710817079466,
                                                     53.091213185558047
                                                 ],
                                                 [
                                                     -4.28794456321157,
                                                     53.091227565664845
                                                 ],
                                                 [
                                                     -4.288248385028418,
                                                     53.09129542636348
                                                 ],
                                                 [
                                                     -4.288355709976996,
                                                     53.091433582120963
                                                 ],
                                                 [
                                                     -4.288406732286921,
                                                     53.091466846472528
                                                 ],
                                                 [
                                                     -4.288477423973341,
                                                     53.091476272125547
                                                 ],
                                                 [
                                                     -4.288831762662765,
                                                     53.09145417443797
                                                 ],
                                                 [
                                                     -4.288870468510178,
                                                     53.091508259624021
                                                 ],
                                                 [
                                                     -4.288839199951255,
                                                     53.09159425170958
                                                 ],
                                                 [
                                                     -4.288845207015181,
                                                     53.091707390626844
                                                 ],
                                                 [
                                                     -4.288870699821049,
                                                     53.091765414570936
                                                 ],
                                                 [
                                                     -4.288946678591774,
                                                     53.09179091756009
                                                 ],
                                                 [
                                                     -4.289218421040228,
                                                     53.091845911060155
                                                 ],
                                                 [
                                                     -4.289492570075117,
                                                     53.091888273790559
                                                 ],
                                                 [
                                                     -4.289730414895287,
                                                     53.091868415537604
                                                 ],
                                                 [
                                                     -4.289976909169281,
                                                     53.091897826538336
                                                 ],
                                                 [
                                                     -4.290070420431945,
                                                     53.091914902074272
                                                 ],
                                                 [
                                                     -4.290326083187137,
                                                     53.09191986727452
                                                 ],
                                                 [
                                                     -4.290553164611884,
                                                     53.091892124487373
                                                 ],
                                                 [
                                                     -4.290809199648322,
                                                     53.091820679349148
                                                 ],
                                                 [
                                                     -4.290897080321717,
                                                     53.091731799146679
                                                 ],
                                                 [
                                                     -4.290959665542982,
                                                     53.091672079328063
                                                 ],
                                                 [
                                                     -4.291139052225871,
                                                     53.091562560804732
                                                 ],
                                                 [
                                                     -4.291282192716332,
                                                     53.091531040526995
                                                 ],
                                                 [
                                                     -4.291463533384453,
                                                     53.091458336280738
                                                 ],
                                                 [
                                                     -4.291620062524381,
                                                     53.091423861268211
                                                 ],
                                                 [
                                                     -4.291775153043363,
                                                     53.091362357966005
                                                 ],
                                                 [
                                                     -4.291941863285188,
                                                     53.091269261778422
                                                 ],
                                                 [
                                                     -4.292132856348853,
                                                     53.091236818447136
                                                 ],
                                                 [
                                                     -4.292320629398153,
                                                     53.091201740449527
                                                 ],
                                                 [
                                                     -4.292372480533188,
                                                     53.091192651996415
                                                 ],
                                                 [
                                                     -4.292425829564741,
                                                     53.0911862301638
                                                 ],
                                                 [
                                                     -4.292598204070935,
                                                     53.091225154233797
                                                 ],
                                                 [
                                                     -4.292733468610744,
                                                     53.091270186148932
                                                 ],
                                                 [
                                                     -4.29283576880068,
                                                     53.091283494596148
                                                 ],
                                                 [
                                                     -4.292848938531813,
                                                     53.091278746131735
                                                 ],
                                                 [
                                                     -4.293060025671507,
                                                     53.091202769632261
                                                 ],
                                                 [
                                                     -4.293349337332682,
                                                     53.091194495797971
                                                 ],
                                                 [
                                                     -4.29351296736299,
                                                     53.091210216752884
                                                 ],
                                                 [
                                                     -4.29368298450025,
                                                     53.091262666761111
                                                 ],
                                                 [
                                                     -4.29378338891468,
                                                     53.091323649925172
                                                 ],
                                                 [
                                                     -4.294020418781008,
                                                     53.091316382607481
                                                 ],
                                                 [
                                                     -4.294323140976234,
                                                     53.091307847784265
                                                 ],
                                                 [
                                                     -4.294505302858158,
                                                     53.091333995584215
                                                 ],
                                                 [
                                                     -4.294896625892735,
                                                     53.091419118110807
                                                 ],
                                                 [
                                                     -4.295048090141454,
                                                     53.091458442062233
                                                 ],
                                                 [
                                                     -4.29516784579415,
                                                     53.091464220702292
                                                 ],
                                                 [
                                                     -4.295226594440479,
                                                     53.091418144572124
                                                 ],
                                                 [
                                                     -4.29525838250026,
                                                     53.09136989312104
                                                 ],
                                                 [
                                                     -4.295301439066737,
                                                     53.091336703587011
                                                 ],
                                                 [
                                                     -4.295384004234514,
                                                     53.091317042909957
                                                 ],
                                                 [
                                                     -4.295641730839831,
                                                     53.091275216941256
                                                 ],
                                                 [
                                                     -4.295848549286672,
                                                     53.091204711551249
                                                 ],
                                                 [
                                                     -4.296254582188582,
                                                     53.091062046454809
                                                 ],
                                                 [
                                                     -4.296456248109865,
                                                     53.090978066585251
                                                 ],
                                                 [
                                                     -4.296845014389444,
                                                     53.090846519322199
                                                 ],
                                                 [
                                                     -4.297163899514587,
                                                     53.090720815826295
                                                 ],
                                                 [
                                                     -4.29733200485083,
                                                     53.09065186191193
                                                 ],
                                                 [
                                                     -4.297438808209933,
                                                     53.09058328616036
                                                 ],
                                                 [
                                                     -4.297471167346919,
                                                     53.090545807806123
                                                 ],
                                                 [
                                                     -4.297401773453307,
                                                     53.090475240456129
                                                 ],
                                                 [
                                                     -4.297316933784372,
                                                     53.090369018010264
                                                 ],
                                                 [
                                                     -4.29738865142234,
                                                     53.090314511154084
                                                 ],
                                                 [
                                                     -4.297544595705236,
                                                     53.090269253008195
                                                 ],
                                                 [
                                                     -4.297636841006954,
                                                     53.090179384254512
                                                 ],
                                                 [
                                                     -4.297754179273928,
                                                     53.09013756883661
                                                 ],
                                                 [
                                                     -4.297886606961231,
                                                     53.090073888706677
                                                 ],
                                                 [
                                                     -4.298007682928279,
                                                     53.089963597899171
                                                 ],
                                                 [
                                                     -4.298071448839118,
                                                     53.089898548492627
                                                 ],
                                                 [
                                                     -4.298094539774403,
                                                     53.089855856186816
                                                 ],
                                                 [
                                                     -4.298051291979037,
                                                     53.089772200213105
                                                 ],
                                                 [
                                                     -4.298039268650617,
                                                     53.089632122820518
                                                 ],
                                                 [
                                                     -4.298055490430406,
                                                     53.089543722408116
                                                 ],
                                                 [
                                                     -4.298196243936967,
                                                     53.089437635755324
                                                 ],
                                                 [
                                                     -4.298365860627435,
                                                     53.089341686978308
                                                 ],
                                                 [
                                                     -4.298420980340237,
                                                     53.089283096359026
                                                 ],
                                                 [
                                                     -4.298510228394157,
                                                     53.089220249828827
                                                 ],
                                                 [
                                                     -4.298698115041404,
                                                     53.089132127574146
                                                 ],
                                                 [
                                                     -4.298849356733951,
                                                     53.088998781589119
                                                 ],
                                                 [
                                                     -4.298938507837151,
                                                     53.088934139288973
                                                 ],
                                                 [
                                                     -4.299075625579829,
                                                     53.08887306444614
                                                 ],
                                                 [
                                                     -4.299209788968185,
                                                     53.088812046546899
                                                 ],
                                                 [
                                                     -4.299316973004423,
                                                     53.088693034501993
                                                 ],
                                                 [
                                                     -4.299501591948978,
                                                     53.088430597298874
                                                 ],
                                                 [
                                                     -4.299706202456807,
                                                     53.088235997322052
                                                 ],
                                                 [
                                                     -4.299795491101137,
                                                     53.088088567540588
                                                 ],
                                                 [
                                                     -4.299852718798935,
                                                     53.087931061833856
                                                 ],
                                                 [
                                                     -4.299924845220929,
                                                     53.08788202820368
                                                 ],
                                                 [
                                                     -4.300233756993094,
                                                     53.087738441492483
                                                 ],
                                                 [
                                                     -4.30043029578448,
                                                     53.087699585452981
                                                 ],
                                                 [
                                                     -4.300628445024865,
                                                     53.087635530197794
                                                 ],
                                                 [
                                                     -4.300830031757277,
                                                     53.087522870843415
                                                 ],
                                                 [
                                                     -4.301232012350269,
                                                     53.087302877075665
                                                 ],
                                                 [
                                                     -4.301545591525541,
                                                     53.087106163768027
                                                 ],
                                                 [
                                                     -4.301884328863969,
                                                     53.086933322194483
                                                 ],
                                                 [
                                                     -4.302123364835675,
                                                     53.086881057014267
                                                 ],
                                                 [
                                                     -4.302180640041562,
                                                     53.086805344342835
                                                 ],
                                                 [
                                                     -4.30224134324301,
                                                     53.086685431818026
                                                 ],
                                                 [
                                                     -4.302269218209426,
                                                     53.086647140663246
                                                 ],
                                                 [
                                                     -4.302313607205868,
                                                     53.086639090443711
                                                 ],
                                                 [
                                                     -4.302497270556784,
                                                     53.086638231765185
                                                 ],
                                                 [
                                                     -4.302801960551272,
                                                     53.086639524425365
                                                 ],
                                                 [
                                                     -4.303086687488401,
                                                     53.086631315376763
                                                 ],
                                                 [
                                                     -4.303335974573018,
                                                     53.086600421478003
                                                 ],
                                                 [
                                                     -4.303485030562089,
                                                     53.086594838584574
                                                 ],
                                                 [
                                                     -4.30369290145788,
                                                     53.086627665373719
                                                 ],
                                                 [
                                                     -4.303865806229317,
                                                     53.086651282498181
                                                 ],
                                                 [
                                                     -4.30405803810772,
                                                     53.086697894547513
                                                 ],
                                                 [
                                                     -4.304117449445245,
                                                     53.086749773844979
                                                 ],
                                                 [
                                                     -4.304117464687843,
                                                     53.086749863460255
                                                 ],
                                                 [
                                                     -4.304159952596353,
                                                     53.086957575339483
                                                 ],
                                                 [
                                                     -4.304172426638761,
                                                     53.087105732847881
                                                 ],
                                                 [
                                                     -4.304308189321162,
                                                     53.087272985235323
                                                 ],
                                                 [
                                                     -4.304397939922381,
                                                     53.087302706209442
                                                 ],
                                                 [
                                                     -4.304570093779242,
                                                     53.087282293301406
                                                 ],
                                                 [
                                                     -4.30461172260493,
                                                     53.087277891226535
                                                 ],
                                                 [
                                                     -4.304781682068413,
                                                     53.08741221162547
                                                 ],
                                                 [
                                                     -4.305004066541184,
                                                     53.087633513146073
                                                 ],
                                                 [
                                                     -4.305060822402263,
                                                     53.087690928886708
                                                 ],
                                                 [
                                                     -4.305132997943071,
                                                     53.087728180043285
                                                 ],
                                                 [
                                                     -4.30536398400798,
                                                     53.087774038990112
                                                 ],
                                                 [
                                                     -4.305417050163165,
                                                     53.087790088999334
                                                 ],
                                                 [
                                                     -4.305556676359497,
                                                     53.087831426309499
                                                 ],
                                                 [
                                                     -4.305652681504874,
                                                     53.087895181241414
                                                 ],
                                                 [
                                                     -4.305882042436413,
                                                     53.088189242716716
                                                 ],
                                                 [
                                                     -4.306001675000106,
                                                     53.088305661197197
                                                 ],
                                                 [
                                                     -4.306092883189737,
                                                     53.088390182813669
                                                 ],
                                                 [
                                                     -4.306193739991231,
                                                     53.088544626850464
                                                 ],
                                                 [
                                                     -4.306258385575454,
                                                     53.088609079216013
                                                 ],
                                                 [
                                                     -4.306378100060509,
                                                     53.088641813285882
                                                 ],
                                                 [
                                                     -4.306554267477632,
                                                     53.088641093754397
                                                 ],
                                                 [
                                                     -4.306790682848098,
                                                     53.088620329758683
                                                 ],
                                                 [
                                                     -4.306911008394358,
                                                     53.088636872038258
                                                 ],
                                                 [
                                                     -4.306995779439064,
                                                     53.0886585984044
                                                 ],
                                                 [
                                                     -4.307207652635386,
                                                     53.088765945718407
                                                 ],
                                                 [
                                                     -4.307424275454969,
                                                     53.088851628282839
                                                 ],
                                                 [
                                                     -4.307619335471376,
                                                     53.088895573305471
                                                 ],
                                                 [
                                                     -4.307728370523622,
                                                     53.088869099399702
                                                 ],
                                                 [
                                                     -4.307821769742818,
                                                     53.088798975068222
                                                 ],
                                                 [
                                                     -4.307923800245678,
                                                     53.088752052750515
                                                 ],
                                                 [
                                                     -4.308011029022316,
                                                     53.088736876362489
                                                 ],
                                                 [
                                                     -4.308143733046642,
                                                     53.088731604968615
                                                 ],
                                                 [
                                                     -4.30827599151189,
                                                     53.088747914321061
                                                 ],
                                                 [
                                                     -4.308342637910015,
                                                     53.088764597715254
                                                 ],
                                                 [
                                                     -4.309052709571227,
                                                     53.089195926385464
                                                 ],
                                                 [
                                                     -4.309209040612652,
                                                     53.089243227134013
                                                 ],
                                                 [
                                                     -4.309535813672473,
                                                     53.089265646237244
                                                 ],
                                                 [
                                                     -4.309716379068319,
                                                     53.089291801740991
                                                 ],
                                                 [
                                                     -4.309954067364409,
                                                     53.089379768030348
                                                 ],
                                                 [
                                                     -4.310239374035933,
                                                     53.089519930010418
                                                 ],
                                                 [
                                                     -4.310378160423608,
                                                     53.089572963728067
                                                 ],
                                                 [
                                                     -4.310582809348023,
                                                     53.089600447464392
                                                 ],
                                                 [
                                                     -4.310732185318289,
                                                     53.089602939509149
                                                 ],
                                                 [
                                                     -4.310925418119956,
                                                     53.089612667697573
                                                 ],
                                                 [
                                                     -4.311081784156853,
                                                     53.08963300023396
                                                 ],
                                                 [
                                                     -4.311162483348196,
                                                     53.089688958921947
                                                 ],
                                                 [
                                                     -4.311224021053736,
                                                     53.08972281850496
                                                 ],
                                                 [
                                                     -4.311448342410016,
                                                     53.089866858989375
                                                 ],
                                                 [
                                                     -4.311912368143342,
                                                     53.090108709785397
                                                 ],
                                                 [
                                                     -4.312089575472155,
                                                     53.090212228563459
                                                 ],
                                                 [
                                                     -4.312242305236971,
                                                     53.090357570102711
                                                 ],
                                                 [
                                                     -4.312357268576011,
                                                     53.090384188542615
                                                 ],
                                                 [
                                                     -4.312645517801202,
                                                     53.090413640010105
                                                 ],
                                                 [
                                                     -4.312992924721539,
                                                     53.090430254792203
                                                 ],
                                                 [
                                                     -4.313177500910928,
                                                     53.090418576316814
                                                 ],
                                                 [
                                                     -4.313342141470163,
                                                     53.090370431780592
                                                 ],
                                                 [
                                                     -4.313483258351495,
                                                     53.09029928503854
                                                 ],
                                                 [
                                                     -4.313592876211403,
                                                     53.090283670018252
                                                 ],
                                                 [
                                                     -4.313747217979802,
                                                     53.090291454553096
                                                 ],
                                                 [
                                                     -4.313973920384917,
                                                     53.090341963917261
                                                 ],
                                                 [
                                                     -4.314107342629216,
                                                     53.090379817367186
                                                 ],
                                                 [
                                                     -4.314342809471318,
                                                     53.090398605871634
                                                 ],
                                                 [
                                                     -4.314485162484181,
                                                     53.090435386034791
                                                 ],
                                                 [
                                                     -4.314600604614147,
                                                     53.090470891462722
                                                 ],
                                                 [
                                                     -4.314681201739547,
                                                     53.090579880912038
                                                 ],
                                                 [
                                                     -4.315082604714766,
                                                     53.090742041851108
                                                 ],
                                                 [
                                                     -4.315227372073518,
                                                     53.090823716007272
                                                 ],
                                                 [
                                                     -4.315329581125329,
                                                     53.090835209609203
                                                 ],
                                                 [
                                                     -4.315486069479763,
                                                     53.09088519556105
                                                 ],
                                                 [
                                                     -4.315561304123564,
                                                     53.090979099305407
                                                 ],
                                                 [
                                                     -4.315620818546378,
                                                     53.091112768134117
                                                 ],
                                                 [
                                                     -4.315596907694923,
                                                     53.09122469049008
                                                 ],
                                                 [
                                                     -4.315579347183134,
                                                     53.091315007758041
                                                 ],
                                                 [
                                                     -4.315612084473962,
                                                     53.091367402493972
                                                 ],
                                                 [
                                                     -4.315746938566404,
                                                     53.091404326257972
                                                 ],
                                                 [
                                                     -4.315856219638318,
                                                     53.0914075924765
                                                 ],
                                                 [
                                                     -4.316007450998906,
                                                     53.091359705323413
                                                 ],
                                                 [
                                                     -4.316250044369227,
                                                     53.091203885026459
                                                 ],
                                                 [
                                                     -4.316475705381007,
                                                     53.091124886393011
                                                 ],
                                                 [
                                                     -4.316525680098998,
                                                     53.091163462192846
                                                 ],
                                                 [
                                                     -4.316567715329511,
                                                     53.09122385567855
                                                 ],
                                                 [
                                                     -4.316665373618035,
                                                     53.091235435868747
                                                 ],
                                                 [
                                                     -4.316755140785904,
                                                     53.091265147316598
                                                 ],
                                                 [
                                                     -4.317010809245032,
                                                     53.091519935768112
                                                 ],
                                                 [
                                                     -4.317123717033905,
                                                     53.091565464640688
                                                 ],
                                                 [
                                                     -4.317322062266607,
                                                     53.091587667731865
                                                 ],
                                                 [
                                                     -4.317549728153383,
                                                     53.091710868683563
                                                 ],
                                                 [
                                                     -4.317832001090777,
                                                     53.091821321284115
                                                 ],
                                                 [
                                                     -4.318031264104802,
                                                     53.09191550223273
                                                 ],
                                                 [
                                                     -4.318204886047396,
                                                     53.092034362252896
                                                 ],
                                                 [
                                                     -4.318373746008175,
                                                     53.092147112794173
                                                 ],
                                                 [
                                                     -4.318751575156067,
                                                     53.092312328410138
                                                 ],
                                                 [
                                                     -4.318942147080401,
                                                     53.09241198111102
                                                 ],
                                                 [
                                                     -4.319059266370479,
                                                     53.09248079657263
                                                 ],
                                                 [
                                                     -4.319225727672956,
                                                     53.092631254502791
                                                 ],
                                                 [
                                                     -4.319332508658308,
                                                     53.092755101531147
                                                 ],
                                                 [
                                                     -4.319395323150466,
                                                     53.092924658616688
                                                 ],
                                                 [
                                                     -4.319469894112412,
                                                     53.093228004673541
                                                 ],
                                                 [
                                                     -4.319500074990336,
                                                     53.093539406413882
                                                 ],
                                                 [
                                                     -4.319504330372613,
                                                     53.093588759953064
                                                 ],
                                                 [
                                                     -4.31953051575715,
                                                     53.093883162838175
                                                 ],
                                                 [
                                                     -4.319552998926614,
                                                     53.094216286922055
                                                 ],
                                                 [
                                                     -4.319579922614171,
                                                     53.094716601491207
                                                 ],
                                                 [
                                                     -4.31959998057915,
                                                     53.095089322747704
                                                 ],
                                                 [
                                                     -4.319635878109178,
                                                     53.095673954052657
                                                 ],
                                                 [
                                                     -4.319720701091822,
                                                     53.096167655817226
                                                 ],
                                                 [
                                                     -4.319738763062094,
                                                     53.096228160556464
                                                 ],
                                                 [
                                                     -4.319755731739719,
                                                     53.096613346945581
                                                 ],
                                                 [
                                                     -4.319789939380867,
                                                     53.096808752617015
                                                 ],
                                                 [
                                                     -4.319843404362373,
                                                     53.096921788679708
                                                 ],
                                                 [
                                                     -4.319977015915914,
                                                     53.096983352271344
                                                 ],
                                                 [
                                                     -4.320241939569978,
                                                     53.097063744352447
                                                 ],
                                                 [
                                                     -4.320359336616194,
                                                     53.097154143451554
                                                 ],
                                                 [
                                                     -4.320437619771742,
                                                     53.097288084918283
                                                 ],
                                                 [
                                                     -4.320476980661907,
                                                     53.097469130047507
                                                 ],
                                                 [
                                                     -4.320497085908045,
                                                     53.09773254483359
                                                 ],
                                                 [
                                                     -4.320528449326311,
                                                     53.097985045121192
                                                 ],
                                                 [
                                                     -4.320559046156251,
                                                     53.098223300513332
                                                 ],
                                                 [
                                                     -4.32050716661263,
                                                     53.098359780949593
                                                 ],
                                                 [
                                                     -4.320370153140911,
                                                     53.098455142456608
                                                 ],
                                                 [
                                                     -4.320086756884526,
                                                     53.098581878458752
                                                 ],
                                                 [
                                                     -4.319803550643342,
                                                     53.098712175021618
                                                 ],
                                                 [
                                                     -4.319667876257485,
                                                     53.098832464283959
                                                 ],
                                                 [
                                                     -4.319671926958518,
                                                     53.099017762204859
                                                 ],
                                                 [
                                                     -4.319750786621719,
                                                     53.099162387730786
                                                 ],
                                                 [
                                                     -4.319923164439167,
                                                     53.099283799754446
                                                 ],
                                                 [
                                                     -4.32004210073808,
                                                     53.099402688829137
                                                 ],
                                                 [
                                                     -4.320115812498027,
                                                     53.099561674349339
                                                 ],
                                                 [
                                                     -4.320082063883739,
                                                     53.099704930854934
                                                 ],
                                                 [
                                                     -4.319982747555579,
                                                     53.099778612861947
                                                 ],
                                                 [
                                                     -4.319817236940282,
                                                     53.099798551308645
                                                 ],
                                                 [
                                                     -4.319573570758304,
                                                     53.0997420294566
                                                 ],
                                                 [
                                                     -4.319254150807598,
                                                     53.099653563325475
                                                 ],
                                                 [
                                                     -4.318837827086926,
                                                     53.099656109183741
                                                 ],
                                                 [
                                                     -4.318425993489329,
                                                     53.099742119127804
                                                 ],
                                                 [
                                                     -4.31809170942075,
                                                     53.099893459683187
                                                 ],
                                                 [
                                                     -4.317814090785487,
                                                     53.100065976892715
                                                 ],
                                                 [
                                                     -4.317616117384113,
                                                     53.100342775598328
                                                 ],
                                                 [
                                                     -4.317353126125448,
                                                     53.100615270518624
                                                 ],
                                                 [
                                                     -4.317067451878433,
                                                     53.100810223566256
                                                 ],
                                                 [
                                                     -4.31665263915762,
                                                     53.101013260723434
                                                 ],
                                                 [
                                                     -4.316188306768903,
                                                     53.101155987379457
                                                 ],
                                                 [
                                                     -4.315624366024803,
                                                     53.101339643513938
                                                 ],
                                                 [
                                                     -4.315275157352001,
                                                     53.101558109533521
                                                 ],
                                                 [
                                                     -4.315073893255629,
                                                     53.101946372353467
                                                 ],
                                                 [
                                                     -4.315162805753417,
                                                     53.102223154365028
                                                 ],
                                                 [
                                                     -4.315469427569496,
                                                     53.10241771524344
                                                 ],
                                                 [
                                                     -4.316354366199298,
                                                     53.102695711174078
                                                 ],
                                                 [
                                                     -4.317556663475741,
                                                     53.103023220918054
                                                 ],
                                                 [
                                                     -4.318048515812374,
                                                     53.103219736645215
                                                 ],
                                                 [
                                                     -4.318464047784412,
                                                     53.103545854043354
                                                 ],
                                                 [
                                                     -4.318640688637116,
                                                     53.103904476901668
                                                 ],
                                                 [
                                                     -4.31860437590562,
                                                     53.104261680068589
                                                 ],
                                                 [
                                                     -4.318456811731621,
                                                     53.104615481369386
                                                 ],
                                                 [
                                                     -4.318184289103876,
                                                     53.105055271301374
                                                 ],
                                                 [
                                                     -4.317800206962958,
                                                     53.105486092315168
                                                 ],
                                                 [
                                                     -4.317007273005966,
                                                     53.10640391681504
                                                 ],
                                                 [
                                                     -4.316574841232229,
                                                     53.106796684615411
                                                 ],
                                                 [
                                                     -4.316231848685832,
                                                     53.106959328751103
                                                 ],
                                                 [
                                                     -4.315795714000999,
                                                     53.106594613127918
                                                 ],
                                                 [
                                                     -4.315480388210839,
                                                     53.106238685552057
                                                 ],
                                                 [
                                                     -4.314776998668977,
                                                     53.105723200664457
                                                 ],
                                                 [
                                                     -4.31443486573403,
                                                     53.105557180330351
                                                 ],
                                                 [
                                                     -4.314032194233716,
                                                     53.10547031861983
                                                 ],
                                                 [
                                                     -4.313623865598336,
                                                     53.105450409516102
                                                 ],
                                                 [
                                                     -4.313164837729645,
                                                     53.10552060763802
                                                 ],
                                                 [
                                                     -4.312753533903418,
                                                     53.105617727795995
                                                 ],
                                                 [
                                                     -4.312539386805378,
                                                     53.105766716554257
                                                 ],
                                                 [
                                                     -4.312400117845076,
                                                     53.106103637799393
                                                 ],
                                                 [
                                                     -4.31234166458515,
                                                     53.106221749212999
                                                 ],
                                                 [
                                                     -4.312199693899552,
                                                     53.106335912939677
                                                 ],
                                                 [
                                                     -4.311899933973491,
                                                     53.10644200293612
                                                 ],
                                                 [
                                                     -4.311570344597381,
                                                     53.106509679392673
                                                 ],
                                                 [
                                                     -4.31117274542985,
                                                     53.10651740398017
                                                 ],
                                                 [
                                                     -4.310776389880131,
                                                     53.106502576928122
                                                 ],
                                                 [
                                                     -4.310512982367694,
                                                     53.106520276679575
                                                 ],
                                                 [
                                                     -4.310224139073729,
                                                     53.106569030315761
                                                 ],
                                                 [
                                                     -4.309980467583224,
                                                     53.106649264932138
                                                 ],
                                                 [
                                                     -4.309281975849929,
                                                     53.106940658898274
                                                 ],
                                                 [
                                                     -4.309208337060239,
                                                     53.106961862223727
                                                 ],
                                                 [
                                                     -4.308954249960166,
                                                     53.10704319596573
                                                 ],
                                                 [
                                                     -4.308706146724363,
                                                     53.107040819772379
                                                 ],
                                                 [
                                                     -4.308274712901889,
                                                     53.107019529770973
                                                 ],
                                                 [
                                                     -4.308014548730548,
                                                     53.107017386140782
                                                 ],
                                                 [
                                                     -4.307510829706858,
                                                     53.107095469169288
                                                 ],
                                                 [
                                                     -4.307143186645777,
                                                     53.107177293125758
                                                 ],
                                                 [
                                                     -4.30709203948954,
                                                     53.107199858065314
                                                 ],
                                                 [
                                                     -4.306851084536,
                                                     53.107303402996365
                                                 ],
                                                 [
                                                     -4.306531492409996,
                                                     53.107528109379047
                                                 ],
                                                 [
                                                     -4.306301558482802,
                                                     53.107671887452099
                                                 ],
                                                 [
                                                     -4.306149131913176,
                                                     53.107753940769868
                                                 ],
                                                 [
                                                     -4.306048920462263,
                                                     53.107808105820837
                                                 ],
                                                 [
                                                     -4.305913004443967,
                                                     53.107892535210773
                                                 ],
                                                 [
                                                     -4.305808571715105,
                                                     53.107952984780908
                                                 ],
                                                 [
                                                     -4.305536534952525,
                                                     53.108090477096077
                                                 ],
                                                 [
                                                     -4.305342324220003,
                                                     53.108202101365933
                                                 ],
                                                 [
                                                     -4.305229041808872,
                                                     53.108290585989025
                                                 ],
                                                 [
                                                     -4.305024110738718,
                                                     53.108452842722095
                                                 ],
                                                 [
                                                     -4.304728570570784,
                                                     53.108655415996367
                                                 ],
                                                 [
                                                     -4.304447904553816,
                                                     53.108797566619302
                                                 ],
                                                 [
                                                     -4.304218029269121,
                                                     53.1088874094117
                                                 ],
                                                 [
                                                     -4.303800280505216,
                                                     53.108981788962176
                                                 ],
                                                 [
                                                     -4.303642808933936,
                                                     53.109054947436292
                                                 ],
                                                 [
                                                     -4.303446888146342,
                                                     53.109190061908535
                                                 ],
                                                 [
                                                     -4.303257433169342,
                                                     53.109307883410487
                                                 ],
                                                 [
                                                     -4.302986929696195,
                                                     53.109391409185868
                                                 ],
                                                 [
                                                     -4.302524290974828,
                                                     53.10951271898027
                                                 ],
                                                 [
                                                     -4.302092802323958,
                                                     53.109603762839399
                                                 ],
                                                 [
                                                     -4.3018243010855,
                                                     53.109639518353994
                                                 ],
                                                 [
                                                     -4.301365066969916,
                                                     53.109628628377713
                                                 ],
                                                 [
                                                     -4.301271330197567,
                                                     53.10963583433027
                                                 ],
                                                 [
                                                     -4.301204471206498,
                                                     53.109643419445938
                                                 ],
                                                 [
                                                     -4.301044328130105,
                                                     53.109722019799207
                                                 ],
                                                 [
                                                     -4.300881677960672,
                                                     53.109783679885091
                                                 ],
                                                 [
                                                     -4.300742772357077,
                                                     53.109812432885654
                                                 ],
                                                 [
                                                     -4.300362476270494,
                                                     53.109796416087519
                                                 ],
                                                 [
                                                     -4.300151397711096,
                                                     53.109760948270782
                                                 ],
                                                 [
                                                     -4.299974545231826,
                                                     53.109695066266731
                                                 ],
                                                 [
                                                     -4.299877164913188,
                                                     53.109634029598048
                                                 ],
                                                 [
                                                     -4.299816050288952,
                                                     53.109497687962993
                                                 ],
                                                 [
                                                     -4.299813998856754,
                                                     53.109486941093586
                                                 ],
                                                 [
                                                     -4.299798673184677,
                                                     53.109255245701782
                                                 ],
                                                 [
                                                     -4.299783563458885,
                                                     53.10916835007329
                                                 ],
                                                 [
                                                     -4.299763625453895,
                                                     53.109131793178875
                                                 ],
                                                 [
                                                     -4.299657685948168,
                                                     53.10905114694156
                                                 ],
                                                 [
                                                     -4.299626945501914,
                                                     53.109033764478731
                                                 ],
                                                 [
                                                     -4.299519098989572,
                                                     53.108945065762249
                                                 ],
                                                 [
                                                     -4.299315993341885,
                                                     53.108862701694846
                                                 ],
                                                 [
                                                     -4.299157784534188,
                                                     53.10880904202503
                                                 ],
                                                 [
                                                     -4.29898571691165,
                                                     53.108777312006168
                                                 ],
                                                 [
                                                     -4.298830436308009,
                                                     53.108778515152707
                                                 ],
                                                 [
                                                     -4.298673994318948,
                                                     53.1088156938129
                                                 ],
                                                 [
                                                     -4.298585183178699,
                                                     53.108859745680462
                                                 ],
                                                 [
                                                     -4.298477524399908,
                                                     53.108913059110812
                                                 ],
                                                 [
                                                     -4.298191388168995,
                                                     53.109040829413253
                                                 ],
                                                 [
                                                     -4.297878546006106,
                                                     53.109169114812673
                                                 ],
                                                 [
                                                     -4.297438667550877,
                                                     53.109354772357882
                                                 ],
                                                 [
                                                     -4.297212274900138,
                                                     53.109424759366412
                                                 ],
                                                 [
                                                     -4.297102417166205,
                                                     53.10946463195539
                                                 ],
                                                 [
                                                     -4.297052500229164,
                                                     53.109482674142306
                                                 ],
                                                 [
                                                     -4.296567162430112,
                                                     53.109599095959439
                                                 ],
                                                 [
                                                     -4.296338140651107,
                                                     53.109647559894441
                                                 ],
                                                 [
                                                     -4.29605746988325,
                                                     53.109734771604913
                                                 ],
                                                 [
                                                     -4.295903751056866,
                                                     53.109823127488433
                                                 ],
                                                 [
                                                     -4.295830604049817,
                                                     53.109936985075095
                                                 ],
                                                 [
                                                     -4.295797682400364,
                                                     53.110075143242135
                                                 ],
                                                 [
                                                     -4.295678644000574,
                                                     53.110197076361786
                                                 ],
                                                 [
                                                     -4.295462279364887,
                                                     53.110286641300497
                                                 ],
                                                 [
                                                     -4.295168271774348,
                                                     53.110320177400325
                                                 ],
                                                 [
                                                     -4.29483674815511,
                                                     53.110324774157391
                                                 ],
                                                 [
                                                     -4.294638607409905,
                                                     53.110280058715986
                                                 ],
                                                 [
                                                     -4.29438817405855,
                                                     53.110178734320719
                                                 ],
                                                 [
                                                     -4.294227914899138,
                                                     53.110086547920247
                                                 ],
                                                 [
                                                     -4.294118885829052,
                                                     53.110003260000347
                                                 ],
                                                 [
                                                     -4.293672688316881,
                                                     53.109649538766533
                                                 ],
                                                 [
                                                     -4.293535930456308,
                                                     53.109577571404053
                                                 ],
                                                 [
                                                     -4.293338309851368,
                                                     53.109514776377189
                                                 ],
                                                 [
                                                     -4.293189783348507,
                                                     53.109476292305594
                                                 ],
                                                 [
                                                     -4.293101881964011,
                                                     53.109451920704281
                                                 ],
                                                 [
                                                     -4.292870409003258,
                                                     53.109398855585958
                                                 ],
                                                 [
                                                     -4.292722485049977,
                                                     53.109369347632907
                                                 ],
                                                 [
                                                     -4.292492920735179,
                                                     53.109324335112497
                                                 ],
                                                 [
                                                     -4.292151923028404,
                                                     53.109317422290481
                                                 ],
                                                 [
                                                     -4.292011673685804,
                                                     53.109321023326558
                                                 ],
                                                 [
                                                     -4.291862537254381,
                                                     53.109326592694444
                                                 ],
                                                 [
                                                     -4.291339841001502,
                                                     53.109414859691768
                                                 ],
                                                 [
                                                     -4.291115769415033,
                                                     53.109473105598802
                                                 ],
                                                 [
                                                     -4.290550898845491,
                                                     53.109611618265582
                                                 ],
                                                 [
                                                     -4.290314083894369,
                                                     53.109682780796724
                                                 ],
                                                 [
                                                     -4.290166570955664,
                                                     53.109746742092369
                                                 ],
                                                 [
                                                     -4.290018299235102,
                                                     53.109852063819133
                                                 ],
                                                 [
                                                     -4.289764975695246,
                                                     53.109976575499864
                                                 ],
                                                 [
                                                     -4.289511663556214,
                                                     53.110075828892704
                                                 ],
                                                 [
                                                     -4.289284943824476,
                                                     53.110109853750977
                                                 ],
                                                 [
                                                     -4.289003556269629,
                                                     53.110130547949353
                                                 ],
                                                 [
                                                     -4.288722054932109,
                                                     53.110174613968205
                                                 ],
                                                 [
                                                     -4.288331135701398,
                                                     53.110297184848889
                                                 ],
                                                 [
                                                     -4.288205117330983,
                                                     53.110371605755596
                                                 ],
                                                 [
                                                     -4.288104922026581,
                                                     53.110454428298375
                                                 ],
                                                 [
                                                     -4.287934050394775,
                                                     53.110500858493232
                                                 ],
                                                 [
                                                     -4.287738967489256,
                                                     53.110513598993919
                                                 ],
                                                 [
                                                     -4.287573076201972,
                                                     53.110512294112986
                                                 ],
                                                 [
                                                     -4.28741807109984,
                                                     53.110463141819174
                                                 ],
                                                 [
                                                     -4.28721283691408,
                                                     53.110340350367174
                                                 ],
                                                 [
                                                     -4.287029920200425,
                                                     53.110217938761544
                                                 ],
                                                 [
                                                     -4.286956290198744,
                                                     53.1101258747263
                                                 ],
                                                 [
                                                     -4.286888112614644,
                                                     53.109994965446944
                                                 ],
                                                 [
                                                     -4.28686959662472,
                                                     53.109843416697295
                                                 ],
                                                 [
                                                     -4.286816983754334,
                                                     53.109752745900686
                                                 ],
                                                 [
                                                     -4.286678087261378,
                                                     53.109640274154948
                                                 ],
                                                 [
                                                     -4.286474713983215,
                                                     53.109496772705626
                                                 ]
                                             ]
                                         ]
                                     ]
                 }
}