{
    "type":  "Feature",
    "properties":  {
                       "Name":  "Pen-y-groes ED",
                       "Area_Code":  "UTE",
                       "Area_Description":  "Unitary Authority Electoral Division",
                       "File_Name":  "GWYNEDD_-_GWYNEDD",
                       "Feature_Serial_Number":  270,
                       "Collection_Serial_Number":  270,
                       "Global_Polygon_ID":  142489,
                       "Admin_Unit_ID":  182734,
                       "Census_Code":  "W05001559",
                       "Hectares":  730.028,
                       "Non_Inland_Area":  0.0,
                       "Area_Type_Code":  "VA",
                       "Area_Type_Description":  "CIVIL VOTING AREA",
                       "Non_Area_Type_Code":  null,
                       "Non_Area_Type_Description":  null
                   },
    "geometry":  {
                     "type":  "MultiPolygon",
                     "coordinates":  [
                                         [
                                             [
                                                 [
                                                     -4.323576480512219,
                                                     53.04889361158628
                                                 ],
                                                 [
                                                     -4.323743851660152,
                                                     53.048899329095249
                                                 ],
                                                 [
                                                     -4.323854544789376,
                                                     53.04909770042255
                                                 ],
                                                 [
                                                     -4.323863197356616,
                                                     53.049203596159856
                                                 ],
                                                 [
                                                     -4.323914799904005,
                                                     53.049303263156446
                                                 ],
                                                 [
                                                     -4.324201712909731,
                                                     53.049559308869505
                                                 ],
                                                 [
                                                     -4.324453163479628,
                                                     53.049684817040436
                                                 ],
                                                 [
                                                     -4.324681808715207,
                                                     53.049802591329822
                                                 ],
                                                 [
                                                     -4.325069662372539,
                                                     53.05002340770271
                                                 ],
                                                 [
                                                     -4.325105159543064,
                                                     53.050154845531566
                                                 ],
                                                 [
                                                     -4.325152601631182,
                                                     53.050204253784692
                                                 ],
                                                 [
                                                     -4.325788796278273,
                                                     53.050465153429364
                                                 ],
                                                 [
                                                     -4.326076287004778,
                                                     53.050622312372454
                                                 ],
                                                 [
                                                     -4.32617784954236,
                                                     53.050705716111757
                                                 ],
                                                 [
                                                     -4.325890323806507,
                                                     53.050936145402666
                                                 ],
                                                 [
                                                     -4.325709892894327,
                                                     53.051160882805995
                                                 ],
                                                 [
                                                     -4.32568738326581,
                                                     53.051407610127931
                                                 ],
                                                 [
                                                     -4.325528543917085,
                                                     53.051672374219791
                                                 ],
                                                 [
                                                     -4.325406312021809,
                                                     53.051924736364015
                                                 ],
                                                 [
                                                     -4.325324175568334,
                                                     53.052115192506371
                                                 ],
                                                 [
                                                     -4.325331091447726,
                                                     53.052188763891699
                                                 ],
                                                 [
                                                     -4.325226287292098,
                                                     53.052349011567742
                                                 ],
                                                 [
                                                     -4.32509619553921,
                                                     53.052537708863312
                                                 ],
                                                 [
                                                     -4.32496732885554,
                                                     53.052666967731355
                                                 ],
                                                 [
                                                     -4.324898825074602,
                                                     53.052891313388074
                                                 ],
                                                 [
                                                     -4.324902548448665,
                                                     53.053015282272845
                                                 ],
                                                 [
                                                     -4.325015144075977,
                                                     53.053084180771357
                                                 ],
                                                 [
                                                     -4.325064281986536,
                                                     53.053165014985709
                                                 ],
                                                 [
                                                     -4.325114822827625,
                                                     53.053326720375033
                                                 ],
                                                 [
                                                     -4.325206573503615,
                                                     53.053396924520392
                                                 ],
                                                 [
                                                     -4.325180916482442,
                                                     53.053585286995848
                                                 ],
                                                 [
                                                     -4.325283311576488,
                                                     53.053684046471119
                                                 ],
                                                 [
                                                     -4.325361130309568,
                                                     53.053799376120686
                                                 ],
                                                 [
                                                     -4.325415589930238,
                                                     53.053924150988202
                                                 ],
                                                 [
                                                     -4.32545542410496,
                                                     53.054053795542913
                                                 ],
                                                 [
                                                     -4.325494263176211,
                                                     53.054192358969566
                                                 ],
                                                 [
                                                     -4.325486353906933,
                                                     53.054296781131882
                                                 ],
                                                 [
                                                     -4.325486339173148,
                                                     53.054296867734926
                                                 ],
                                                 [
                                                     -4.325438625603307,
                                                     53.054545888716028
                                                 ],
                                                 [
                                                     -4.325126553991298,
                                                     53.055207436872514
                                                 ],
                                                 [
                                                     -4.324875733465163,
                                                     53.05561970233893
                                                 ],
                                                 [
                                                     -4.32487176700576,
                                                     53.055685396262909
                                                 ],
                                                 [
                                                     -4.324771404977295,
                                                     53.055734098872804
                                                 ],
                                                 [
                                                     -4.324640183281891,
                                                     53.055847223742717
                                                 ],
                                                 [
                                                     -4.324535351632117,
                                                     53.05600486553751
                                                 ],
                                                 [
                                                     -4.32450560159611,
                                                     53.056119601192343
                                                 ],
                                                 [
                                                     -4.324514406616829,
                                                     53.056337941379731
                                                 ],
                                                 [
                                                     -4.324560962599862,
                                                     53.056537565809158
                                                 ],
                                                 [
                                                     -4.324599027531055,
                                                     53.056661762398207
                                                 ],
                                                 [
                                                     -4.324806239476221,
                                                     53.05701824214858
                                                 ],
                                                 [
                                                     -4.324854801408418,
                                                     53.057088302841208
                                                 ],
                                                 [
                                                     -4.324900390535271,
                                                     53.057409291209908
                                                 ],
                                                 [
                                                     -4.324935053145436,
                                                     53.057552520098085
                                                 ],
                                                 [
                                                     -4.324914282911922,
                                                     53.057831661956833
                                                 ],
                                                 [
                                                     -4.324891185924475,
                                                     53.057957953366319
                                                 ],
                                                 [
                                                     -4.324894212465321,
                                                     53.058180900231761
                                                 ],
                                                 [
                                                     -4.324890632959189,
                                                     53.058363437953055
                                                 ],
                                                 [
                                                     -4.324826909522318,
                                                     53.058537353920201
                                                 ],
                                                 [
                                                     -4.32485406914443,
                                                     53.058625809004496
                                                 ],
                                                 [
                                                     -4.324863263721032,
                                                     53.058796502007368
                                                 ],
                                                 [
                                                     -4.324841180369627,
                                                     53.058941649537338
                                                 ],
                                                 [
                                                     -4.324754310531127,
                                                     53.059046806082463
                                                 ],
                                                 [
                                                     -4.324829310704915,
                                                     53.059191852890947
                                                 ],
                                                 [
                                                     -4.324834702917549,
                                                     53.059264554910179
                                                 ],
                                                 [
                                                     -4.324739202543708,
                                                     53.059789735154212
                                                 ],
                                                 [
                                                     -4.324700334256297,
                                                     53.059872290879468
                                                 ],
                                                 [
                                                     -4.324721015066456,
                                                     53.060173991967524
                                                 ],
                                                 [
                                                     -4.324603014883909,
                                                     53.060311216886952
                                                 ],
                                                 [
                                                     -4.32478146110764,
                                                     53.060352671406655
                                                 ],
                                                 [
                                                     -4.324603617169281,
                                                     53.060544008692858
                                                 ],
                                                 [
                                                     -4.324422949754949,
                                                     53.060735490796226
                                                 ],
                                                 [
                                                     -4.324331355414024,
                                                     53.060835256529188
                                                 ],
                                                 [
                                                     -4.323975643767225,
                                                     53.061130831043272
                                                 ],
                                                 [
                                                     -4.323952920144414,
                                                     53.061149529808397
                                                 ],
                                                 [
                                                     -4.323914135454249,
                                                     53.061181469881362
                                                 ],
                                                 [
                                                     -4.323679261348895,
                                                     53.061115949647615
                                                 ],
                                                 [
                                                     -4.323422086128336,
                                                     53.061079627285501
                                                 ],
                                                 [
                                                     -4.323040784512789,
                                                     53.061094267851288
                                                 ],
                                                 [
                                                     -4.322599811124028,
                                                     53.061164003226878
                                                 ],
                                                 [
                                                     -4.322273194145411,
                                                     53.061195550073265
                                                 ],
                                                 [
                                                     -4.321929401917068,
                                                     53.061241813575151
                                                 ],
                                                 [
                                                     -4.321571630261427,
                                                     53.061277561453295
                                                 ],
                                                 [
                                                     -4.321279918932908,
                                                     53.061292335385431
                                                 ],
                                                 [
                                                     -4.320874379302027,
                                                     53.061300251018508
                                                 ],
                                                 [
                                                     -4.320820414895048,
                                                     53.061296719662501
                                                 ],
                                                 [
                                                     -4.320188710095704,
                                                     53.061261407291063
                                                 ],
                                                 [
                                                     -4.319601849950538,
                                                     53.061227015045958
                                                 ],
                                                 [
                                                     -4.319137422187018,
                                                     53.061194726000011
                                                 ],
                                                 [
                                                     -4.318875336388815,
                                                     53.061179163761885
                                                 ],
                                                 [
                                                     -4.318305509481219,
                                                     53.061127354362618
                                                 ],
                                                 [
                                                     -4.318002648771361,
                                                     53.061101798488515
                                                 ],
                                                 [
                                                     -4.317749682354357,
                                                     53.061088751547622
                                                 ],
                                                 [
                                                     -4.317223703444131,
                                                     53.061021611149656
                                                 ],
                                                 [
                                                     -4.316904291892856,
                                                     53.06091008462456
                                                 ],
                                                 [
                                                     -4.316335827951799,
                                                     53.060690963286582
                                                 ],
                                                 [
                                                     -4.315923721684058,
                                                     53.060548880725143
                                                 ],
                                                 [
                                                     -4.314673958662504,
                                                     53.060259424331434
                                                 ],
                                                 [
                                                     -4.314296613231219,
                                                     53.060235308907529
                                                 ],
                                                 [
                                                     -4.314084139266252,
                                                     53.06022685991298
                                                 ],
                                                 [
                                                     -4.312827775245783,
                                                     53.060176607760987
                                                 ],
                                                 [
                                                     -4.311147214003383,
                                                     53.060146362302724
                                                 ],
                                                 [
                                                     -4.310251675867408,
                                                     53.060144888161048
                                                 ],
                                                 [
                                                     -4.309896341896945,
                                                     53.06011583740662
                                                 ],
                                                 [
                                                     -4.309809156031727,
                                                     53.060103148788919
                                                 ],
                                                 [
                                                     -4.309623733517941,
                                                     53.060068998496604
                                                 ],
                                                 [
                                                     -4.309414073989649,
                                                     53.060110822265734
                                                 ],
                                                 [
                                                     -4.308915856138052,
                                                     53.060198697087095
                                                 ],
                                                 [
                                                     -4.308496347793164,
                                                     53.06033636660662
                                                 ],
                                                 [
                                                     -4.307965187491841,
                                                     53.060535435906992
                                                 ],
                                                 [
                                                     -4.307559723540468,
                                                     53.060682716984964
                                                 ],
                                                 [
                                                     -4.307194133639866,
                                                     53.060768010763837
                                                 ],
                                                 [
                                                     -4.306892506379287,
                                                     53.060820602749658
                                                 ],
                                                 [
                                                     -4.306609051539561,
                                                     53.060906997731934
                                                 ],
                                                 [
                                                     -4.306073849767081,
                                                     53.061030723151703
                                                 ],
                                                 [
                                                     -4.305707644339959,
                                                     53.061132203707366
                                                 ],
                                                 [
                                                     -4.305194305665794,
                                                     53.061301342269417
                                                 ],
                                                 [
                                                     -4.304630993835628,
                                                     53.061511806275341
                                                 ],
                                                 [
                                                     -4.304372432462777,
                                                     53.061617488390695
                                                 ],
                                                 [
                                                     -4.304184510364668,
                                                     53.061704812553366
                                                 ],
                                                 [
                                                     -4.304067032399835,
                                                     53.061908431593558
                                                 ],
                                                 [
                                                     -4.303953877410759,
                                                     53.062135426287611
                                                 ],
                                                 [
                                                     -4.303875269903791,
                                                     53.062230430453631
                                                 ],
                                                 [
                                                     -4.303766208125581,
                                                     53.062340494805483
                                                 ],
                                                 [
                                                     -4.303664821117509,
                                                     53.062426052628197
                                                 ],
                                                 [
                                                     -4.303544639061369,
                                                     53.062466132496404
                                                 ],
                                                 [
                                                     -4.303356894499565,
                                                     53.062471566456999
                                                 ],
                                                 [
                                                     -4.303145519196574,
                                                     53.062426223900999
                                                 ],
                                                 [
                                                     -4.302349127435797,
                                                     53.062325693733051
                                                 ],
                                                 [
                                                     -4.301885297684665,
                                                     53.062249192085901
                                                 ],
                                                 [
                                                     -4.301699066209459,
                                                     53.062227628992794
                                                 ],
                                                 [
                                                     -4.301438012819646,
                                                     53.062229085982665
                                                 ],
                                                 [
                                                     -4.301073049738624,
                                                     53.06227120397368
                                                 ],
                                                 [
                                                     -4.300566386150082,
                                                     53.062342218197358
                                                 ],
                                                 [
                                                     -4.300006874785992,
                                                     53.062400680364192
                                                 ],
                                                 [
                                                     -4.299558302324877,
                                                     53.062469578577613
                                                 ],
                                                 [
                                                     -4.298978817202554,
                                                     53.062548197090408
                                                 ],
                                                 [
                                                     -4.298873415122849,
                                                     53.062500797297616
                                                 ],
                                                 [
                                                     -4.298713409069694,
                                                     53.06246793685284
                                                 ],
                                                 [
                                                     -4.29846422306989,
                                                     53.062440394547615
                                                 ],
                                                 [
                                                     -4.298107306777766,
                                                     53.062409540833663
                                                 ],
                                                 [
                                                     -4.297900022796091,
                                                     53.062357728067013
                                                 ],
                                                 [
                                                     -4.297761033336737,
                                                     53.06229659509669
                                                 ],
                                                 [
                                                     -4.297518746741853,
                                                     53.06225992913248
                                                 ],
                                                 [
                                                     -4.297068535186284,
                                                     53.062129305310783
                                                 ],
                                                 [
                                                     -4.29694248546255,
                                                     53.062061539582032
                                                 ],
                                                 [
                                                     -4.296886783467884,
                                                     53.062023066444503
                                                 ],
                                                 [
                                                     -4.296789511684375,
                                                     53.061934161443659
                                                 ],
                                                 [
                                                     -4.296749963438609,
                                                     53.061863915581341
                                                 ],
                                                 [
                                                     -4.296589659260193,
                                                     53.061769845941058
                                                 ],
                                                 [
                                                     -4.296389113336708,
                                                     53.061675744002912
                                                 ],
                                                 [
                                                     -4.296285088722365,
                                                     53.061598654700425
                                                 ],
                                                 [
                                                     -4.296212765894735,
                                                     53.061529940646473
                                                 ],
                                                 [
                                                     -4.296121898968709,
                                                     53.06144801168977
                                                 ],
                                                 [
                                                     -4.296062354895212,
                                                     53.061367366906403
                                                 ],
                                                 [
                                                     -4.295897918806189,
                                                     53.061278858890319
                                                 ],
                                                 [
                                                     -4.295717139802604,
                                                     53.061218530389894
                                                 ],
                                                 [
                                                     -4.29551642396267,
                                                     53.06120442835315
                                                 ],
                                                 [
                                                     -4.295207937429313,
                                                     53.061213978390867
                                                 ],
                                                 [
                                                     -4.294823146483573,
                                                     53.061218707307155
                                                 ],
                                                 [
                                                     -4.294519300138704,
                                                     53.061202099998177
                                                 ],
                                                 [
                                                     -4.294404713483746,
                                                     53.061180850520095
                                                 ],
                                                 [
                                                     -4.293931394065187,
                                                     53.061092007148076
                                                 ],
                                                 [
                                                     -4.293488918218586,
                                                     53.060995376885053
                                                 ],
                                                 [
                                                     -4.293003369373391,
                                                     53.060931034402167
                                                 ],
                                                 [
                                                     -4.292614469393452,
                                                     53.060830581489803
                                                 ],
                                                 [
                                                     -4.29232235868697,
                                                     53.060810145911582
                                                 ],
                                                 [
                                                     -4.292181419260853,
                                                     53.061078112640466
                                                 ],
                                                 [
                                                     -4.292189970374643,
                                                     53.061125586977397
                                                 ],
                                                 [
                                                     -4.292171204747468,
                                                     53.061223924343842
                                                 ],
                                                 [
                                                     -4.292171201967816,
                                                     53.061224012509875
                                                 ],
                                                 [
                                                     -4.292186415811382,
                                                     53.06151045334019
                                                 ],
                                                 [
                                                     -4.292290365747699,
                                                     53.061780890586213
                                                 ],
                                                 [
                                                     -4.292321851463737,
                                                     53.061924189253389
                                                 ],
                                                 [
                                                     -4.292259659627971,
                                                     53.061932579138073
                                                 ],
                                                 [
                                                     -4.292258709698721,
                                                     53.06194248492357
                                                 ],
                                                 [
                                                     -4.292255636789623,
                                                     53.06194254415712
                                                 ],
                                                 [
                                                     -4.292253878514968,
                                                     53.061965049419292
                                                 ],
                                                 [
                                                     -4.291836307697368,
                                                     53.061999163781948
                                                 ],
                                                 [
                                                     -4.291383061822109,
                                                     53.062063627405628
                                                 ],
                                                 [
                                                     -4.291050965964932,
                                                     53.062161707855346
                                                 ],
                                                 [
                                                     -4.290682122769222,
                                                     53.062300135916885
                                                 ],
                                                 [
                                                     -4.290192056434896,
                                                     53.062429121864348
                                                 ],
                                                 [
                                                     -4.289663639366115,
                                                     53.062570618871518
                                                 ],
                                                 [
                                                     -4.289226308204025,
                                                     53.062682405991843
                                                 ],
                                                 [
                                                     -4.288645927036011,
                                                     53.062825707928475
                                                 ],
                                                 [
                                                     -4.288385562140989,
                                                     53.06289822155086
                                                 ],
                                                 [
                                                     -4.288182911375795,
                                                     53.062961444934913
                                                 ],
                                                 [
                                                     -4.287791270761564,
                                                     53.063034595892255
                                                 ],
                                                 [
                                                     -4.287477202940122,
                                                     53.063078389234256
                                                 ],
                                                 [
                                                     -4.287025889268909,
                                                     53.063151787273753
                                                 ],
                                                 [
                                                     -4.28674773675231,
                                                     53.063197584370819
                                                 ],
                                                 [
                                                     -4.286366326806434,
                                                     53.063324554808098
                                                 ],
                                                 [
                                                     -4.286060628900843,
                                                     53.063414923441236
                                                 ],
                                                 [
                                                     -4.286020858677928,
                                                     53.063395913040303
                                                 ],
                                                 [
                                                     -4.285887829710957,
                                                     53.063363415003231
                                                 ],
                                                 [
                                                     -4.285755516533669,
                                                     53.063260793531924
                                                 ],
                                                 [
                                                     -4.285703484145145,
                                                     53.063179908528433
                                                 ],
                                                 [
                                                     -4.285555459315122,
                                                     53.063147698355152
                                                 ],
                                                 [
                                                     -4.285172362137474,
                                                     53.063128993779223
                                                 ],
                                                 [
                                                     -4.285008554928305,
                                                     53.063163601103334
                                                 ],
                                                 [
                                                     -4.284880333144223,
                                                     53.063138200623342
                                                 ],
                                                 [
                                                     -4.284536515377018,
                                                     53.06309896527366
                                                 ],
                                                 [
                                                     -4.283452359057567,
                                                     53.06300383661231
                                                 ],
                                                 [
                                                     -4.283181563081153,
                                                     53.062991059352385
                                                 ],
                                                 [
                                                     -4.282864130784176,
                                                     53.063762252008701
                                                 ],
                                                 [
                                                     -4.282149574879691,
                                                     53.06377057409388
                                                 ],
                                                 [
                                                     -4.281997641202636,
                                                     53.064171768711049
                                                 ],
                                                 [
                                                     -4.281881426420723,
                                                     53.064457225615051
                                                 ],
                                                 [
                                                     -4.281755576510623,
                                                     53.064476717972916
                                                 ],
                                                 [
                                                     -4.281678951295291,
                                                     53.064496165760168
                                                 ],
                                                 [
                                                     -4.281470191072652,
                                                     53.064753735456769
                                                 ],
                                                 [
                                                     -4.281477207607882,
                                                     53.064800340783385
                                                 ],
                                                 [
                                                     -4.281255431708579,
                                                     53.065009622527874
                                                 ],
                                                 [
                                                     -4.281111283598557,
                                                     53.065134630716777
                                                 ],
                                                 [
                                                     -4.281055416986102,
                                                     53.065123118452867
                                                 ],
                                                 [
                                                     -4.280797303189982,
                                                     53.065068745298461
                                                 ],
                                                 [
                                                     -4.280591359732225,
                                                     53.065042133456771
                                                 ],
                                                 [
                                                     -4.280166998245031,
                                                     53.065032294097854
                                                 ],
                                                 [
                                                     -4.27979586088265,
                                                     53.06501424186775
                                                 ],
                                                 [
                                                     -4.279719854581074,
                                                     53.065017497134534
                                                 ],
                                                 [
                                                     -4.27963875288266,
                                                     53.065036129400063
                                                 ],
                                                 [
                                                     -4.279656598145342,
                                                     53.065089718270762
                                                 ],
                                                 [
                                                     -4.279647670609775,
                                                     53.065090787610494
                                                 ],
                                                 [
                                                     -4.279524768719868,
                                                     53.065110221968453
                                                 ],
                                                 [
                                                     -4.279496359055048,
                                                     53.065052340958182
                                                 ],
                                                 [
                                                     -4.27936889943433,
                                                     53.065013437847604
                                                 ],
                                                 [
                                                     -4.279175912202255,
                                                     53.064975789580451
                                                 ],
                                                 [
                                                     -4.279159152508036,
                                                     53.064970717959596
                                                 ],
                                                 [
                                                     -4.279123044608537,
                                                     53.064965118040632
                                                 ],
                                                 [
                                                     -4.278682629629081,
                                                     53.064877290691655
                                                 ],
                                                 [
                                                     -4.278055960452495,
                                                     53.064769750154888
                                                 ],
                                                 [
                                                     -4.277689463288755,
                                                     53.06478126481386
                                                 ],
                                                 [
                                                     -4.277610458916193,
                                                     53.06478367705202
                                                 ],
                                                 [
                                                     -4.277514452171792,
                                                     53.064718101864493
                                                 ],
                                                 [
                                                     -4.277343524139468,
                                                     53.064704296782217
                                                 ],
                                                 [
                                                     -4.277061601731579,
                                                     53.064592756049556
                                                 ],
                                                 [
                                                     -4.276916758541161,
                                                     53.064592832953018
                                                 ],
                                                 [
                                                     -4.276737304207733,
                                                     53.064613346295026
                                                 ],
                                                 [
                                                     -4.276628106674085,
                                                     53.064554315765179
                                                 ],
                                                 [
                                                     -4.276435055350746,
                                                     53.064403409640505
                                                 ],
                                                 [
                                                     -4.276406558572361,
                                                     53.064315778257743
                                                 ],
                                                 [
                                                     -4.276225216883062,
                                                     53.064272509499375
                                                 ],
                                                 [
                                                     -4.276144563451235,
                                                     53.064215627691155
                                                 ],
                                                 [
                                                     -4.27603695320965,
                                                     53.064212294478082
                                                 ],
                                                 [
                                                     -4.275889815373405,
                                                     53.064252862022755
                                                 ],
                                                 [
                                                     -4.275759702653732,
                                                     53.064191533668811
                                                 ],
                                                 [
                                                     -4.275713517043982,
                                                     53.064221180718121
                                                 ],
                                                 [
                                                     -4.275452393364719,
                                                     53.064249547778452
                                                 ],
                                                 [
                                                     -4.275009010502394,
                                                     53.064191515945296
                                                 ],
                                                 [
                                                     -4.274620973813059,
                                                     53.064193545798538
                                                 ],
                                                 [
                                                     -4.274484899391672,
                                                     53.064245584726102
                                                 ],
                                                 [
                                                     -4.274378914847043,
                                                     53.064217051224247
                                                 ],
                                                 [
                                                     -4.274131372086297,
                                                     53.064276614356068
                                                 ],
                                                 [
                                                     -4.273685497601694,
                                                     53.06434176729352
                                                 ],
                                                 [
                                                     -4.273128430439407,
                                                     53.064447784543134
                                                 ],
                                                 [
                                                     -4.272993564092414,
                                                     53.064438676736039
                                                 ],
                                                 [
                                                     -4.272978964140138,
                                                     53.064530638208211
                                                 ],
                                                 [
                                                     -4.272956041751422,
                                                     53.064604782082178
                                                 ],
                                                 [
                                                     -4.272855589387325,
                                                     53.064681305948312
                                                 ],
                                                 [
                                                     -4.272765923559048,
                                                     53.064764005411668
                                                 ],
                                                 [
                                                     -4.272688006557114,
                                                     53.064787066664877
                                                 ],
                                                 [
                                                     -4.272365284758178,
                                                     53.064781548951728
                                                 ],
                                                 [
                                                     -4.272156188038409,
                                                     53.064807116371263
                                                 ],
                                                 [
                                                     -4.272024215367295,
                                                     53.064766493466706
                                                 ],
                                                 [
                                                     -4.27184838412064,
                                                     53.064743695932783
                                                 ],
                                                 [
                                                     -4.271684427058923,
                                                     53.064747727111722
                                                 ],
                                                 [
                                                     -4.271391201611236,
                                                     53.064734452282131
                                                 ],
                                                 [
                                                     -4.271085304232377,
                                                     53.064737598080576
                                                 ],
                                                 [
                                                     -4.270658424082346,
                                                     53.064794376625898
                                                 ],
                                                 [
                                                     -4.270501104916673,
                                                     53.064809964162635
                                                 ],
                                                 [
                                                     -4.270205408609626,
                                                     53.064836283295755
                                                 ],
                                                 [
                                                     -4.269831880145925,
                                                     53.064856896256472
                                                 ],
                                                 [
                                                     -4.269526280645439,
                                                     53.064891491036455
                                                 ],
                                                 [
                                                     -4.269305694519928,
                                                     53.064897498733529
                                                 ],
                                                 [
                                                     -4.269120386826597,
                                                     53.064837216413167
                                                 ],
                                                 [
                                                     -4.268948220551287,
                                                     53.06482791751484
                                                 ],
                                                 [
                                                     -4.268928559899927,
                                                     53.064823798912151
                                                 ],
                                                 [
                                                     -4.268635959386058,
                                                     53.064735810662093
                                                 ],
                                                 [
                                                     -4.267949678084941,
                                                     53.064657219221544
                                                 ],
                                                 [
                                                     -4.267660527439033,
                                                     53.064580938339866
                                                 ],
                                                 [
                                                     -4.267577358360362,
                                                     53.064532188898511
                                                 ],
                                                 [
                                                     -4.267405027992061,
                                                     53.06451740728383
                                                 ],
                                                 [
                                                     -4.267381803396018,
                                                     53.064501671650689
                                                 ],
                                                 [
                                                     -4.267267109469091,
                                                     53.064422063474964
                                                 ],
                                                 [
                                                     -4.267228927583755,
                                                     53.064376949806423
                                                 ],
                                                 [
                                                     -4.267084042816155,
                                                     53.064317691886423
                                                 ],
                                                 [
                                                     -4.266844269074178,
                                                     53.06432855453388
                                                 ],
                                                 [
                                                     -4.266779779433665,
                                                     53.06434955864254
                                                 ],
                                                 [
                                                     -4.266765016384293,
                                                     53.064354333752917
                                                 ],
                                                 [
                                                     -4.266391658493305,
                                                     53.064321900955619
                                                 ],
                                                 [
                                                     -4.265995789368132,
                                                     53.064228684191626
                                                 ],
                                                 [
                                                     -4.265681083125233,
                                                     53.064148390881435
                                                 ],
                                                 [
                                                     -4.265299540834354,
                                                     53.064159254891088
                                                 ],
                                                 [
                                                     -4.265191199985903,
                                                     53.064228732330896
                                                 ],
                                                 [
                                                     -4.265139614922603,
                                                     53.064296319443869
                                                 ],
                                                 [
                                                     -4.264874301094412,
                                                     53.064390357642843
                                                 ],
                                                 [
                                                     -4.26466202064858,
                                                     53.064495970043595
                                                 ],
                                                 [
                                                     -4.26452497659613,
                                                     53.064557903342291
                                                 ],
                                                 [
                                                     -4.264408017801927,
                                                     53.06457810706042
                                                 ],
                                                 [
                                                     -4.264141719995926,
                                                     53.064564301638953
                                                 ],
                                                 [
                                                     -4.263998891205803,
                                                     53.064630928974779
                                                 ],
                                                 [
                                                     -4.263807570325088,
                                                     53.064655244160349
                                                 ],
                                                 [
                                                     -4.263575292448682,
                                                     53.064665957498725
                                                 ],
                                                 [
                                                     -4.263390917985367,
                                                     53.064620929679243
                                                 ],
                                                 [
                                                     -4.263027643500489,
                                                     53.064468657309853
                                                 ],
                                                 [
                                                     -4.262868582749229,
                                                     53.064481571469734
                                                 ],
                                                 [
                                                     -4.262697814048501,
                                                     53.064496506382874
                                                 ],
                                                 [
                                                     -4.262548387041203,
                                                     53.064437328508347
                                                 ],
                                                 [
                                                     -4.262412063228014,
                                                     53.064400373301311
                                                 ],
                                                 [
                                                     -4.262232932236247,
                                                     53.064342659232395
                                                 ],
                                                 [
                                                     -4.261859023532505,
                                                     53.064271482242098
                                                 ],
                                                 [
                                                     -4.261786924422999,
                                                     53.064234203872914
                                                 ],
                                                 [
                                                     -4.261717708773254,
                                                     53.064193274217793
                                                 ],
                                                 [
                                                     -4.261528196380334,
                                                     53.064024300389832
                                                 ],
                                                 [
                                                     -4.261504891176362,
                                                     53.063978813010657
                                                 ],
                                                 [
                                                     -4.261490659638819,
                                                     53.063935040289117
                                                 ],
                                                 [
                                                     -4.261535083975289,
                                                     53.063843412352988
                                                 ],
                                                 [
                                                     -4.261622247114672,
                                                     53.063768948230816
                                                 ],
                                                 [
                                                     -4.26132697250117,
                                                     53.063573132366045
                                                 ],
                                                 [
                                                     -4.261221656704114,
                                                     53.06355715831581
                                                 ],
                                                 [
                                                     -4.260806557310707,
                                                     53.063526399951662
                                                 ],
                                                 [
                                                     -4.260792733676484,
                                                     53.063518572642479
                                                 ],
                                                 [
                                                     -4.260651423304761,
                                                     53.063386343516171
                                                 ],
                                                 [
                                                     -4.260526869914048,
                                                     53.063343768722838
                                                 ],
                                                 [
                                                     -4.260543915450475,
                                                     53.063185247909026
                                                 ],
                                                 [
                                                     -4.26054228713449,
                                                     53.063125955285663
                                                 ],
                                                 [
                                                     -4.260469607979732,
                                                     53.063021183566811
                                                 ],
                                                 [
                                                     -4.260340616620224,
                                                     53.062922065772675
                                                 ],
                                                 [
                                                     -4.260177940873634,
                                                     53.06286583410018
                                                 ],
                                                 [
                                                     -4.259978407857621,
                                                     53.062789628731572
                                                 ],
                                                 [
                                                     -4.259898759302171,
                                                     53.062720943265738
                                                 ],
                                                 [
                                                     -4.259857671238884,
                                                     53.062620154453988
                                                 ],
                                                 [
                                                     -4.259902067680169,
                                                     53.062499764522826
                                                 ],
                                                 [
                                                     -4.259477357699734,
                                                     53.062513227590657
                                                 ],
                                                 [
                                                     -4.259414973049087,
                                                     53.062433427280396
                                                 ],
                                                 [
                                                     -4.259432640010659,
                                                     53.062427698808754
                                                 ],
                                                 [
                                                     -4.260284434353275,
                                                     53.062133679857958
                                                 ],
                                                 [
                                                     -4.260875029121846,
                                                     53.061899539781891
                                                 ],
                                                 [
                                                     -4.261365286138592,
                                                     53.061713954650649
                                                 ],
                                                 [
                                                     -4.261592167041154,
                                                     53.06162874431319
                                                 ],
                                                 [
                                                     -4.262555172399227,
                                                     53.061264280903586
                                                 ],
                                                 [
                                                     -4.263505172398888,
                                                     53.060882080446945
                                                 ],
                                                 [
                                                     -4.264887673652398,
                                                     53.06034952805922
                                                 ],
                                                 [
                                                     -4.265654148032095,
                                                     53.060025634386982
                                                 ],
                                                 [
                                                     -4.266033993779326,
                                                     53.059868289849824
                                                 ],
                                                 [
                                                     -4.266549197000587,
                                                     53.059675915618534
                                                 ],
                                                 [
                                                     -4.266501365956713,
                                                     53.05956177543689
                                                 ],
                                                 [
                                                     -4.266450914373566,
                                                     53.059055608200062
                                                 ],
                                                 [
                                                     -4.266574750433793,
                                                     53.058655868874283
                                                 ],
                                                 [
                                                     -4.266576693311347,
                                                     53.058521814318361
                                                 ],
                                                 [
                                                     -4.266454835643255,
                                                     53.058333581143962
                                                 ],
                                                 [
                                                     -4.266321461823665,
                                                     53.05818143162994
                                                 ],
                                                 [
                                                     -4.266280962040203,
                                                     53.058120183395289
                                                 ],
                                                 [
                                                     -4.26624807496794,
                                                     53.05806328467888
                                                 ],
                                                 [
                                                     -4.266222368431466,
                                                     53.057972092204359
                                                 ],
                                                 [
                                                     -4.266385266433601,
                                                     53.057889799175669
                                                 ],
                                                 [
                                                     -4.266883078258057,
                                                     53.057537760272552
                                                 ],
                                                 [
                                                     -4.266940337961218,
                                                     53.05749172614987
                                                 ],
                                                 [
                                                     -4.267009836324863,
                                                     53.057336698712646
                                                 ],
                                                 [
                                                     -4.267049481470429,
                                                     53.057095861773952
                                                 ],
                                                 [
                                                     -4.267069237349436,
                                                     53.056876975276069
                                                 ],
                                                 [
                                                     -4.267051149409532,
                                                     53.056731707721639
                                                 ],
                                                 [
                                                     -4.267206744450926,
                                                     53.056482367246872
                                                 ],
                                                 [
                                                     -4.267384808776399,
                                                     53.056377402233025
                                                 ],
                                                 [
                                                     -4.267690247595352,
                                                     53.056198011360813
                                                 ],
                                                 [
                                                     -4.267893312502873,
                                                     53.056058412761253
                                                 ],
                                                 [
                                                     -4.267997749501371,
                                                     53.055973636862475
                                                 ],
                                                 [
                                                     -4.268115371598213,
                                                     53.055797915943202
                                                 ],
                                                 [
                                                     -4.26839269614593,
                                                     53.055678383170893
                                                 ],
                                                 [
                                                     -4.268315916095061,
                                                     53.055638500774307
                                                 ],
                                                 [
                                                     -4.268383181473859,
                                                     53.055612049920164
                                                 ],
                                                 [
                                                     -4.268492864397558,
                                                     53.055568610461663
                                                 ],
                                                 [
                                                     -4.268594542284433,
                                                     53.055487572073545
                                                 ],
                                                 [
                                                     -4.268695048146844,
                                                     53.055356131545452
                                                 ],
                                                 [
                                                     -4.268903468508493,
                                                     53.055032974118454
                                                 ],
                                                 [
                                                     -4.269005663581528,
                                                     53.054961812927353
                                                 ],
                                                 [
                                                     -4.269452216945993,
                                                     53.054883181700063
                                                 ],
                                                 [
                                                     -4.269695949345225,
                                                     53.054836283524914
                                                 ],
                                                 [
                                                     -4.269871813406907,
                                                     53.054776299243002
                                                 ],
                                                 [
                                                     -4.270241663846784,
                                                     53.054628928964021
                                                 ],
                                                 [
                                                     -4.270309279199036,
                                                     53.054553033095907
                                                 ],
                                                 [
                                                     -4.270465563991724,
                                                     53.054347719281729
                                                 ],
                                                 [
                                                     -4.27066391641485,
                                                     53.054345729062696
                                                 ],
                                                 [
                                                     -4.270814436905426,
                                                     53.054341956457343
                                                 ],
                                                 [
                                                     -4.271042599086417,
                                                     53.054366361346965
                                                 ],
                                                 [
                                                     -4.271068391760014,
                                                     53.054374857971084
                                                 ],
                                                 [
                                                     -4.271324903001411,
                                                     53.054456337248489
                                                 ],
                                                 [
                                                     -4.271352170080837,
                                                     53.054464804749642
                                                 ],
                                                 [
                                                     -4.271557939809104,
                                                     53.054094054933856
                                                 ],
                                                 [
                                                     -4.271712165579033,
                                                     53.053847431642296
                                                 ],
                                                 [
                                                     -4.271393704844994,
                                                     53.053666464822143
                                                 ],
                                                 [
                                                     -4.271981758648728,
                                                     53.053469168833139
                                                 ],
                                                 [
                                                     -4.272570671289812,
                                                     53.053290640253167
                                                 ],
                                                 [
                                                     -4.272532058258126,
                                                     53.053265311390625
                                                 ],
                                                 [
                                                     -4.272082382494874,
                                                     53.053228062887655
                                                 ],
                                                 [
                                                     -4.272320974827513,
                                                     53.052941175927927
                                                 ],
                                                 [
                                                     -4.272284736076384,
                                                     53.052932880099824
                                                 ],
                                                 [
                                                     -4.272013071539766,
                                                     53.05287425369908
                                                 ],
                                                 [
                                                     -4.271816683690986,
                                                     53.052857332000336
                                                 ],
                                                 [
                                                     -4.271529728776283,
                                                     53.052762952452035
                                                 ],
                                                 [
                                                     -4.271449186762925,
                                                     53.052735727809164
                                                 ],
                                                 [
                                                     -4.271468239521584,
                                                     53.052501573399191
                                                 ],
                                                 [
                                                     -4.271559086550948,
                                                     53.052016168421076
                                                 ],
                                                 [
                                                     -4.271569721050286,
                                                     53.051879251068968
                                                 ],
                                                 [
                                                     -4.271655584557742,
                                                     53.051865026848731
                                                 ],
                                                 [
                                                     -4.27191321377633,
                                                     53.051827745901093
                                                 ],
                                                 [
                                                     -4.272220457278987,
                                                     53.051795809134966
                                                 ],
                                                 [
                                                     -4.272215010310053,
                                                     53.051521674699437
                                                 ],
                                                 [
                                                     -4.272210380498424,
                                                     53.051293456286885
                                                 ],
                                                 [
                                                     -4.272238167342674,
                                                     53.051253375488372
                                                 ],
                                                 [
                                                     -4.272303349915724,
                                                     53.05115945915999
                                                 ],
                                                 [
                                                     -4.272302442698807,
                                                     53.051030042317372
                                                 ],
                                                 [
                                                     -4.272650910005169,
                                                     53.050958665876294
                                                 ],
                                                 [
                                                     -4.272958776937042,
                                                     53.050882580878344
                                                 ],
                                                 [
                                                     -4.273247661797468,
                                                     53.050787172980279
                                                 ],
                                                 [
                                                     -4.273444786539104,
                                                     53.050706103615973
                                                 ],
                                                 [
                                                     -4.273652262114719,
                                                     53.050623037783502
                                                 ],
                                                 [
                                                     -4.273853643210455,
                                                     53.050536403596873
                                                 ],
                                                 [
                                                     -4.274016363063192,
                                                     53.050451496570439
                                                 ],
                                                 [
                                                     -4.274171460842088,
                                                     53.05036673509548
                                                 ],
                                                 [
                                                     -4.27442466439336,
                                                     53.050215289379373
                                                 ],
                                                 [
                                                     -4.274488409295488,
                                                     53.050150252463816
                                                 ],
                                                 [
                                                     -4.274630125905309,
                                                     53.05001001710955
                                                 ],
                                                 [
                                                     -4.27489825634919,
                                                     53.049745030819949
                                                 ],
                                                 [
                                                     -4.275074014678885,
                                                     53.049541135214426
                                                 ],
                                                 [
                                                     -4.275089650503038,
                                                     53.049527353059375
                                                 ],
                                                 [
                                                     -4.275376258824771,
                                                     53.049274595944077
                                                 ],
                                                 [
                                                     -4.275397679732633,
                                                     53.049256209312396
                                                 ],
                                                 [
                                                     -4.275436778240998,
                                                     53.049234787066929
                                                 ],
                                                 [
                                                     -4.275544923494539,
                                                     53.049162607916173
                                                 ],
                                                 [
                                                     -4.275770574428393,
                                                     53.049055819988183
                                                 ],
                                                 [
                                                     -4.275971563191266,
                                                     53.048989952646934
                                                 ],
                                                 [
                                                     -4.276025816420662,
                                                     53.048973633850601
                                                 ],
                                                 [
                                                     -4.276233077929548,
                                                     53.048914746222543
                                                 ],
                                                 [
                                                     -4.276311491924938,
                                                     53.048873696110647
                                                 ],
                                                 [
                                                     -4.276714960042313,
                                                     53.048658337242166
                                                 ],
                                                 [
                                                     -4.276955410556518,
                                                     53.048606003875726
                                                 ],
                                                 [
                                                     -4.277376762473729,
                                                     53.048589845046934
                                                 ],
                                                 [
                                                     -4.277678809386757,
                                                     53.048574171970699
                                                 ],
                                                 [
                                                     -4.27810490317216,
                                                     53.048533650157573
                                                 ],
                                                 [
                                                     -4.278654034432443,
                                                     53.04850515105975
                                                 ],
                                                 [
                                                     -4.279317961329874,
                                                     53.04850500948158
                                                 ],
                                                 [
                                                     -4.27954667179825,
                                                     53.048512309718319
                                                 ],
                                                 [
                                                     -4.280204193495681,
                                                     53.048532960035367
                                                 ],
                                                 [
                                                     -4.280442784642553,
                                                     53.048501418288225
                                                 ],
                                                 [
                                                     -4.280531451196832,
                                                     53.048456573187501
                                                 ],
                                                 [
                                                     -4.280647683828051,
                                                     53.048314123674174
                                                 ],
                                                 [
                                                     -4.280737021776562,
                                                     53.048198166008646
                                                 ],
                                                 [
                                                     -4.280803315528641,
                                                     53.048181614047103
                                                 ],
                                                 [
                                                     -4.280907556838484,
                                                     53.048177817096665
                                                 ],
                                                 [
                                                     -4.281043090220957,
                                                     53.048172519735296
                                                 ],
                                                 [
                                                     -4.281137365320884,
                                                     53.048150037938662
                                                 ],
                                                 [
                                                     -4.281420654202395,
                                                     53.048005280725931
                                                 ],
                                                 [
                                                     -4.281442451470722,
                                                     53.047994076806624
                                                 ],
                                                 [
                                                     -4.281631410321802,
                                                     53.04789867826404
                                                 ],
                                                 [
                                                     -4.281793359625246,
                                                     53.047829954556029
                                                 ],
                                                 [
                                                     -4.281906485363185,
                                                     53.047768459587182
                                                 ],
                                                 [
                                                     -4.282020324046231,
                                                     53.047692568715235
                                                 ],
                                                 [
                                                     -4.282226897734973,
                                                     53.047534810747052
                                                 ],
                                                 [
                                                     -4.28240351486678,
                                                     53.047375920048644
                                                 ],
                                                 [
                                                     -4.282534581426178,
                                                     53.047258260825274
                                                 ],
                                                 [
                                                     -4.282630720711122,
                                                     53.047131475318189
                                                 ],
                                                 [
                                                     -4.282664949085136,
                                                     53.047043630017875
                                                 ],
                                                 [
                                                     -4.282650276835994,
                                                     53.046935959543269
                                                 ],
                                                 [
                                                     -4.282614813979075,
                                                     53.046830576326727
                                                 ],
                                                 [
                                                     -4.282266235267385,
                                                     53.046331035599486
                                                 ],
                                                 [
                                                     -4.282231246980137,
                                                     53.046234631532684
                                                 ],
                                                 [
                                                     -4.282246823123513,
                                                     53.046133661359946
                                                 ],
                                                 [
                                                     -4.282287617951066,
                                                     53.046030409792415
                                                 ],
                                                 [
                                                     -4.282342755857982,
                                                     53.045916905493833
                                                 ],
                                                 [
                                                     -4.282443063084035,
                                                     53.045754983909198
                                                 ],
                                                 [
                                                     -4.282510816636419,
                                                     53.045624159706279
                                                 ],
                                                 [
                                                     -4.282616102257049,
                                                     53.045414504102503
                                                 ],
                                                 [
                                                     -4.282676733649011,
                                                     53.045318870905767
                                                 ],
                                                 [
                                                     -4.282726420221191,
                                                     53.045244210884128
                                                 ],
                                                 [
                                                     -4.282810415413843,
                                                     53.045194959935735
                                                 ],
                                                 [
                                                     -4.28297434190988,
                                                     53.045219676692192
                                                 ],
                                                 [
                                                     -4.283168388815936,
                                                     53.045223140762644
                                                 ],
                                                 [
                                                     -4.283325801462647,
                                                     53.045208433095766
                                                 ],
                                                 [
                                                     -4.283624977029739,
                                                     53.045055186076084
                                                 ],
                                                 [
                                                     -4.283689173503596,
                                                     53.04502698793231
                                                 ],
                                                 [
                                                     -4.283873853687868,
                                                     53.044965014804774
                                                 ],
                                                 [
                                                     -4.284135979410284,
                                                     53.044899756286775
                                                 ],
                                                 [
                                                     -4.284308263227802,
                                                     53.044856897378274
                                                 ],
                                                 [
                                                     -4.284482687100461,
                                                     53.044798715868957
                                                 ],
                                                 [
                                                     -4.28475130878296,
                                                     53.04463077267414
                                                 ],
                                                 [
                                                     -4.284970207953925,
                                                     53.044508817133504
                                                 ],
                                                 [
                                                     -4.28518214890159,
                                                     53.044455307307445
                                                 ],
                                                 [
                                                     -4.285494417260213,
                                                     53.044463686349772
                                                 ],
                                                 [
                                                     -4.285767121981115,
                                                     53.044456646640846
                                                 ],
                                                 [
                                                     -4.28590133289857,
                                                     53.044401033413898
                                                 ],
                                                 [
                                                     -4.286012964024454,
                                                     53.044311608960108
                                                 ],
                                                 [
                                                     -4.286110112133342,
                                                     53.044201879600166
                                                 ],
                                                 [
                                                     -4.286114709331134,
                                                     53.044119096670435
                                                 ],
                                                 [
                                                     -4.28611730747726,
                                                     53.0440821940851
                                                 ],
                                                 [
                                                     -4.286118398600206,
                                                     53.044019163633351
                                                 ],
                                                 [
                                                     -4.28618473345947,
                                                     53.043947777509132
                                                 ],
                                                 [
                                                     -4.286272242291123,
                                                     53.043881377936174
                                                 ],
                                                 [
                                                     -4.286399600927141,
                                                     53.043835783374327
                                                 ],
                                                 [
                                                     -4.286760780763177,
                                                     53.043810860468177
                                                 ],
                                                 [
                                                     -4.287140518119312,
                                                     53.043825128541883
                                                 ],
                                                 [
                                                     -4.287390873537155,
                                                     53.043849075672497
                                                 ],
                                                 [
                                                     -4.287570455140305,
                                                     53.043830340290853
                                                 ],
                                                 [
                                                     -4.28766053021275,
                                                     53.043812427749359
                                                 ],
                                                 [
                                                     -4.287748723630642,
                                                     53.043789158494825
                                                 ],
                                                 [
                                                     -4.2878642779073,
                                                     53.043632242533931
                                                 ],
                                                 [
                                                     -4.287923853355442,
                                                     53.043516941763691
                                                 ],
                                                 [
                                                     -4.287977980116217,
                                                     53.043468261833596
                                                 ],
                                                 [
                                                     -4.288039622162846,
                                                     53.043422132778531
                                                 ],
                                                 [
                                                     -4.288236678944756,
                                                     53.043340949679568
                                                 ],
                                                 [
                                                     -4.288451254785529,
                                                     53.043279293045686
                                                 ],
                                                 [
                                                     -4.28896935452866,
                                                     53.043174940296431
                                                 ],
                                                 [
                                                     -4.289227417439096,
                                                     53.043116939663037
                                                 ],
                                                 [
                                                     -4.289465869332134,
                                                     53.042999902112449
                                                 ],
                                                 [
                                                     -4.28960813704692,
                                                     53.04295491607057
                                                 ],
                                                 [
                                                     -4.289811837304217,
                                                     53.042941105646435
                                                 ],
                                                 [
                                                     -4.290294984978133,
                                                     53.042908429997411
                                                 ],
                                                 [
                                                     -4.290608810870506,
                                                     53.042890698554984
                                                 ],
                                                 [
                                                     -4.290777438063479,
                                                     53.042864979153336
                                                 ],
                                                 [
                                                     -4.290911235750882,
                                                     53.042799481522565
                                                 ],
                                                 [
                                                     -4.290961740464908,
                                                     53.042738285158734
                                                 ],
                                                 [
                                                     -4.291014427618479,
                                                     53.042634710381982
                                                 ],
                                                 [
                                                     -4.291073404514862,
                                                     53.042341357258927
                                                 ],
                                                 [
                                                     -4.291080802683894,
                                                     53.042311553095765
                                                 ],
                                                 [
                                                     -4.291192942146219,
                                                     53.042176361764838
                                                 ],
                                                 [
                                                     -4.291285701171644,
                                                     53.042123340249674
                                                 ],
                                                 [
                                                     -4.29149689976926,
                                                     53.042028395153267
                                                 ],
                                                 [
                                                     -4.291628271784242,
                                                     53.042000695215854
                                                 ],
                                                 [
                                                     -4.291644614328441,
                                                     53.04200038021758
                                                 ],
                                                 [
                                                     -4.291826182808923,
                                                     53.041991487525316
                                                 ],
                                                 [
                                                     -4.29196854677823,
                                                     53.04200402354207
                                                 ],
                                                 [
                                                     -4.292022529452893,
                                                     53.042008376632104
                                                 ],
                                                 [
                                                     -4.292118642322065,
                                                     53.04202090497995
                                                 ],
                                                 [
                                                     -4.292315308522798,
                                                     53.042129559508894
                                                 ],
                                                 [
                                                     -4.292681344824173,
                                                     53.04230766504206
                                                 ],
                                                 [
                                                     -4.292917795680164,
                                                     53.042433529087354
                                                 ],
                                                 [
                                                     -4.293055674036116,
                                                     53.042558506600137
                                                 ],
                                                 [
                                                     -4.293168588610397,
                                                     53.042746076808626
                                                 ],
                                                 [
                                                     -4.293239763144095,
                                                     53.042907396012197
                                                 ],
                                                 [
                                                     -4.29332863805499,
                                                     53.043008240438077
                                                 ],
                                                 [
                                                     -4.293567422237976,
                                                     53.043150147777659
                                                 ],
                                                 [
                                                     -4.293624406485042,
                                                     53.043183204752502
                                                 ],
                                                 [
                                                     -4.293706514821356,
                                                     53.043212181473493
                                                 ],
                                                 [
                                                     -4.293797639797136,
                                                     53.043241883292865
                                                 ],
                                                 [
                                                     -4.294165626249813,
                                                     53.043289703564838
                                                 ],
                                                 [
                                                     -4.294522702174629,
                                                     53.043271037335025
                                                 ],
                                                 [
                                                     -4.294722948844481,
                                                     53.043250094964883
                                                 ],
                                                 [
                                                     -4.294825559545474,
                                                     53.043243619837135
                                                 ],
                                                 [
                                                     -4.294925411725396,
                                                     53.043240793404472
                                                 ],
                                                 [
                                                     -4.295051245301321,
                                                     53.043250050199916
                                                 ],
                                                 [
                                                     -4.295216402170194,
                                                     53.043242367373843
                                                 ],
                                                 [
                                                     -4.295500659906155,
                                                     53.043258451875914
                                                 ],
                                                 [
                                                     -4.295651248946512,
                                                     53.043312261980567
                                                 ],
                                                 [
                                                     -4.295885996438047,
                                                     53.043433568549695
                                                 ],
                                                 [
                                                     -4.296076349831574,
                                                     53.043562023971496
                                                 ],
                                                 [
                                                     -4.296454555046227,
                                                     53.043774129258544
                                                 ],
                                                 [
                                                     -4.296557321238796,
                                                     53.043826075581386
                                                 ],
                                                 [
                                                     -4.29675173243195,
                                                     53.043975214704155
                                                 ],
                                                 [
                                                     -4.296853700619165,
                                                     53.044180969791135
                                                 ],
                                                 [
                                                     -4.296840082781956,
                                                     53.044373587470602
                                                 ],
                                                 [
                                                     -4.296842263226567,
                                                     53.044472419529647
                                                 ],
                                                 [
                                                     -4.296876954749277,
                                                     53.044703742994756
                                                 ],
                                                 [
                                                     -4.296901498393065,
                                                     53.044855264217219
                                                 ],
                                                 [
                                                     -4.29697311524153,
                                                     53.044996798621469
                                                 ],
                                                 [
                                                     -4.297042323179,
                                                     53.045090739305735
                                                 ],
                                                 [
                                                     -4.297161140537129,
                                                     53.045194598903436
                                                 ],
                                                 [
                                                     -4.297232097635172,
                                                     53.045238169937427
                                                 ],
                                                 [
                                                     -4.297396801793177,
                                                     53.045305098304937
                                                 ],
                                                 [
                                                     -4.29748417901609,
                                                     53.045347453700515
                                                 ],
                                                 [
                                                     -4.297752825775428,
                                                     53.045377317636081
                                                 ],
                                                 [
                                                     -4.298017218439266,
                                                     53.045327264907563
                                                 ],
                                                 [
                                                     -4.29830079455589,
                                                     53.045219314827506
                                                 ],
                                                 [
                                                     -4.298509806491071,
                                                     53.045191903838173
                                                 ],
                                                 [
                                                     -4.298791327633069,
                                                     53.045239493338244
                                                 ],
                                                 [
                                                     -4.299201973419191,
                                                     53.0453880440364
                                                 ],
                                                 [
                                                     -4.299539866655332,
                                                     53.045457012210733
                                                 ],
                                                 [
                                                     -4.30015914042967,
                                                     53.045656264083334
                                                 ],
                                                 [
                                                     -4.300318188149358,
                                                     53.045700017221513
                                                 ],
                                                 [
                                                     -4.300554036456122,
                                                     53.045758373727878
                                                 ],
                                                 [
                                                     -4.300656324803493,
                                                     53.04577347309462
                                                 ],
                                                 [
                                                     -4.300934176971709,
                                                     53.045779781183434
                                                 ],
                                                 [
                                                     -4.301330039592314,
                                                     53.045789198280367
                                                 ],
                                                 [
                                                     -4.301848425156372,
                                                     53.045775567941597
                                                 ],
                                                 [
                                                     -4.3022540035937,
                                                     53.04565805526795
                                                 ],
                                                 [
                                                     -4.302700966704234,
                                                     53.045589985580435
                                                 ],
                                                 [
                                                     -4.303395880371273,
                                                     53.045417427408346
                                                 ],
                                                 [
                                                     -4.303680566062117,
                                                     53.045438877958198
                                                 ],
                                                 [
                                                     -4.303980099286804,
                                                     53.045404310535943
                                                 ],
                                                 [
                                                     -4.30439339464152,
                                                     53.045406188504906
                                                 ],
                                                 [
                                                     -4.30479030859235,
                                                     53.045435347821417
                                                 ],
                                                 [
                                                     -4.305270400202908,
                                                     53.045455702937389
                                                 ],
                                                 [
                                                     -4.305607274813263,
                                                     53.045450069062873
                                                 ],
                                                 [
                                                     -4.3059277653985,
                                                     53.045418685863709
                                                 ],
                                                 [
                                                     -4.306373596066243,
                                                     53.045274311297781
                                                 ],
                                                 [
                                                     -4.307034035723436,
                                                     53.045096918524379
                                                 ],
                                                 [
                                                     -4.307590296381789,
                                                     53.044841545595375
                                                 ],
                                                 [
                                                     -4.307967260102701,
                                                     53.044693108656936
                                                 ],
                                                 [
                                                     -4.30828639420035,
                                                     53.044578960566291
                                                 ],
                                                 [
                                                     -4.308608831057188,
                                                     53.044498994634317
                                                 ],
                                                 [
                                                     -4.308912454070247,
                                                     53.044428380697759
                                                 ],
                                                 [
                                                     -4.309052668342134,
                                                     53.04440048975988
                                                 ],
                                                 [
                                                     -4.309335284868397,
                                                     53.044383315901833
                                                 ],
                                                 [
                                                     -4.309631234080674,
                                                     53.044394644959816
                                                 ],
                                                 [
                                                     -4.310067454456636,
                                                     53.04448953933958
                                                 ],
                                                 [
                                                     -4.31042253368683,
                                                     53.044684072367176
                                                 ],
                                                 [
                                                     -4.310818932963891,
                                                     53.044954205116689
                                                 ],
                                                 [
                                                     -4.310925052754981,
                                                     53.045013264193422
                                                 ],
                                                 [
                                                     -4.31123023602871,
                                                     53.045114295855491
                                                 ],
                                                 [
                                                     -4.311495591336828,
                                                     53.045192821249437
                                                 ],
                                                 [
                                                     -4.311769965734439,
                                                     53.045246811051321
                                                 ],
                                                 [
                                                     -4.311891817424033,
                                                     53.045264216824663
                                                 ],
                                                 [
                                                     -4.312203203204292,
                                                     53.045258161636845
                                                 ],
                                                 [
                                                     -4.312538486428427,
                                                     53.045222877328762
                                                 ],
                                                 [
                                                     -4.312797197173459,
                                                     53.045094611875577
                                                 ],
                                                 [
                                                     -4.313005942555062,
                                                     53.045034822338408
                                                 ],
                                                 [
                                                     -4.313185936007375,
                                                     53.04497109715529
                                                 ],
                                                 [
                                                     -4.31323424825916,
                                                     53.044869485387558
                                                 ],
                                                 [
                                                     -4.313209056333656,
                                                     53.044762022690833
                                                 ],
                                                 [
                                                     -4.31315592942132,
                                                     53.044438480323208
                                                 ],
                                                 [
                                                     -4.313187976780228,
                                                     53.0442284229647
                                                 ],
                                                 [
                                                     -4.313250269630524,
                                                     53.044082405333086
                                                 ],
                                                 [
                                                     -4.313382272142833,
                                                     53.044011524208912
                                                 ],
                                                 [
                                                     -4.313750993034441,
                                                     53.04393244095106
                                                 ],
                                                 [
                                                     -4.314184635658166,
                                                     53.043811554610812
                                                 ],
                                                 [
                                                     -4.314591496175272,
                                                     53.043666110000053
                                                 ],
                                                 [
                                                     -4.314754444172404,
                                                     53.043587433772849
                                                 ],
                                                 [
                                                     -4.314956654183848,
                                                     53.043490824300846
                                                 ],
                                                 [
                                                     -4.315153550954602,
                                                     53.043380026537918
                                                 ],
                                                 [
                                                     -4.315369109233112,
                                                     53.043282348118332
                                                 ],
                                                 [
                                                     -4.3155269001401,
                                                     53.043219950772581
                                                 ],
                                                 [
                                                     -4.315545936825147,
                                                     53.04315746929295
                                                 ],
                                                 [
                                                     -4.315473489614892,
                                                     53.043113937176102
                                                 ],
                                                 [
                                                     -4.315160027699362,
                                                     53.042970831004268
                                                 ],
                                                 [
                                                     -4.314999943625194,
                                                     53.042880377464193
                                                 ],
                                                 [
                                                     -4.31494828858556,
                                                     53.042751947840578
                                                 ],
                                                 [
                                                     -4.314954233764637,
                                                     53.042445232758418
                                                 ],
                                                 [
                                                     -4.314993070399931,
                                                     53.042194505162918
                                                 ],
                                                 [
                                                     -4.315096951095081,
                                                     53.042101698075918
                                                 ],
                                                 [
                                                     -4.315256042779333,
                                                     53.041951187807662
                                                 ],
                                                 [
                                                     -4.315439371088122,
                                                     53.041810002040798
                                                 ],
                                                 [
                                                     -4.315727600235121,
                                                     53.041677650276647
                                                 ],
                                                 [
                                                     -4.315979599610947,
                                                     53.041589956702552
                                                 ],
                                                 [
                                                     -4.316359895959348,
                                                     53.041532212046725
                                                 ],
                                                 [
                                                     -4.316680445175177,
                                                     53.041502595704628
                                                 ],
                                                 [
                                                     -4.316903100596481,
                                                     53.041509942680015
                                                 ],
                                                 [
                                                     -4.317507650036589,
                                                     53.041571865681711
                                                 ],
                                                 [
                                                     -4.317803246694312,
                                                     53.041602147921118
                                                 ],
                                                 [
                                                     -4.317989444391156,
                                                     53.041624584931526
                                                 ],
                                                 [
                                                     -4.31838421036863,
                                                     53.041614190307328
                                                 ],
                                                 [
                                                     -4.318526561717527,
                                                     53.04154391070837
                                                 ],
                                                 [
                                                     -4.318726914374567,
                                                     53.04133057014532
                                                 ],
                                                 [
                                                     -4.318890524341321,
                                                     53.041209538598316
                                                 ],
                                                 [
                                                     -4.319134007416936,
                                                     53.041132880937184
                                                 ],
                                                 [
                                                     -4.319291584382011,
                                                     53.041121717742755
                                                 ],
                                                 [
                                                     -4.319435542300051,
                                                     53.041163851572065
                                                 ],
                                                 [
                                                     -4.319739861047305,
                                                     53.041386314371962
                                                 ],
                                                 [
                                                     -4.320075977731925,
                                                     53.041589279004654
                                                 ],
                                                 [
                                                     -4.320273427293301,
                                                     53.041736433759496
                                                 ],
                                                 [
                                                     -4.320447613602463,
                                                     53.041979410359467
                                                 ],
                                                 [
                                                     -4.320661232497631,
                                                     53.042235101045044
                                                 ],
                                                 [
                                                     -4.320898813622501,
                                                     53.042465154695002
                                                 ],
                                                 [
                                                     -4.321290951006072,
                                                     53.042710077362486
                                                 ],
                                                 [
                                                     -4.321568095105616,
                                                     53.042898010605491
                                                 ],
                                                 [
                                                     -4.321831089628332,
                                                     53.043184194209296
                                                 ],
                                                 [
                                                     -4.321975774146533,
                                                     53.043349455307542
                                                 ],
                                                 [
                                                     -4.321995857835234,
                                                     53.043501059213391
                                                 ],
                                                 [
                                                     -4.321855814466425,
                                                     53.043698936102132
                                                 ],
                                                 [
                                                     -4.321846734465955,
                                                     53.043836638311141
                                                 ],
                                                 [
                                                     -4.321903202715731,
                                                     53.043969465773792
                                                 ],
                                                 [
                                                     -4.321989412717071,
                                                     53.044101801373643
                                                 ],
                                                 [
                                                     -4.322116864239711,
                                                     53.044198186866147
                                                 ],
                                                 [
                                                     -4.322382300129313,
                                                     53.044335110938135
                                                 ],
                                                 [
                                                     -4.322731821870197,
                                                     53.044480190299296
                                                 ],
                                                 [
                                                     -4.323210403410656,
                                                     53.044586792208619
                                                 ],
                                                 [
                                                     -4.323398479469382,
                                                     53.044671294972666
                                                 ],
                                                 [
                                                     -4.323502849367185,
                                                     53.044779814949578
                                                 ],
                                                 [
                                                     -4.32358732117134,
                                                     53.044964316737556
                                                 ],
                                                 [
                                                     -4.3236382345528,
                                                     53.045078375968352
                                                 ],
                                                 [
                                                     -4.323740380192193,
                                                     53.045175253426429
                                                 ],
                                                 [
                                                     -4.323893377921584,
                                                     53.045273025012179
                                                 ],
                                                 [
                                                     -4.324022413705584,
                                                     53.045341513095806
                                                 ],
                                                 [
                                                     -4.324327751148084,
                                                     53.045442508381598
                                                 ],
                                                 [
                                                     -4.324695615137196,
                                                     53.045514415017081
                                                 ],
                                                 [
                                                     -4.3248737611413,
                                                     53.045526302965975
                                                 ],
                                                 [
                                                     -4.324969240770502,
                                                     53.045524435931632
                                                 ],
                                                 [
                                                     -4.325070302206245,
                                                     53.045518864107073
                                                 ],
                                                 [
                                                     -4.325454677205199,
                                                     53.045451932447982
                                                 ],
                                                 [
                                                     -4.325552916822238,
                                                     53.045725150776882
                                                 ],
                                                 [
                                                     -4.325515277556833,
                                                     53.045885074288762
                                                 ],
                                                 [
                                                     -4.325559740316595,
                                                     53.045936338875464
                                                 ],
                                                 [
                                                     -4.325279904533926,
                                                     53.046112594287962
                                                 ],
                                                 [
                                                     -4.325101159715466,
                                                     53.04620157139118
                                                 ],
                                                 [
                                                     -4.324931258620216,
                                                     53.046260622696344
                                                 ],
                                                 [
                                                     -4.324749556621541,
                                                     53.04634956717134
                                                 ],
                                                 [
                                                     -4.324551586636304,
                                                     53.046497344666868
                                                 ],
                                                 [
                                                     -4.324341230752349,
                                                     53.046609320265759
                                                 ],
                                                 [
                                                     -4.324209336977318,
                                                     53.046707177726361
                                                 ],
                                                 [
                                                     -4.324041897900226,
                                                     53.046896603285433
                                                 ],
                                                 [
                                                     -4.323955405458896,
                                                     53.047090649437301
                                                 ],
                                                 [
                                                     -4.323801314918733,
                                                     53.047194423066927
                                                 ],
                                                 [
                                                     -4.323712450618073,
                                                     53.047538714151827
                                                 ],
                                                 [
                                                     -4.323598535507634,
                                                     53.047861023151675
                                                 ],
                                                 [
                                                     -4.323571689542342,
                                                     53.048139384746655
                                                 ],
                                                 [
                                                     -4.323528110007167,
                                                     53.04846571197232
                                                 ],
                                                 [
                                                     -4.32356285067806,
                                                     53.048585480141597
                                                 ],
                                                 [
                                                     -4.323520488708014,
                                                     53.048685271629864
                                                 ],
                                                 [
                                                     -4.323520263652108,
                                                     53.048847968854062
                                                 ],
                                                 [
                                                     -4.323576480512219,
                                                     53.04889361158628
                                                 ]
                                             ]
                                         ]
                                     ]
                 }
}