{
    "type":  "Feature",
    "properties":  {
                       "Name":  "Penisa\u0027r-waun ED",
                       "Area_Code":  "UTE",
                       "Area_Description":  "Unitary Authority Electoral Division",
                       "File_Name":  "GWYNEDD_-_GWYNEDD",
                       "Feature_Serial_Number":  277,
                       "Collection_Serial_Number":  277,
                       "Global_Polygon_ID":  119918,
                       "Admin_Unit_ID":  25697,
                       "Census_Code":  "W05001557",
                       "Hectares":  1285.35,
                       "Non_Inland_Area":  0.0,
                       "Area_Type_Code":  "VA",
                       "Area_Type_Description":  "CIVIL VOTING AREA",
                       "Non_Area_Type_Code":  null,
                       "Non_Area_Type_Description":  null
                   },
    "geometry":  {
                     "type":  "MultiPolygon",
                     "coordinates":  [
                                         [
                                             [
                                                 [
                                                     -4.169658073449011,
                                                     53.190851398228624
                                                 ],
                                                 [
                                                     -4.169497607614416,
                                                     53.1908462328865
                                                 ],
                                                 [
                                                     -4.169421810365896,
                                                     53.190855702709612
                                                 ],
                                                 [
                                                     -4.169316576582567,
                                                     53.190700237806482
                                                 ],
                                                 [
                                                     -4.169225071517552,
                                                     53.190665053699142
                                                 ],
                                                 [
                                                     -4.16922286162109,
                                                     53.190562629771364
                                                 ],
                                                 [
                                                     -4.169267859758473,
                                                     53.190446761604328
                                                 ],
                                                 [
                                                     -4.169183625437257,
                                                     53.190350236406857
                                                 ],
                                                 [
                                                     -4.169078616558777,
                                                     53.190284737927165
                                                 ],
                                                 [
                                                     -4.168849251815715,
                                                     53.190190945005043
                                                 ],
                                                 [
                                                     -4.168872336114108,
                                                     53.190083476023901
                                                 ],
                                                 [
                                                     -4.168805339698437,
                                                     53.1900325655361
                                                 ],
                                                 [
                                                     -4.168822237861774,
                                                     53.189981025226402
                                                 ],
                                                 [
                                                     -4.168845310297486,
                                                     53.189905104791364
                                                 ],
                                                 [
                                                     -4.168638130128041,
                                                     53.189773966476629
                                                 ],
                                                 [
                                                     -4.168500004406368,
                                                     53.189736934549629
                                                 ],
                                                 [
                                                     -4.168444836202011,
                                                     53.189710076133203
                                                 ],
                                                 [
                                                     -4.168409284399644,
                                                     53.189658591917606
                                                 ],
                                                 [
                                                     -4.168420021786843,
                                                     53.189634128724869
                                                 ],
                                                 [
                                                     -4.168427890146866,
                                                     53.189611515014427
                                                 ],
                                                 [
                                                     -4.168444363997784,
                                                     53.189583351982009
                                                 ],
                                                 [
                                                     -4.168086540610569,
                                                     53.189374961200343
                                                 ],
                                                 [
                                                     -4.167835665333725,
                                                     53.189206956875637
                                                 ],
                                                 [
                                                     -4.167830875955832,
                                                     53.1892025505201
                                                 ],
                                                 [
                                                     -4.167677298945585,
                                                     53.189035380919762
                                                 ],
                                                 [
                                                     -4.167542643821915,
                                                     53.188800455418068
                                                 ],
                                                 [
                                                     -4.167136867948679,
                                                     53.188084118377652
                                                 ],
                                                 [
                                                     -4.16702952706154,
                                                     53.187974618791614
                                                 ],
                                                 [
                                                     -4.166910627601102,
                                                     53.18787332936364
                                                 ],
                                                 [
                                                     -4.166746263967023,
                                                     53.187761272708222
                                                 ],
                                                 [
                                                     -4.164397709742071,
                                                     53.187196207502403
                                                 ],
                                                 [
                                                     -4.162063198016861,
                                                     53.186641628454922
                                                 ],
                                                 [
                                                     -4.160749231067622,
                                                     53.186347209679035
                                                 ],
                                                 [
                                                     -4.160400757544103,
                                                     53.186264550006946
                                                 ],
                                                 [
                                                     -4.159897853626448,
                                                     53.18617382897591
                                                 ],
                                                 [
                                                     -4.159897743331877,
                                                     53.186173808499831
                                                 ],
                                                 [
                                                     -4.158184448089778,
                                                     53.185864675172027
                                                 ],
                                                 [
                                                     -4.158018812395221,
                                                     53.185834788330062
                                                 ],
                                                 [
                                                     -4.157112445732956,
                                                     53.185701109959282
                                                 ],
                                                 [
                                                     -4.156338195666385,
                                                     53.185573081646041
                                                 ],
                                                 [
                                                     -4.155803939173804,
                                                     53.185484734511228
                                                 ],
                                                 [
                                                     -4.154411514022851,
                                                     53.184967773883194
                                                 ],
                                                 [
                                                     -4.153324548778074,
                                                     53.184573892400032
                                                 ],
                                                 [
                                                     -4.153582250342724,
                                                     53.184488339207981
                                                 ],
                                                 [
                                                     -4.153587730661579,
                                                     53.184388382507144
                                                 ],
                                                 [
                                                     -4.15368720204056,
                                                     53.184314678719957
                                                 ],
                                                 [
                                                     -4.15379265987034,
                                                     53.184237271194398
                                                 ],
                                                 [
                                                     -4.153921837616584,
                                                     53.184096427875971
                                                 ],
                                                 [
                                                     -4.153964831095323,
                                                     53.184030935301379
                                                 ],
                                                 [
                                                     -4.153929925919588,
                                                     53.184018983365227
                                                 ],
                                                 [
                                                     -4.152924605843568,
                                                     53.183670360380638
                                                 ],
                                                 [
                                                     -4.151024882297086,
                                                     53.183035799561772
                                                 ],
                                                 [
                                                     -4.150332698493418,
                                                     53.182810926559661
                                                 ],
                                                 [
                                                     -4.14973245066525,
                                                     53.182630318618891
                                                 ],
                                                 [
                                                     -4.14942613892336,
                                                     53.182400270463717
                                                 ],
                                                 [
                                                     -4.148515420322722,
                                                     53.181577848086469
                                                 ],
                                                 [
                                                     -4.147901478272286,
                                                     53.181031482561949
                                                 ],
                                                 [
                                                     -4.147915767987421,
                                                     53.181018641453036
                                                 ],
                                                 [
                                                     -4.148027322185198,
                                                     53.180915064203262
                                                 ],
                                                 [
                                                     -4.147232938912484,
                                                     53.180231736427913
                                                 ],
                                                 [
                                                     -4.14690417549382,
                                                     53.17997152755261
                                                 ],
                                                 [
                                                     -4.1465754608997,
                                                     53.179712215078048
                                                 ],
                                                 [
                                                     -4.146037194028373,
                                                     53.179303881541649
                                                 ],
                                                 [
                                                     -4.14590578170508,
                                                     53.179190213779457
                                                 ],
                                                 [
                                                     -4.145846337354445,
                                                     53.179106797128384
                                                 ],
                                                 [
                                                     -4.145449805481108,
                                                     53.179137311329789
                                                 ],
                                                 [
                                                     -4.14539458662758,
                                                     53.179141003490287
                                                 ],
                                                 [
                                                     -4.144975303491747,
                                                     53.179165634375437
                                                 ],
                                                 [
                                                     -4.144854074978364,
                                                     53.179166919147995
                                                 ],
                                                 [
                                                     -4.144551861273626,
                                                     53.179168768291575
                                                 ],
                                                 [
                                                     -4.144294297090815,
                                                     53.179165317250678
                                                 ],
                                                 [
                                                     -4.143523802310854,
                                                     53.179139643389817
                                                 ],
                                                 [
                                                     -4.14207565412441,
                                                     53.179089305909166
                                                 ],
                                                 [
                                                     -4.14135555049904,
                                                     53.179054621671646
                                                 ],
                                                 [
                                                     -4.140847674607574,
                                                     53.179042183116735
                                                 ],
                                                 [
                                                     -4.140379796421278,
                                                     53.179052392811457
                                                 ],
                                                 [
                                                     -4.13959313114539,
                                                     53.179123156354677
                                                 ],
                                                 [
                                                     -4.139471183710827,
                                                     53.179139728179919
                                                 ],
                                                 [
                                                     -4.138704302006028,
                                                     53.179246082164269
                                                 ],
                                                 [
                                                     -4.138023088501995,
                                                     53.178547179857759
                                                 ],
                                                 [
                                                     -4.136938937089766,
                                                     53.177511172256061
                                                 ],
                                                 [
                                                     -4.136783658300239,
                                                     53.177308940682614
                                                 ],
                                                 [
                                                     -4.136690830222595,
                                                     53.177186481615095
                                                 ],
                                                 [
                                                     -4.136666991030233,
                                                     53.176977486553682
                                                 ],
                                                 [
                                                     -4.13668843073798,
                                                     53.17677837601633
                                                 ],
                                                 [
                                                     -4.136690197253734,
                                                     53.1766327370933
                                                 ],
                                                 [
                                                     -4.136691679205561,
                                                     53.176540942002738
                                                 ],
                                                 [
                                                     -4.136667577063751,
                                                     53.176358916411232
                                                 ],
                                                 [
                                                     -4.136611835593445,
                                                     53.176230399147983
                                                 ],
                                                 [
                                                     -4.136436620751621,
                                                     53.176076251767839
                                                 ],
                                                 [
                                                     -4.136209058003678,
                                                     53.175923851615934
                                                 ],
                                                 [
                                                     -4.136155705591256,
                                                     53.17588930654366
                                                 ],
                                                 [
                                                     -4.135859211532945,
                                                     53.175689247661083
                                                 ],
                                                 [
                                                     -4.134737602600714,
                                                     53.174919939384615
                                                 ],
                                                 [
                                                     -4.134090728639643,
                                                     53.174519792678431
                                                 ],
                                                 [
                                                     -4.134016466076567,
                                                     53.17455977185957
                                                 ],
                                                 [
                                                     -4.133689807242861,
                                                     53.174491025450763
                                                 ],
                                                 [
                                                     -4.133012357206773,
                                                     53.174319716915683
                                                 ],
                                                 [
                                                     -4.132800563743651,
                                                     53.174211160269735
                                                 ],
                                                 [
                                                     -4.13253614158718,
                                                     53.174190730031171
                                                 ],
                                                 [
                                                     -4.131852776184116,
                                                     53.174049181960818
                                                 ],
                                                 [
                                                     -4.130833231418451,
                                                     53.173828260152597
                                                 ],
                                                 [
                                                     -4.130312828325346,
                                                     53.173713537640062
                                                 ],
                                                 [
                                                     -4.130111732089533,
                                                     53.173671295878215
                                                 ],
                                                 [
                                                     -4.130168977980881,
                                                     53.173619040288138
                                                 ],
                                                 [
                                                     -4.130197819409783,
                                                     53.173596053950867
                                                 ],
                                                 [
                                                     -4.130099723477392,
                                                     53.173518623882892
                                                 ],
                                                 [
                                                     -4.129962982914494,
                                                     53.173477927681638
                                                 ],
                                                 [
                                                     -4.129813964632334,
                                                     53.173428462106209
                                                 ],
                                                 [
                                                     -4.129512975536024,
                                                     53.173212649973841
                                                 ],
                                                 [
                                                     -4.129450011208633,
                                                     53.173089740281434
                                                 ],
                                                 [
                                                     -4.129389427112198,
                                                     53.173074645168157
                                                 ],
                                                 [
                                                     -4.129131632024703,
                                                     53.172794243964681
                                                 ],
                                                 [
                                                     -4.129010132116401,
                                                     53.172697548324031
                                                 ],
                                                 [
                                                     -4.128921799259854,
                                                     53.172667669568533
                                                 ],
                                                 [
                                                     -4.128794361179374,
                                                     53.17266275750395
                                                 ],
                                                 [
                                                     -4.128651239241481,
                                                     53.172672507147695
                                                 ],
                                                 [
                                                     -4.128552550683101,
                                                     53.172675169698941
                                                 ],
                                                 [
                                                     -4.128467555025498,
                                                     53.172680284571875
                                                 ],
                                                 [
                                                     -4.128313887690298,
                                                     53.172748644437348
                                                 ],
                                                 [
                                                     -4.127971582240137,
                                                     53.172906661682923
                                                 ],
                                                 [
                                                     -4.127886895014233,
                                                     53.172950419602522
                                                 ],
                                                 [
                                                     -4.127691202415662,
                                                     53.172835273685386
                                                 ],
                                                 [
                                                     -4.127669624871668,
                                                     53.172823075983558
                                                 ],
                                                 [
                                                     -4.126781064851876,
                                                     53.173311005270207
                                                 ],
                                                 [
                                                     -4.126915551366714,
                                                     53.173398483215877
                                                 ],
                                                 [
                                                     -4.126940265366527,
                                                     53.173414220381169
                                                 ],
                                                 [
                                                     -4.12525047988398,
                                                     53.174223840230688
                                                 ],
                                                 [
                                                     -4.124132617137589,
                                                     53.174736514149487
                                                 ],
                                                 [
                                                     -4.123437423668496,
                                                     53.175051902578055
                                                 ],
                                                 [
                                                     -4.123328034618768,
                                                     53.175107781938827
                                                 ],
                                                 [
                                                     -4.123230018962993,
                                                     53.175184130540835
                                                 ],
                                                 [
                                                     -4.123033787466,
                                                     53.174785773602167
                                                 ],
                                                 [
                                                     -4.122809411988689,
                                                     53.174364548783409
                                                 ],
                                                 [
                                                     -4.121182329214791,
                                                     53.175444521500495
                                                 ],
                                                 [
                                                     -4.120652654060842,
                                                     53.175779413861143
                                                 ],
                                                 [
                                                     -4.120459577873071,
                                                     53.175899697463379
                                                 ],
                                                 [
                                                     -4.120038614613624,
                                                     53.176162543750984
                                                 ],
                                                 [
                                                     -4.119887491755547,
                                                     53.176225454615796
                                                 ],
                                                 [
                                                     -4.119767354493936,
                                                     53.176276219328841
                                                 ],
                                                 [
                                                     -4.119522438748636,
                                                     53.17634619209381
                                                 ],
                                                 [
                                                     -4.119311127588192,
                                                     53.176402083865462
                                                 ],
                                                 [
                                                     -4.119144757972086,
                                                     53.176396057124101
                                                 ],
                                                 [
                                                     -4.119008380013772,
                                                     53.176422751813533
                                                 ],
                                                 [
                                                     -4.11893419003715,
                                                     53.176464519169045
                                                 ],
                                                 [
                                                     -4.118857935181621,
                                                     53.176526994465668
                                                 ],
                                                 [
                                                     -4.118694948894834,
                                                     53.176559555776869
                                                 ],
                                                 [
                                                     -4.118534923394809,
                                                     53.176684730536294
                                                 ],
                                                 [
                                                     -4.118469995737216,
                                                     53.176731724466023
                                                 ],
                                                 [
                                                     -4.118236529917341,
                                                     53.176913931143247
                                                 ],
                                                 [
                                                     -4.118146210405819,
                                                     53.176903853717505
                                                 ],
                                                 [
                                                     -4.117885922755866,
                                                     53.17690488851045
                                                 ],
                                                 [
                                                     -4.117547786198995,
                                                     53.176936069169898
                                                 ],
                                                 [
                                                     -4.117332271888623,
                                                     53.176966866484925
                                                 ],
                                                 [
                                                     -4.117052599959298,
                                                     53.177030261457304
                                                 ],
                                                 [
                                                     -4.116879088121695,
                                                     53.177062108340216
                                                 ],
                                                 [
                                                     -4.115902062570044,
                                                     53.176459119441134
                                                 ],
                                                 [
                                                     -4.114400550479,
                                                     53.175534588519369
                                                 ],
                                                 [
                                                     -4.113136786828636,
                                                     53.174756818930291
                                                 ],
                                                 [
                                                     -4.112193732678039,
                                                     53.174202722081631
                                                 ],
                                                 [
                                                     -4.111419094291218,
                                                     53.173723737360874
                                                 ],
                                                 [
                                                     -4.110634251360819,
                                                     53.173282768297149
                                                 ],
                                                 [
                                                     -4.110481433950164,
                                                     53.173185619362407
                                                 ],
                                                 [
                                                     -4.110439728611764,
                                                     53.173100073892535
                                                 ],
                                                 [
                                                     -4.10991634497882,
                                                     53.172038604676885
                                                 ],
                                                 [
                                                     -4.109028377910169,
                                                     53.170226529129728
                                                 ],
                                                 [
                                                     -4.108906999816278,
                                                     53.169977823014243
                                                 ],
                                                 [
                                                     -4.108130028871797,
                                                     53.168382273661244
                                                 ],
                                                 [
                                                     -4.108334215219055,
                                                     53.167756505389704
                                                 ],
                                                 [
                                                     -4.108726352610564,
                                                     53.166843296088182
                                                 ],
                                                 [
                                                     -4.109147959619228,
                                                     53.165801932289313
                                                 ],
                                                 [
                                                     -4.109589907577251,
                                                     53.16492918142729
                                                 ],
                                                 [
                                                     -4.109623099917682,
                                                     53.16341096043773
                                                 ],
                                                 [
                                                     -4.109473217236832,
                                                     53.162367137065274
                                                 ],
                                                 [
                                                     -4.109163865484129,
                                                     53.160727354867447
                                                 ],
                                                 [
                                                     -4.10932714050793,
                                                     53.160822431979362
                                                 ],
                                                 [
                                                     -4.111629975182403,
                                                     53.162086134187142
                                                 ],
                                                 [
                                                     -4.113405681860732,
                                                     53.162968979670424
                                                 ],
                                                 [
                                                     -4.114190869477948,
                                                     53.1633299295939
                                                 ],
                                                 [
                                                     -4.114632732825094,
                                                     53.163554063505529
                                                 ],
                                                 [
                                                     -4.115320607151758,
                                                     53.16363891498434
                                                 ],
                                                 [
                                                     -4.115504692228241,
                                                     53.163306590285131
                                                 ],
                                                 [
                                                     -4.116817250967679,
                                                     53.161100327168192
                                                 ],
                                                 [
                                                     -4.119495249097549,
                                                     53.160744297537867
                                                 ],
                                                 [
                                                     -4.119987794642999,
                                                     53.161115812711323
                                                 ],
                                                 [
                                                     -4.120009014372326,
                                                     53.16121349490507
                                                 ],
                                                 [
                                                     -4.119769296897912,
                                                     53.161992714951268
                                                 ],
                                                 [
                                                     -4.119816992242018,
                                                     53.162142057090861
                                                 ],
                                                 [
                                                     -4.119853702111077,
                                                     53.162218700479769
                                                 ],
                                                 [
                                                     -4.120025988219925,
                                                     53.162435930269474
                                                 ],
                                                 [
                                                     -4.120112785675591,
                                                     53.162377669754036
                                                 ],
                                                 [
                                                     -4.120224236371017,
                                                     53.162331643319057
                                                 ],
                                                 [
                                                     -4.120290724543983,
                                                     53.162314280493298
                                                 ],
                                                 [
                                                     -4.120388603242846,
                                                     53.162298156660391
                                                 ],
                                                 [
                                                     -4.120448317337189,
                                                     53.162293497707026
                                                 ],
                                                 [
                                                     -4.121005912436568,
                                                     53.162467909791317
                                                 ],
                                                 [
                                                     -4.121135030835566,
                                                     53.162537513792948
                                                 ],
                                                 [
                                                     -4.121223657866903,
                                                     53.162576380874576
                                                 ],
                                                 [
                                                     -4.121315055394872,
                                                     53.162608906869693
                                                 ],
                                                 [
                                                     -4.121436364222097,
                                                     53.16264269791106
                                                 ],
                                                 [
                                                     -4.121591967292911,
                                                     53.162674079539734
                                                 ],
                                                 [
                                                     -4.122121719159376,
                                                     53.162768989271932
                                                 ],
                                                 [
                                                     -4.122454570090992,
                                                     53.162875406245007
                                                 ],
                                                 [
                                                     -4.122801928122328,
                                                     53.162880897127081
                                                 ],
                                                 [
                                                     -4.122995412857899,
                                                     53.162800149768351
                                                 ],
                                                 [
                                                     -4.12306521320544,
                                                     53.162789917045451
                                                 ],
                                                 [
                                                     -4.123711156251792,
                                                     53.162540121991768
                                                 ],
                                                 [
                                                     -4.12386720406923,
                                                     53.162580480675331
                                                 ],
                                                 [
                                                     -4.124313329671112,
                                                     53.162253354457555
                                                 ],
                                                 [
                                                     -4.124407508663747,
                                                     53.162192352651864
                                                 ],
                                                 [
                                                     -4.124443028219805,
                                                     53.16215486701676
                                                 ],
                                                 [
                                                     -4.124464850937478,
                                                     53.162112234103923
                                                 ],
                                                 [
                                                     -4.124472987827651,
                                                     53.162034790865839
                                                 ],
                                                 [
                                                     -4.124373234826094,
                                                     53.161740774020252
                                                 ],
                                                 [
                                                     -4.12455187030917,
                                                     53.161813984243722
                                                 ],
                                                 [
                                                     -4.125108292620277,
                                                     53.162024350852398
                                                 ],
                                                 [
                                                     -4.125486236660078,
                                                     53.162104787770701
                                                 ],
                                                 [
                                                     -4.126056952900295,
                                                     53.162179983730027
                                                 ],
                                                 [
                                                     -4.126685334631893,
                                                     53.162273920884523
                                                 ],
                                                 [
                                                     -4.127228083033592,
                                                     53.162327230436041
                                                 ],
                                                 [
                                                     -4.127375060317727,
                                                     53.162336288311558
                                                 ],
                                                 [
                                                     -4.127670208164811,
                                                     53.162343597000486
                                                 ],
                                                 [
                                                     -4.127882281325355,
                                                     53.162337110256949
                                                 ],
                                                 [
                                                     -4.128028503261954,
                                                     53.162330901205301
                                                 ],
                                                 [
                                                     -4.128620089702105,
                                                     53.162284372136249
                                                 ],
                                                 [
                                                     -4.129042530150198,
                                                     53.162234484564571
                                                 ],
                                                 [
                                                     -4.129643799765206,
                                                     53.162141938330109
                                                 ],
                                                 [
                                                     -4.129779992264809,
                                                     53.162112537110843
                                                 ],
                                                 [
                                                     -4.12995545778344,
                                                     53.162061761753087
                                                 ],
                                                 [
                                                     -4.130124385888053,
                                                     53.161998518878775
                                                 ],
                                                 [
                                                     -4.130239860220125,
                                                     53.161944321176549
                                                 ],
                                                 [
                                                     -4.131567839095742,
                                                     53.161182358815097
                                                 ],
                                                 [
                                                     -4.132864547196109,
                                                     53.160514508225432
                                                 ],
                                                 [
                                                     -4.134413588398558,
                                                     53.159685725543127
                                                 ],
                                                 [
                                                     -4.134483842724299,
                                                     53.159563036080677
                                                 ],
                                                 [
                                                     -4.134651494167775,
                                                     53.159114130348286
                                                 ],
                                                 [
                                                     -4.134733669131635,
                                                     53.158719786846149
                                                 ],
                                                 [
                                                     -4.134734906530003,
                                                     53.158595639418976
                                                 ],
                                                 [
                                                     -4.13471871901401,
                                                     53.158510542576309
                                                 ],
                                                 [
                                                     -4.134659790020264,
                                                     53.158347026815427
                                                 ],
                                                 [
                                                     -4.134542896598338,
                                                     53.158190932875513
                                                 ],
                                                 [
                                                     -4.13444870984621,
                                                     53.158012769561807
                                                 ],
                                                 [
                                                     -4.134362344282449,
                                                     53.157659198149659
                                                 ],
                                                 [
                                                     -4.134256488404453,
                                                     53.157394958607753
                                                 ],
                                                 [
                                                     -4.134167668585078,
                                                     53.157200610039759
                                                 ],
                                                 [
                                                     -4.134070192138395,
                                                     53.157105196236714
                                                 ],
                                                 [
                                                     -4.134003350079813,
                                                     53.15699584067994
                                                 ],
                                                 [
                                                     -4.133951442603403,
                                                     53.156914081265235
                                                 ],
                                                 [
                                                     -4.133830621368218,
                                                     53.156708531924231
                                                 ],
                                                 [
                                                     -4.133728964704552,
                                                     53.156138531004714
                                                 ],
                                                 [
                                                     -4.135491565023909,
                                                     53.156060186200499
                                                 ],
                                                 [
                                                     -4.135594435293998,
                                                     53.15602328697814
                                                 ],
                                                 [
                                                     -4.135634359222563,
                                                     53.156012683679641
                                                 ],
                                                 [
                                                     -4.135756209542355,
                                                     53.155997914204669
                                                 ],
                                                 [
                                                     -4.135828550236424,
                                                     53.15597953938309
                                                 ],
                                                 [
                                                     -4.136132791456511,
                                                     53.155959698757314
                                                 ],
                                                 [
                                                     -4.136196992202639,
                                                     53.155928886423851
                                                 ],
                                                 [
                                                     -4.136303670279318,
                                                     53.155817227277595
                                                 ],
                                                 [
                                                     -4.136328294142132,
                                                     53.155801504811159
                                                 ],
                                                 [
                                                     -4.136402202888244,
                                                     53.155784898731802
                                                 ],
                                                 [
                                                     -4.136412720164824,
                                                     53.15578560904553
                                                 ],
                                                 [
                                                     -4.136466322994069,
                                                     53.155931242751358
                                                 ],
                                                 [
                                                     -4.138393924650937,
                                                     53.155982018640991
                                                 ],
                                                 [
                                                     -4.138502353433211,
                                                     53.155846148285775
                                                 ],
                                                 [
                                                     -4.138402990828786,
                                                     53.155742682029278
                                                 ],
                                                 [
                                                     -4.138318279409455,
                                                     53.155603989542058
                                                 ],
                                                 [
                                                     -4.138263062088453,
                                                     53.155426028148398
                                                 ],
                                                 [
                                                     -4.138126712663031,
                                                     53.155089535704555
                                                 ],
                                                 [
                                                     -4.137923729117629,
                                                     53.154707501802783
                                                 ],
                                                 [
                                                     -4.13761763403514,
                                                     53.154267996902767
                                                 ],
                                                 [
                                                     -4.137625914383151,
                                                     53.15425346760896
                                                 ],
                                                 [
                                                     -4.138178389297375,
                                                     53.154174246803052
                                                 ],
                                                 [
                                                     -4.138352285211591,
                                                     53.154152248068463
                                                 ],
                                                 [
                                                     -4.13922175752997,
                                                     53.154042250691596
                                                 ],
                                                 [
                                                     -4.139392877658678,
                                                     53.153994234510854
                                                 ],
                                                 [
                                                     -4.139472733688041,
                                                     53.153946061183305
                                                 ],
                                                 [
                                                     -4.139565703317441,
                                                     53.153891270507607
                                                 ],
                                                 [
                                                     -4.139723756808841,
                                                     53.153729340228644
                                                 ],
                                                 [
                                                     -4.139868437173247,
                                                     53.153633262376893
                                                 ],
                                                 [
                                                     -4.139911225710061,
                                                     53.153620808879474
                                                 ],
                                                 [
                                                     -4.140020389906406,
                                                     53.153589186110416
                                                 ],
                                                 [
                                                     -4.140346102745716,
                                                     53.153552679888591
                                                 ],
                                                 [
                                                     -4.141132754131614,
                                                     53.153431574174355
                                                 ],
                                                 [
                                                     -4.141591091130192,
                                                     53.153416139220951
                                                 ],
                                                 [
                                                     -4.142892637967088,
                                                     53.153392715852704
                                                 ],
                                                 [
                                                     -4.143947154392483,
                                                     53.153363840666124
                                                 ],
                                                 [
                                                     -4.144235309419333,
                                                     53.1533829180702
                                                 ],
                                                 [
                                                     -4.144501124869011,
                                                     53.153104800688013
                                                 ],
                                                 [
                                                     -4.144767340154386,
                                                     53.152805104088699
                                                 ],
                                                 [
                                                     -4.145034178696453,
                                                     53.152517979001757
                                                 ],
                                                 [
                                                     -4.145199105971375,
                                                     53.152346030276334
                                                 ],
                                                 [
                                                     -4.145323890316488,
                                                     53.152239518953081
                                                 ],
                                                 [
                                                     -4.145518400445346,
                                                     53.152092113453165
                                                 ],
                                                 [
                                                     -4.145721775060046,
                                                     53.151971601746133
                                                 ],
                                                 [
                                                     -4.145954407674077,
                                                     53.151836989856918
                                                 ],
                                                 [
                                                     -4.146214350258653,
                                                     53.151710963905813
                                                 ],
                                                 [
                                                     -4.146526304048474,
                                                     53.151579505017814
                                                 ],
                                                 [
                                                     -4.146986347563319,
                                                     53.151388659166173
                                                 ],
                                                 [
                                                     -4.147439667521388,
                                                     53.151211415255823
                                                 ],
                                                 [
                                                     -4.147609511683205,
                                                     53.151138243316709
                                                 ],
                                                 [
                                                     -4.147718688045862,
                                                     53.151098981849366
                                                 ],
                                                 [
                                                     -4.147739152333617,
                                                     53.151104534786882
                                                 ],
                                                 [
                                                     -4.147932538263317,
                                                     53.151023747739536
                                                 ],
                                                 [
                                                     -4.147951599757152,
                                                     53.151015313939652
                                                 ],
                                                 [
                                                     -4.148171169084818,
                                                     53.150920571551787
                                                 ],
                                                 [
                                                     -4.148260222882199,
                                                     53.150876630737926
                                                 ],
                                                 [
                                                     -4.148347590973052,
                                                     53.150831012045799
                                                 ],
                                                 [
                                                     -4.148392612149551,
                                                     53.150804133622756
                                                 ],
                                                 [
                                                     -4.148412704984653,
                                                     53.150816354362746
                                                 ],
                                                 [
                                                     -4.14850178013814,
                                                     53.150864181118259
                                                 ],
                                                 [
                                                     -4.148573740407612,
                                                     53.150895239789989
                                                 ],
                                                 [
                                                     -4.148593441712933,
                                                     53.150902074941563
                                                 ],
                                                 [
                                                     -4.148614659568253,
                                                     53.150907174481041
                                                 ],
                                                 [
                                                     -4.148774687182833,
                                                     53.150943653385049
                                                 ],
                                                 [
                                                     -4.149280152007392,
                                                     53.151045261734794
                                                 ],
                                                 [
                                                     -4.149867345872063,
                                                     53.151158604611446
                                                 ],
                                                 [
                                                     -4.150234365491309,
                                                     53.151231160037611
                                                 ],
                                                 [
                                                     -4.150582891490495,
                                                     53.15129137606327
                                                 ],
                                                 [
                                                     -4.1508653152104,
                                                     53.151346493826722
                                                 ],
                                                 [
                                                     -4.151459934040196,
                                                     53.151455290190178
                                                 ],
                                                 [
                                                     -4.151902102563676,
                                                     53.15153367388357
                                                 ],
                                                 [
                                                     -4.152489289583905,
                                                     53.151641700422708
                                                 ],
                                                 [
                                                     -4.152828916504958,
                                                     53.151703868082421
                                                 ],
                                                 [
                                                     -4.153080824478441,
                                                     53.151747848197971
                                                 ],
                                                 [
                                                     -4.153232304736814,
                                                     53.151776027188141
                                                 ],
                                                 [
                                                     -4.153246121507852,
                                                     53.151751508620492
                                                 ],
                                                 [
                                                     -4.15326499263601,
                                                     53.151722046332225
                                                 ],
                                                 [
                                                     -4.153281721529608,
                                                     53.15169657690867
                                                 ],
                                                 [
                                                     -4.153300152925309,
                                                     53.151675570242929
                                                 ],
                                                 [
                                                     -4.153311429510174,
                                                     53.151661884676123
                                                 ],
                                                 [
                                                     -4.153318461821636,
                                                     53.151654566689253
                                                 ],
                                                 [
                                                     -4.153326781277632,
                                                     53.151640933716259
                                                 ],
                                                 [
                                                     -4.153333667904552,
                                                     53.151628225734015
                                                 ],
                                                 [
                                                     -4.153344493411739,
                                                     53.15160555940863
                                                 ],
                                                 [
                                                     -4.153349823185008,
                                                     53.151593778660519
                                                 ],
                                                 [
                                                     -4.153358232550385,
                                                     53.151581942201219
                                                 ],
                                                 [
                                                     -4.153366821683127,
                                                     53.151573696976413
                                                 ],
                                                 [
                                                     -4.153382398176976,
                                                     53.151557236400912
                                                 ],
                                                 [
                                                     -4.153406517360587,
                                                     53.151531633263289
                                                 ],
                                                 [
                                                     -4.153409418670837,
                                                     53.151527986289011
                                                 ],
                                                 [
                                                     -4.153434747345282,
                                                     53.151496967735525
                                                 ],
                                                 [
                                                     -4.153438912480959,
                                                     53.151491499753817
                                                 ],
                                                 [
                                                     -4.153464095464466,
                                                     53.151455092098274
                                                 ],
                                                 [
                                                     -4.153494794241121,
                                                     53.151413101211354
                                                 ],
                                                 [
                                                     -4.153525844733689,
                                                     53.151375687418614
                                                 ],
                                                 [
                                                     -4.153552280556956,
                                                     53.151334762618546
                                                 ],
                                                 [
                                                     -4.153575771620109,
                                                     53.151296587404495
                                                 ],
                                                 [
                                                     -4.153600830357914,
                                                     53.151260181965021
                                                 ],
                                                 [
                                                     -4.153656536190839,
                                                     53.151178281042654
                                                 ],
                                                 [
                                                     -4.15367863771101,
                                                     53.151141928190768
                                                 ],
                                                 [
                                                     -4.15370936868807,
                                                     53.15109813941671
                                                 ],
                                                 [
                                                     -4.153724574343154,
                                                     53.151071798413696
                                                 ],
                                                 [
                                                     -4.153740684140317,
                                                     53.151036453031679
                                                 ],
                                                 [
                                                     -4.153759470338954,
                                                     53.150992970274594
                                                 ],
                                                 [
                                                     -4.153783719458701,
                                                     53.150940400649965
                                                 ],
                                                 [
                                                     -4.153813735288199,
                                                     53.150882333144942
                                                 ],
                                                 [
                                                     -4.15383771597748,
                                                     53.150824374834457
                                                 ],
                                                 [
                                                     -4.153865264733289,
                                                     53.150776149137279
                                                 ],
                                                 [
                                                     -4.153876849638321,
                                                     53.1507390883664
                                                 ],
                                                 [
                                                     -4.153877626381118,
                                                     53.150737366974482
                                                 ],
                                                 [
                                                     -4.153892786105352,
                                                     53.150705184610977
                                                 ],
                                                 [
                                                     -4.153914824629022,
                                                     53.150660204459456
                                                 ],
                                                 [
                                                     -4.153938000276124,
                                                     53.150615743169411
                                                 ],
                                                 [
                                                     -4.153944630293032,
                                                     53.150597916880898
                                                 ],
                                                 [
                                                     -4.153956273897385,
                                                     53.150574336616401
                                                 ],
                                                 [
                                                     -4.153977720699749,
                                                     53.150539703784837
                                                 ],
                                                 [
                                                     -4.154000443230319,
                                                     53.150503429534524
                                                 ],
                                                 [
                                                     -4.154016857270706,
                                                     53.150476617985163
                                                 ],
                                                 [
                                                     -4.154036078023278,
                                                     53.150454159294966
                                                 ],
                                                 [
                                                     -4.154059133208635,
                                                     53.15042453034421
                                                 ],
                                                 [
                                                     -4.154064371242644,
                                                     53.150410953975346
                                                 ],
                                                 [
                                                     -4.154069914607655,
                                                     53.150400966569109
                                                 ],
                                                 [
                                                     -4.154079756316698,
                                                     53.150388205061212
                                                 ],
                                                 [
                                                     -4.154091077259225,
                                                     53.150375416783099
                                                 ],
                                                 [
                                                     -4.154095332118695,
                                                     53.150371744396466
                                                 ],
                                                 [
                                                     -4.154102334484398,
                                                     53.150366314052427
                                                 ],
                                                 [
                                                     -4.154108265688719,
                                                     53.15036162324904
                                                 ],
                                                 [
                                                     -4.154113251168872,
                                                     53.150357757825468
                                                 ],
                                                 [
                                                     -4.1541586120894,
                                                     53.150379587234454
                                                 ],
                                                 [
                                                     -4.154202887937574,
                                                     53.150399458306175
                                                 ],
                                                 [
                                                     -4.154330657258932,
                                                     53.150463928051437
                                                 ],
                                                 [
                                                     -4.154397997050944,
                                                     53.150498662242754
                                                 ],
                                                 [
                                                     -4.15444823739719,
                                                     53.150524357346058
                                                 ],
                                                 [
                                                     -4.154495297863114,
                                                     53.150548132926176
                                                 ],
                                                 [
                                                     -4.154496055480447,
                                                     53.150548478841884
                                                 ],
                                                 [
                                                     -4.154566692191073,
                                                     53.15052347198791
                                                 ],
                                                 [
                                                     -4.154653513547702,
                                                     53.150496643704791
                                                 ],
                                                 [
                                                     -4.15469816727594,
                                                     53.150487117100461
                                                 ],
                                                 [
                                                     -4.154793131365063,
                                                     53.150475151317764
                                                 ],
                                                 [
                                                     -4.154971164035484,
                                                     53.15040820211766
                                                 ],
                                                 [
                                                     -4.155000607686955,
                                                     53.150395355374918
                                                 ],
                                                 [
                                                     -4.155040411112603,
                                                     53.150377646790098
                                                 ],
                                                 [
                                                     -4.15513817549552,
                                                     53.150335430208912
                                                 ],
                                                 [
                                                     -4.155202068513336,
                                                     53.150303803828969
                                                 ],
                                                 [
                                                     -4.155428628302576,
                                                     53.150159486745451
                                                 ],
                                                 [
                                                     -4.155496789150008,
                                                     53.150117086662341
                                                 ],
                                                 [
                                                     -4.155513490856161,
                                                     53.150108334738711
                                                 ],
                                                 [
                                                     -4.155948739747091,
                                                     53.149920869689112
                                                 ],
                                                 [
                                                     -4.156163576280341,
                                                     53.149820714635524
                                                 ],
                                                 [
                                                     -4.156208612999913,
                                                     53.14979670995303
                                                 ],
                                                 [
                                                     -4.156269387454079,
                                                     53.149764420218943
                                                 ],
                                                 [
                                                     -4.156282833414001,
                                                     53.149757165678238
                                                 ],
                                                 [
                                                     -4.156285960347725,
                                                     53.149755580610346
                                                 ],
                                                 [
                                                     -4.15659535552435,
                                                     53.149603468914236
                                                 ],
                                                 [
                                                     -4.156679517494008,
                                                     53.149550711314333
                                                 ],
                                                 [
                                                     -4.156767716756917,
                                                     53.149492397957388
                                                 ],
                                                 [
                                                     -4.156837196332034,
                                                     53.149444400739362
                                                 ],
                                                 [
                                                     -4.156861583949266,
                                                     53.149424185537939
                                                 ],
                                                 [
                                                     -4.157552669924706,
                                                     53.14892674982034
                                                 ],
                                                 [
                                                     -4.157724154379272,
                                                     53.14878845951565
                                                 ],
                                                 [
                                                     -4.157775318526243,
                                                     53.148741602906043
                                                 ],
                                                 [
                                                     -4.157829234928344,
                                                     53.148683280856019
                                                 ],
                                                 [
                                                     -4.157830830024124,
                                                     53.148680645528252
                                                 ],
                                                 [
                                                     -4.15785639803623,
                                                     53.14863973544238
                                                 ],
                                                 [
                                                     -4.157875003676391,
                                                     53.148612433162533
                                                 ],
                                                 [
                                                     -4.157895964731938,
                                                     53.148575561605959
                                                 ],
                                                 [
                                                     -4.158155054545782,
                                                     53.148042810177145
                                                 ],
                                                 [
                                                     -4.158180919110319,
                                                     53.147995513018024
                                                 ],
                                                 [
                                                     -4.158187257517458,
                                                     53.147979309188138
                                                 ],
                                                 [
                                                     -4.158244551933271,
                                                     53.14783104449215
                                                 ],
                                                 [
                                                     -4.158270044558123,
                                                     53.147749329461703
                                                 ],
                                                 [
                                                     -4.158285401149459,
                                                     53.147679392657473
                                                 ],
                                                 [
                                                     -4.158292303666838,
                                                     53.147595767021805
                                                 ],
                                                 [
                                                     -4.158292578120087,
                                                     53.147593874891705
                                                 ],
                                                 [
                                                     -4.158290276143762,
                                                     53.147547987504588
                                                 ],
                                                 [
                                                     -4.158293438071463,
                                                     53.147520067008976
                                                 ],
                                                 [
                                                     -4.15829084533551,
                                                     53.147500339817327
                                                 ],
                                                 [
                                                     -4.158296160600664,
                                                     53.147485861870834
                                                 ],
                                                 [
                                                     -4.158303974703796,
                                                     53.147432690175229
                                                 ],
                                                 [
                                                     -4.158313003604352,
                                                     53.14740376422143
                                                 ],
                                                 [
                                                     -4.158347471553394,
                                                     53.147348581685229
                                                 ],
                                                 [
                                                     -4.158182994854048,
                                                     53.14727246812442
                                                 ],
                                                 [
                                                     -4.158157754048135,
                                                     53.147260881803533
                                                 ],
                                                 [
                                                     -4.158429011808279,
                                                     53.147182259889632
                                                 ],
                                                 [
                                                     -4.158439348569127,
                                                     53.147179376124996
                                                 ],
                                                 [
                                                     -4.158449593750882,
                                                     53.147174696773696
                                                 ],
                                                 [
                                                     -4.158452505442436,
                                                     53.147173744900293
                                                 ],
                                                 [
                                                     -4.158465617247618,
                                                     53.147167215418605
                                                 ],
                                                 [
                                                     -4.158469871419763,
                                                     53.147163542880833
                                                 ],
                                                 [
                                                     -4.158475902936912,
                                                     53.147163343596837
                                                 ],
                                                 [
                                                     -4.158494714517623,
                                                     53.147162283203762
                                                 ],
                                                 [
                                                     -4.158496548520156,
                                                     53.147112815327965
                                                 ],
                                                 [
                                                     -4.158499248383581,
                                                     53.147078161955363
                                                 ],
                                                 [
                                                     -4.158505032421938,
                                                     53.147050913158573
                                                 ],
                                                 [
                                                     -4.158522947244605,
                                                     53.147019669167896
                                                 ],
                                                 [
                                                     -4.158582447516262,
                                                     53.146935089648892
                                                 ],
                                                 [
                                                     -4.158624623170491,
                                                     53.146876261757164
                                                 ],
                                                 [
                                                     -4.158656584311654,
                                                     53.146825168612573
                                                 ],
                                                 [
                                                     -4.15869659019697,
                                                     53.146777165321197
                                                 ],
                                                 [
                                                     -4.158741420173506,
                                                     53.146717210357593
                                                 ],
                                                 [
                                                     -4.158784382343233,
                                                     53.146656839715369
                                                 ],
                                                 [
                                                     -4.158808431235042,
                                                     53.146625034887293
                                                 ],
                                                 [
                                                     -4.158874217530069,
                                                     53.146631301303159
                                                 ],
                                                 [
                                                     -4.158957795252546,
                                                     53.146638323864146
                                                 ],
                                                 [
                                                     -4.159034251052174,
                                                     53.146645925986981
                                                 ],
                                                 [
                                                     -4.159120777847701,
                                                     53.146657658228968
                                                 ],
                                                 [
                                                     -4.15931242488332,
                                                     53.146685550303346
                                                 ],
                                                 [
                                                     -4.159471360280152,
                                                     53.146715114439594
                                                 ],
                                                 [
                                                     -4.159484307589855,
                                                     53.146693038359857
                                                 ],
                                                 [
                                                     -4.159524453402493,
                                                     53.146689613676173
                                                 ],
                                                 [
                                                     -4.159560164875026,
                                                     53.146686269433111
                                                 ],
                                                 [
                                                     -4.159576582432979,
                                                     53.146684173415188
                                                 ],
                                                 [
                                                     -4.159588395114239,
                                                     53.146681262770478
                                                 ],
                                                 [
                                                     -4.159601598264719,
                                                     53.146676529649262
                                                 ],
                                                 [
                                                     -4.159614754785308,
                                                     53.146670897400512
                                                 ],
                                                 [
                                                     -4.159620520297822,
                                                     53.146665400151583
                                                 ],
                                                 [
                                                     -4.159623206578736,
                                                     53.146659958771878
                                                 ],
                                                 [
                                                     -4.159624503883915,
                                                     53.14665633984059
                                                 ],
                                                 [
                                                     -4.1596470488644,
                                                     53.146628965784686
                                                 ],
                                                 [
                                                     -4.159660958811736,
                                                     53.146608850178929
                                                 ],
                                                 [
                                                     -4.159685118070592,
                                                     53.14658414314534
                                                 ],
                                                 [
                                                     -4.159722195745623,
                                                     53.146546619177627
                                                 ],
                                                 [
                                                     -4.159756374454482,
                                                     53.146512743192908
                                                 ],
                                                 [
                                                     -4.159783400174802,
                                                     53.146486186878761
                                                 ],
                                                 [
                                                     -4.159803350398291,
                                                     53.146466050660258
                                                 ],
                                                 [
                                                     -4.159816146230075,
                                                     53.146453235045833
                                                 ],
                                                 [
                                                     -4.159825985351463,
                                                     53.146440473081562
                                                 ],
                                                 [
                                                     -4.159834301816222,
                                                     53.146426840572211
                                                 ],
                                                 [
                                                     -4.159842227464686,
                                                     53.146410338119999
                                                 ],
                                                 [
                                                     -4.159843825371262,
                                                     53.146407792619051
                                                 ],
                                                 [
                                                     -4.15984759168304,
                                                     53.146396848188793
                                                 ],
                                                 [
                                                     -4.159850269707804,
                                                     53.146388800540286
                                                 ],
                                                 [
                                                     -4.159852263743137,
                                                     53.146381843291998
                                                 ],
                                                 [
                                                     -4.159859040642447,
                                                     53.146340015014729
                                                 ],
                                                 [
                                                     -4.159850403425882,
                                                     53.146303050815106
                                                 ],
                                                 [
                                                     -4.159835706387597,
                                                     53.146260803934901
                                                 ],
                                                 [
                                                     -4.15980885667482,
                                                     53.146202418036765
                                                 ],
                                                 [
                                                     -4.159805571191531,
                                                     53.146181175914563
                                                 ],
                                                 [
                                                     -4.159806210597377,
                                                     53.146149705743845
                                                 ],
                                                 [
                                                     -4.159803803419472,
                                                     53.146101752404945
                                                 ],
                                                 [
                                                     -4.15980567088944,
                                                     53.146070170042584
                                                 ],
                                                 [
                                                     -4.159806788123078,
                                                     53.146048218678843
                                                 ],
                                                 [
                                                     -4.159821565949637,
                                                     53.146023323113774
                                                 ],
                                                 [
                                                     -4.159853889727009,
                                                     53.146008985246482
                                                 ],
                                                 [
                                                     -4.159880826089143,
                                                     53.14600031668806
                                                 ],
                                                 [
                                                     -4.159932568782377,
                                                     53.145989670447939
                                                 ],
                                                 [
                                                     -4.159988219560505,
                                                     53.145983178009367
                                                 ],
                                                 [
                                                     -4.160074589919944,
                                                     53.14597954363218
                                                 ],
                                                 [
                                                     -4.160128748690367,
                                                     53.14598017818539
                                                 ],
                                                 [
                                                     -4.160145459831325,
                                                     53.145981493236491
                                                 ],
                                                 [
                                                     -4.160151416731492,
                                                     53.145982283301791
                                                 ],
                                                 [
                                                     -4.160200972098428,
                                                     53.145991900393646
                                                 ],
                                                 [
                                                     -4.160209366513969,
                                                     53.145974939869966
                                                 ],
                                                 [
                                                     -4.160218936401047,
                                                     53.145956790115747
                                                 ],
                                                 [
                                                     -4.160224070531821,
                                                     53.145938720865921
                                                 ],
                                                 [
                                                     -4.160225052160966,
                                                     53.145928815942035
                                                 ],
                                                 [
                                                     -4.160227738321692,
                                                     53.145923374549284
                                                 ],
                                                 [
                                                     -4.16023172171507,
                                                     53.145914314218906
                                                 ],
                                                 [
                                                     -4.160238830830253,
                                                     53.145906095332961
                                                 ],
                                                 [
                                                     -4.160240218261767,
                                                     53.145904272904708
                                                 ],
                                                 [
                                                     -4.160248895158595,
                                                     53.145897823710442
                                                 ],
                                                 [
                                                     -4.160259094692862,
                                                     53.145892245054632
                                                 ],
                                                 [
                                                     -4.160267784375382,
                                                     53.145888492846581
                                                 ],
                                                 [
                                                     -4.160301521561609,
                                                     53.145875297098833
                                                 ],
                                                 [
                                                     -4.160345728806893,
                                                     53.145861911308266
                                                 ],
                                                 [
                                                     -4.160385770810874,
                                                     53.145853993743778
                                                 ],
                                                 [
                                                     -4.160412310151067,
                                                     53.145847220323219
                                                 ],
                                                 [
                                                     -4.160399188639595,
                                                     53.14582408887658
                                                 ],
                                                 [
                                                     -4.160368397846507,
                                                     53.145807570747877
                                                 ],
                                                 [
                                                     -4.160310020948709,
                                                     53.14577447540325
                                                 ],
                                                 [
                                                     -4.160295975753395,
                                                     53.145764843212838
                                                 ],
                                                 [
                                                     -4.160291134209194,
                                                     53.145756841224639
                                                 ],
                                                 [
                                                     -4.160329260463891,
                                                     53.145742667633137
                                                 ],
                                                 [
                                                     -4.160373287201822,
                                                     53.145725689713139
                                                 ],
                                                 [
                                                     -4.160418702816518,
                                                     53.145706889319797
                                                 ],
                                                 [
                                                     -4.160465686132071,
                                                     53.145689857700575
                                                 ],
                                                 [
                                                     -4.160506665902895,
                                                     53.145671136889838
                                                 ],
                                                 [
                                                     -4.160543037840032,
                                                     53.145651511623988
                                                 ],
                                                 [
                                                     -4.160591004124116,
                                                     53.145624575901365
                                                 ],
                                                 [
                                                     -4.160640209616887,
                                                     53.145590425976245
                                                 ],
                                                 [
                                                     -4.160682093379215,
                                                     53.145562701556429
                                                 ],
                                                 [
                                                     -4.160711349366683,
                                                     53.145548687962922
                                                 ],
                                                 [
                                                     -4.160789743875693,
                                                     53.14553108599133
                                                 ],
                                                 [
                                                     -4.160815514796607,
                                                     53.145509046676395
                                                 ],
                                                 [
                                                     -4.16083139068579,
                                                     53.145496175030281
                                                 ],
                                                 [
                                                     -4.160844095750064,
                                                     53.145481563698908
                                                 ],
                                                 [
                                                     -4.16084691709542,
                                                     53.145478816157841
                                                 ],
                                                 [
                                                     -4.160849687323614,
                                                     53.14547508056399
                                                 ],
                                                 [
                                                     -4.160858143040405,
                                                     53.14546423077838
                                                 ],
                                                 [
                                                     -4.160866368772291,
                                                     53.145448801691316
                                                 ],
                                                 [
                                                     -4.160869009711274,
                                                     53.145442462030424
                                                 ],
                                                 [
                                                     -4.16087710014403,
                                                     53.145424339077699
                                                 ],
                                                 [
                                                     -4.160879515564322,
                                                     53.145413509042882
                                                 ],
                                                 [
                                                     -4.160887380471197,
                                                     53.145390895715764
                                                 ],
                                                 [
                                                     -4.160909303395735,
                                                     53.145380611495675
                                                 ],
                                                 [
                                                     -4.16093834645085,
                                                     53.145364803563375
                                                 ],
                                                 [
                                                     -4.160958700062367,
                                                     53.145352749678388
                                                 ],
                                                 [
                                                     -4.160980392913289,
                                                     53.145337885246562
                                                 ],
                                                 [
                                                     -4.160994712193234,
                                                     53.145325940013009
                                                 ],
                                                 [
                                                     -4.161010451169078,
                                                     53.145310374506273
                                                 ],
                                                 [
                                                     -4.161017481195807,
                                                     53.145303056979536
                                                 ],
                                                 [
                                                     -4.161043375822083,
                                                     53.145281014467422
                                                 ],
                                                 [
                                                     -4.161067804250242,
                                                     53.145261696689666
                                                 ],
                                                 [
                                                     -4.161073535576473,
                                                     53.145257997234729
                                                 ],
                                                 [
                                                     -4.16108369127548,
                                                     53.145251521127179
                                                 ],
                                                 [
                                                     -4.161089456368148,
                                                     53.145246022911486
                                                 ],
                                                 [
                                                     -4.161098178122431,
                                                     53.145240471911592
                                                 ],
                                                 [
                                                     -4.161106866060926,
                                                     53.145236718772843
                                                 ],
                                                 [
                                                     -4.161117155561236,
                                                     53.14523293655423
                                                 ],
                                                 [
                                                     -4.161126057732157,
                                                     53.145230977671218
                                                 ],
                                                 [
                                                     -4.161170669981872,
                                                     53.145225673175936
                                                 ],
                                                 [
                                                     -4.161216716201551,
                                                     53.145219444451932
                                                 ],
                                                 [
                                                     -4.161254751432556,
                                                     53.145203474062356
                                                 ],
                                                 [
                                                     -4.161276764368208,
                                                     53.145194985386311
                                                 ],
                                                 [
                                                     -4.161312068455455,
                                                     53.145183558139799
                                                 ],
                                                 [
                                                     -4.161320483885273,
                                                     53.145154732975513
                                                 ],
                                                 [
                                                     -4.161351670001783,
                                                     53.14513250529987
                                                 ],
                                                 [
                                                     -4.161384468964868,
                                                     53.145112944649419
                                                 ],
                                                 [
                                                     -4.161417561023415,
                                                     53.145094277740739
                                                 ],
                                                 [
                                                     -4.161445096180839,
                                                     53.145082811717359
                                                 ],
                                                 [
                                                     -4.16148541217691,
                                                     53.145065631937804
                                                 ],
                                                 [
                                                     -4.16151421665376,
                                                     53.145052435506678
                                                 ],
                                                 [
                                                     -4.161548797448875,
                                                     53.145036436947294
                                                 ],
                                                 [
                                                     -4.161576242372032,
                                                     53.145023176182605
                                                 ],
                                                 [
                                                     -4.161593531669586,
                                                     53.14501639066426
                                                 ],
                                                 [
                                                     -4.161624027843175,
                                                     53.145004960731356
                                                 ],
                                                 [
                                                     -4.16165170278325,
                                                     53.144996279248588
                                                 ],
                                                 [
                                                     -4.161761219567081,
                                                     53.144967505027111
                                                 ],
                                                 [
                                                     -4.161805058724047,
                                                     53.144956641873875
                                                 ],
                                                 [
                                                     -4.161821044051753,
                                                     53.144950868986371
                                                 ],
                                                 [
                                                     -4.161828550468591,
                                                     53.144948126234475
                                                 ],
                                                 [
                                                     -4.161899595189352,
                                                     53.144919242371721
                                                 ],
                                                 [
                                                     -4.161902624644409,
                                                     53.144918198365396
                                                 ],
                                                 [
                                                     -4.161978936713295,
                                                     53.144883736229886
                                                 ],
                                                 [
                                                     -4.162120818011033,
                                                     53.144821836319707
                                                 ],
                                                 [
                                                     -4.162208687671749,
                                                     53.144784287949015
                                                 ],
                                                 [
                                                     -4.162247321777148,
                                                     53.144765520126541
                                                 ],
                                                 [
                                                     -4.162097013387628,
                                                     53.144664617064599
                                                 ],
                                                 [
                                                     -4.161918965852557,
                                                     53.144551454414604
                                                 ],
                                                 [
                                                     -4.161704159572174,
                                                     53.144428083023165
                                                 ],
                                                 [
                                                     -4.161472560778765,
                                                     53.144272299813302
                                                 ],
                                                 [
                                                     -4.161303603396132,
                                                     53.14416085923915
                                                 ],
                                                 [
                                                     -4.16122331760847,
                                                     53.144111191265132
                                                 ],
                                                 [
                                                     -4.161780595917431,
                                                     53.143760366966546
                                                 ],
                                                 [
                                                     -4.161827670675441,
                                                     53.143203584954016
                                                 ],
                                                 [
                                                     -4.161999215317864,
                                                     53.143199165382789
                                                 ],
                                                 [
                                                     -4.162279958817586,
                                                     53.143192177405787
                                                 ],
                                                 [
                                                     -4.162601633677171,
                                                     53.143182738621448
                                                 ],
                                                 [
                                                     -4.162713398819666,
                                                     53.143181606009449
                                                 ],
                                                 [
                                                     -4.16277396759462,
                                                     53.143182303571187
                                                 ],
                                                 [
                                                     -4.162804376497842,
                                                     53.143186334483126
                                                 ],
                                                 [
                                                     -4.162822007392139,
                                                     53.143205968152905
                                                 ],
                                                 [
                                                     -4.162841345966002,
                                                     53.143230154268025
                                                 ],
                                                 [
                                                     -4.162864741497999,
                                                     53.143244289633515
                                                 ],
                                                 [
                                                     -4.16289979722591,
                                                     53.143250034227933
                                                 ],
                                                 [
                                                     -4.162990729957903,
                                                     53.143253865202198
                                                 ],
                                                 [
                                                     -4.163160107662817,
                                                     53.143253483317793
                                                 ],
                                                 [
                                                     -4.163316865148737,
                                                     53.143254678285736
                                                 ],
                                                 [
                                                     -4.163521909075681,
                                                     53.143262366844546
                                                 ],
                                                 [
                                                     -4.163744680811008,
                                                     53.143271979559863
                                                 ],
                                                 [
                                                     -4.163840215197902,
                                                     53.143276623507056
                                                 ],
                                                 [
                                                     -4.163919133781743,
                                                     53.143284267587703
                                                 ],
                                                 [
                                                     -4.164001481101929,
                                                     53.143296341950702
                                                 ],
                                                 [
                                                     -4.164109971183485,
                                                     53.143320794987851
                                                 ],
                                                 [
                                                     -4.164255114292819,
                                                     53.14335087227343
                                                 ],
                                                 [
                                                     -4.164362019277291,
                                                     53.143370769525859
                                                 ],
                                                 [
                                                     -4.164505089018685,
                                                     53.143389020927181
                                                 ],
                                                 [
                                                     -4.164610162308851,
                                                     53.143404366888973
                                                 ],
                                                 [
                                                     -4.164674829418602,
                                                     53.143412988015129
                                                 ],
                                                 [
                                                     -4.164682869277254,
                                                     53.143412505539786
                                                 ],
                                                 [
                                                     -4.164683492474293,
                                                     53.143412469031553
                                                 ],
                                                 [
                                                     -4.164783918431659,
                                                     53.14354735576719
                                                 ],
                                                 [
                                                     -4.164787236360796,
                                                     53.143554486216949
                                                 ],
                                                 [
                                                     -4.164910458535236,
                                                     53.143803104700275
                                                 ],
                                                 [
                                                     -4.164973977619685,
                                                     53.144114827180758
                                                 ],
                                                 [
                                                     -4.165012230309927,
                                                     53.144191430187043
                                                 ],
                                                 [
                                                     -4.165091640282148,
                                                     53.144252902929743
                                                 ],
                                                 [
                                                     -4.16528297457117,
                                                     53.144311440472769
                                                 ],
                                                 [
                                                     -4.165511512867744,
                                                     53.144396355775157
                                                 ],
                                                 [
                                                     -4.165754715216981,
                                                     53.144473723115667
                                                 ],
                                                 [
                                                     -4.166069258515575,
                                                     53.144633471232076
                                                 ],
                                                 [
                                                     -4.166343987151747,
                                                     53.144832502700069
                                                 ],
                                                 [
                                                     -4.166549456743519,
                                                     53.145024795191709
                                                 ],
                                                 [
                                                     -4.166775341021368,
                                                     53.145174380986731
                                                 ],
                                                 [
                                                     -4.166993311039728,
                                                     53.145316110486661
                                                 ],
                                                 [
                                                     -4.167175414395036,
                                                     53.145516826397369
                                                 ],
                                                 [
                                                     -4.167384439221516,
                                                     53.145747702162751
                                                 ],
                                                 [
                                                     -4.16773239977417,
                                                     53.14603446917441
                                                 ],
                                                 [
                                                     -4.167881414174841,
                                                     53.146172959331501
                                                 ],
                                                 [
                                                     -4.168044530847919,
                                                     53.146412669173181
                                                 ],
                                                 [
                                                     -4.168144152796565,
                                                     53.146579022816923
                                                 ],
                                                 [
                                                     -4.16815175528613,
                                                     53.146729885682831
                                                 ],
                                                 [
                                                     -4.168071690526182,
                                                     53.146951644289061
                                                 ],
                                                 [
                                                     -4.167979026396748,
                                                     53.14713138840763
                                                 ],
                                                 [
                                                     -4.167935574076936,
                                                     53.147306549917843
                                                 ],
                                                 [
                                                     -4.167953435697536,
                                                     53.147394308698559
                                                 ],
                                                 [
                                                     -4.167979027690484,
                                                     53.147456849694258
                                                 ],
                                                 [
                                                     -4.168032450965264,
                                                     53.147508906727005
                                                 ],
                                                 [
                                                     -4.168475057957917,
                                                     53.147745412040372
                                                 ],
                                                 [
                                                     -4.168665235594945,
                                                     53.147868680720087
                                                 ],
                                                 [
                                                     -4.168774123126562,
                                                     53.147952084556081
                                                 ],
                                                 [
                                                     -4.168874037462118,
                                                     53.148065402171277
                                                 ],
                                                 [
                                                     -4.169194462239251,
                                                     53.148429066522219
                                                 ],
                                                 [
                                                     -4.169333965497728,
                                                     53.148586513507261
                                                 ],
                                                 [
                                                     -4.169595882201336,
                                                     53.148767884986974
                                                 ],
                                                 [
                                                     -4.169784665089504,
                                                     53.148863314127979
                                                 ],
                                                 [
                                                     -4.169987448182196,
                                                     53.148940510748822
                                                 ],
                                                 [
                                                     -4.170328939445609,
                                                     53.149039535695387
                                                 ],
                                                 [
                                                     -4.170737896187058,
                                                     53.149023989291734
                                                 ],
                                                 [
                                                     -4.170979047988704,
                                                     53.149060037836797
                                                 ],
                                                 [
                                                     -4.171197765437401,
                                                     53.149127953740589
                                                 ],
                                                 [
                                                     -4.171995158089532,
                                                     53.14940111797759
                                                 ],
                                                 [
                                                     -4.172512346946443,
                                                     53.149543668955623
                                                 ],
                                                 [
                                                     -4.172688354213064,
                                                     53.149593486506276
                                                 ],
                                                 [
                                                     -4.172979216219703,
                                                     53.149666374004035
                                                 ],
                                                 [
                                                     -4.173444104003036,
                                                     53.149752262138101
                                                 ],
                                                 [
                                                     -4.173698509901488,
                                                     53.149784468701348
                                                 ],
                                                 [
                                                     -4.173843915700593,
                                                     53.149789902229223
                                                 ],
                                                 [
                                                     -4.174038657320365,
                                                     53.149798029892686
                                                 ],
                                                 [
                                                     -4.174274001373345,
                                                     53.149777553242231
                                                 ],
                                                 [
                                                     -4.174487026999007,
                                                     53.149761976525824
                                                 ],
                                                 [
                                                     -4.174669858006378,
                                                     53.149710100691003
                                                 ],
                                                 [
                                                     -4.174960331603728,
                                                     53.149599631283394
                                                 ],
                                                 [
                                                     -4.175119832302572,
                                                     53.149530204034662
                                                 ],
                                                 [
                                                     -4.174908003490176,
                                                     53.149954811355499
                                                 ],
                                                 [
                                                     -4.174556020476246,
                                                     53.150773144727864
                                                 ],
                                                 [
                                                     -4.174767313573033,
                                                     53.150840290725938
                                                 ],
                                                 [
                                                     -4.175002418915004,
                                                     53.150905203996082
                                                 ],
                                                 [
                                                     -4.175303615366848,
                                                     53.151065172977326
                                                 ],
                                                 [
                                                     -4.17544773291321,
                                                     53.151193766344335
                                                 ],
                                                 [
                                                     -4.175647239733406,
                                                     53.151471539447911
                                                 ],
                                                 [
                                                     -4.175729548812767,
                                                     53.151650697831911
                                                 ],
                                                 [
                                                     -4.175744784798386,
                                                     53.151683765135367
                                                 ],
                                                 [
                                                     -4.175806176137121,
                                                     53.15183454350165
                                                 ],
                                                 [
                                                     -4.175815714819562,
                                                     53.151845154447308
                                                 ],
                                                 [
                                                     -4.175855220369825,
                                                     53.151945999022701
                                                 ],
                                                 [
                                                     -4.175894028097343,
                                                     53.15194528963238
                                                 ],
                                                 [
                                                     -4.175895642138276,
                                                     53.151947956454116
                                                 ],
                                                 [
                                                     -4.176113690980911,
                                                     53.151941274040581
                                                 ],
                                                 [
                                                     -4.17650085832871,
                                                     53.152084387660935
                                                 ],
                                                 [
                                                     -4.178008719054235,
                                                     53.152622343457857
                                                 ],
                                                 [
                                                     -4.178161094907868,
                                                     53.152648317592444
                                                 ],
                                                 [
                                                     -4.178421706739195,
                                                     53.152685792402522
                                                 ],
                                                 [
                                                     -4.178811988293381,
                                                     53.152683143739537
                                                 ],
                                                 [
                                                     -4.178931497336634,
                                                     53.152532561062515
                                                 ],
                                                 [
                                                     -4.179052125502806,
                                                     53.152374857769189
                                                 ],
                                                 [
                                                     -4.179088045707043,
                                                     53.152287913223972
                                                 ],
                                                 [
                                                     -4.179109083976557,
                                                     53.152024084561297
                                                 ],
                                                 [
                                                     -4.179184702849001,
                                                     53.151893180267308
                                                 ],
                                                 [
                                                     -4.179304487502816,
                                                     53.151748075586966
                                                 ],
                                                 [
                                                     -4.179421836899427,
                                                     53.15164256300659
                                                 ],
                                                 [
                                                     -4.179620501959407,
                                                     53.151462666983115
                                                 ],
                                                 [
                                                     -4.1798880779706,
                                                     53.151282407705899
                                                 ],
                                                 [
                                                     -4.180020559662359,
                                                     53.151181110960891
                                                 ],
                                                 [
                                                     -4.18019295768099,
                                                     53.151278621157154
                                                 ],
                                                 [
                                                     -4.180417515650298,
                                                     53.151400432497532
                                                 ],
                                                 [
                                                     -4.180645002871946,
                                                     53.151492438438389
                                                 ],
                                                 [
                                                     -4.180921943819383,
                                                     53.151584527746557
                                                 ],
                                                 [
                                                     -4.181284806575372,
                                                     53.151661468568776
                                                 ],
                                                 [
                                                     -4.181511887159481,
                                                     53.151745391339503
                                                 ],
                                                 [
                                                     -4.182587625411019,
                                                     53.152138318550797
                                                 ],
                                                 [
                                                     -4.183162750948076,
                                                     53.152330096161613
                                                 ],
                                                 [
                                                     -4.183737015248243,
                                                     53.152594690428757
                                                 ],
                                                 [
                                                     -4.184167327766099,
                                                     53.152792715256012
                                                 ],
                                                 [
                                                     -4.184311970644116,
                                                     53.152872752736698
                                                 ],
                                                 [
                                                     -4.184403062951406,
                                                     53.152986129628879
                                                 ],
                                                 [
                                                     -4.184448093439147,
                                                     53.153078780226664
                                                 ],
                                                 [
                                                     -4.184493161523827,
                                                     53.15325960433043
                                                 ],
                                                 [
                                                     -4.184537766297865,
                                                     53.153341477387691
                                                 ],
                                                 [
                                                     -4.184620654122744,
                                                     53.153383099261823
                                                 ],
                                                 [
                                                     -4.184862232797193,
                                                     53.153487512929303
                                                 ],
                                                 [
                                                     -4.184926173918738,
                                                     53.15351060714864
                                                 ],
                                                 [
                                                     -4.185107290231315,
                                                     53.153541437556306
                                                 ],
                                                 [
                                                     -4.185563747111797,
                                                     53.153547438255053
                                                 ],
                                                 [
                                                     -4.186019137006923,
                                                     53.153561546689097
                                                 ],
                                                 [
                                                     -4.186559768018073,
                                                     53.153547123399377
                                                 ],
                                                 [
                                                     -4.186905391520816,
                                                     53.153548863078392
                                                 ],
                                                 [
                                                     -4.187148946462626,
                                                     53.153573150586247
                                                 ],
                                                 [
                                                     -4.187276224843959,
                                                     53.153604966918181
                                                 ],
                                                 [
                                                     -4.187487420248939,
                                                     53.153669485941933
                                                 ],
                                                 [
                                                     -4.187618449102559,
                                                     53.153687751333095
                                                 ],
                                                 [
                                                     -4.187750911652029,
                                                     53.153705090254832
                                                 ],
                                                 [
                                                     -4.188073329908995,
                                                     53.153810618109162
                                                 ],
                                                 [
                                                     -4.188423160243556,
                                                     53.153894967765822
                                                 ],
                                                 [
                                                     -4.188684427707532,
                                                     53.153944992548695
                                                 ],
                                                 [
                                                     -4.189002011787708,
                                                     53.153955420622943
                                                 ],
                                                 [
                                                     -4.189415229034124,
                                                     53.153962202636677
                                                 ],
                                                 [
                                                     -4.189726238064165,
                                                     53.153988839599286
                                                 ],
                                                 [
                                                     -4.190010861246394,
                                                     53.154027645610377
                                                 ],
                                                 [
                                                     -4.190252345232989,
                                                     53.154071738305753
                                                 ],
                                                 [
                                                     -4.190489610207754,
                                                     53.154117706307851
                                                 ],
                                                 [
                                                     -4.190728946987411,
                                                     53.154206778831401
                                                 ],
                                                 [
                                                     -4.191231513758946,
                                                     53.154413335812947
                                                 ],
                                                 [
                                                     -4.191397853981432,
                                                     53.154507346139752
                                                 ],
                                                 [
                                                     -4.191652384229231,
                                                     53.154688805027376
                                                 ],
                                                 [
                                                     -4.191925545731099,
                                                     53.154882504693944
                                                 ],
                                                 [
                                                     -4.192206524112374,
                                                     53.155055296496847
                                                 ],
                                                 [
                                                     -4.192390461872805,
                                                     53.155143678622608
                                                 ],
                                                 [
                                                     -4.192718193637359,
                                                     53.155263476926983
                                                 ],
                                                 [
                                                     -4.193133563756827,
                                                     53.155372671639931
                                                 ],
                                                 [
                                                     -4.193766884560289,
                                                     53.15553096862152
                                                 ],
                                                 [
                                                     -4.194072682779838,
                                                     53.155602630756917
                                                 ],
                                                 [
                                                     -4.194428602841215,
                                                     53.155660785540654
                                                 ],
                                                 [
                                                     -4.194698895076657,
                                                     53.155681867581293
                                                 ],
                                                 [
                                                     -4.195009094531336,
                                                     53.15569232687691
                                                 ],
                                                 [
                                                     -4.195335739384082,
                                                     53.155674618750545
                                                 ],
                                                 [
                                                     -4.195355991786939,
                                                     53.155837021483791
                                                 ],
                                                 [
                                                     -4.195319941142976,
                                                     53.156565910558548
                                                 ],
                                                 [
                                                     -4.195313232081167,
                                                     53.156903182126094
                                                 ],
                                                 [
                                                     -4.195336173138166,
                                                     53.157470993185825
                                                 ],
                                                 [
                                                     -4.195395895918155,
                                                     53.157556178925461
                                                 ],
                                                 [
                                                     -4.195508254989549,
                                                     53.157706096636574
                                                 ],
                                                 [
                                                     -4.195704805755424,
                                                     53.157922772356514
                                                 ],
                                                 [
                                                     -4.195875409106837,
                                                     53.158041864910601
                                                 ],
                                                 [
                                                     -4.196132799240299,
                                                     53.158220566252503
                                                 ],
                                                 [
                                                     -4.196357514981909,
                                                     53.158372814872777
                                                 ],
                                                 [
                                                     -4.196600245982502,
                                                     53.158498664590859
                                                 ],
                                                 [
                                                     -4.197343411582954,
                                                     53.158785245379903
                                                 ],
                                                 [
                                                     -4.197582175748653,
                                                     53.158920244340862
                                                 ],
                                                 [
                                                     -4.198324711908912,
                                                     53.159575436449259
                                                 ],
                                                 [
                                                     -4.198166692290229,
                                                     53.159644867356867
                                                 ],
                                                 [
                                                     -4.19800165989387,
                                                     53.159724314693236
                                                 ],
                                                 [
                                                     -4.197926059831837,
                                                     53.159796806932306
                                                 ],
                                                 [
                                                     -4.197892441143624,
                                                     53.159870232263536
                                                 ],
                                                 [
                                                     -4.197759707372066,
                                                     53.159905939768024
                                                 ],
                                                 [
                                                     -4.197677936177656,
                                                     53.159946997138334
                                                 ],
                                                 [
                                                     -4.197656060864783,
                                                     53.159958187220276
                                                 ],
                                                 [
                                                     -4.197555721098203,
                                                     53.159983408399683
                                                 ],
                                                 [
                                                     -4.197424168306917,
                                                     53.159986735919425
                                                 ],
                                                 [
                                                     -4.197401170733927,
                                                     53.160033898985354
                                                 ],
                                                 [
                                                     -4.197355242281825,
                                                     53.160071598165736
                                                 ],
                                                 [
                                                     -4.197286204015692,
                                                     53.160096332132341
                                                 ],
                                                 [
                                                     -4.197231291440255,
                                                     53.160105434702139
                                                 ],
                                                 [
                                                     -4.196769465066159,
                                                     53.160406164498276
                                                 ],
                                                 [
                                                     -4.196682690842024,
                                                     53.16043383182442
                                                 ],
                                                 [
                                                     -4.196599235629584,
                                                     53.160528848869319
                                                 ],
                                                 [
                                                     -4.196488743372133,
                                                     53.160592007827027
                                                 ],
                                                 [
                                                     -4.196336066820148,
                                                     53.160647855088719
                                                 ],
                                                 [
                                                     -4.196312746668635,
                                                     53.160688732135618
                                                 ],
                                                 [
                                                     -4.196246751534681,
                                                     53.160715116686717
                                                 ],
                                                 [
                                                     -4.196041766487371,
                                                     53.160744155207126
                                                 ],
                                                 [
                                                     -4.195871920575327,
                                                     53.160785038775579
                                                 ],
                                                 [
                                                     -4.195646061231622,
                                                     53.160844931382684
                                                 ],
                                                 [
                                                     -4.195587914632671,
                                                     53.160848700166326
                                                 ],
                                                 [
                                                     -4.195446799904461,
                                                     53.160838719272476
                                                 ],
                                                 [
                                                     -4.195341713680564,
                                                     53.160860431580453
                                                 ],
                                                 [
                                                     -4.19479053489666,
                                                     53.160877785740524
                                                 ],
                                                 [
                                                     -4.194716240020781,
                                                     53.160857583034627
                                                 ],
                                                 [
                                                     -4.194530717533132,
                                                     53.160886170209871
                                                 ],
                                                 [
                                                     -4.194472099382612,
                                                     53.160909721439495
                                                 ],
                                                 [
                                                     -4.194361879404672,
                                                     53.160978266030007
                                                 ],
                                                 [
                                                     -4.194302057885563,
                                                     53.161007232019465
                                                 ],
                                                 [
                                                     -4.194215341559684,
                                                     53.161038491862698
                                                 ],
                                                 [
                                                     -4.19401928971635,
                                                     53.161095225508319
                                                 ],
                                                 [
                                                     -4.193926725328332,
                                                     53.161185914911194
                                                 ],
                                                 [
                                                     -4.193773645815212,
                                                     53.161236372700763
                                                 ],
                                                 [
                                                     -4.193757898280548,
                                                     53.161249246380123
                                                 ],
                                                 [
                                                     -4.193751880528085,
                                                     53.161307781086926
                                                 ],
                                                 [
                                                     -4.193522396491066,
                                                     53.161412767568187
                                                 ],
                                                 [
                                                     -4.193447296454582,
                                                     53.161434823824699
                                                 ],
                                                 [
                                                     -4.19329854480915,
                                                     53.16148070766063
                                                 ],
                                                 [
                                                     -4.1932136602754,
                                                     53.161547885287945
                                                 ],
                                                 [
                                                     -4.193074622308876,
                                                     53.161636733869244
                                                 ],
                                                 [
                                                     -4.192981382651478,
                                                     53.161716648721729
                                                 ],
                                                 [
                                                     -4.192824264760966,
                                                     53.161772663123344
                                                 ],
                                                 [
                                                     -4.192685666474116,
                                                     53.161843526099773
                                                 ],
                                                 [
                                                     -4.192684619142575,
                                                     53.161910058176375
                                                 ],
                                                 [
                                                     -4.192714718932277,
                                                     53.162002082575789
                                                 ],
                                                 [
                                                     -4.192697118650054,
                                                     53.16206811037479
                                                 ],
                                                 [
                                                     -4.192702259491438,
                                                     53.162108462441445
                                                 ],
                                                 [
                                                     -4.19273048347949,
                                                     53.16216366913806
                                                 ],
                                                 [
                                                     -4.19273826209382,
                                                     53.162229139567181
                                                 ],
                                                 [
                                                     -4.192607713021705,
                                                     53.162307944063208
                                                 ],
                                                 [
                                                     -4.192477778062628,
                                                     53.162401207736785
                                                 ],
                                                 [
                                                     -4.192450535909899,
                                                     53.162454739685515
                                                 ],
                                                 [
                                                     -4.192472785632553,
                                                     53.162537920644908
                                                 ],
                                                 [
                                                     -4.192371722714987,
                                                     53.162638651530479
                                                 ],
                                                 [
                                                     -4.192276097198818,
                                                     53.162640412559497
                                                 ],
                                                 [
                                                     -4.192110360223311,
                                                     53.162706471843407
                                                 ],
                                                 [
                                                     -4.191954529509716,
                                                     53.16279023471504
                                                 ],
                                                 [
                                                     -4.191874976992922,
                                                     53.162872593860619
                                                 ],
                                                 [
                                                     -4.19181585265245,
                                                     53.162886265919333
                                                 ],
                                                 [
                                                     -4.19175299083986,
                                                     53.162884726058657
                                                 ],
                                                 [
                                                     -4.191569381023223,
                                                     53.162982482398796
                                                 ],
                                                 [
                                                     -4.191453116461393,
                                                     53.163019766702547
                                                 ],
                                                 [
                                                     -4.191347153285317,
                                                     53.16302441360763
                                                 ],
                                                 [
                                                     -4.191233141416293,
                                                     53.163076846118997
                                                 ],
                                                 [
                                                     -4.191050640875732,
                                                     53.163135932636209
                                                 ],
                                                 [
                                                     -4.191056848123444,
                                                     53.163168175241985
                                                 ],
                                                 [
                                                     -4.191015726692225,
                                                     53.163184211879155
                                                 ],
                                                 [
                                                     -4.190897170297577,
                                                     53.163176507584602
                                                 ],
                                                 [
                                                     -4.190756381693941,
                                                     53.163144044468282
                                                 ],
                                                 [
                                                     -4.190701189285399,
                                                     53.163147756469286
                                                 ],
                                                 [
                                                     -4.1904489967053,
                                                     53.163306095032262
                                                 ],
                                                 [
                                                     -4.190336522743706,
                                                     53.163330635106192
                                                 ],
                                                 [
                                                     -4.190168874274725,
                                                     53.163417399256751
                                                 ],
                                                 [
                                                     -4.190056430957573,
                                                     53.163440141245353
                                                 ],
                                                 [
                                                     -4.189945099761212,
                                                     53.163487129626056
                                                 ],
                                                 [
                                                     -4.189892740907022,
                                                     53.1635465165432
                                                 ],
                                                 [
                                                     -4.189722115113698,
                                                     53.163574822060987
                                                 ],
                                                 [
                                                     -4.189643090981903,
                                                     53.163609531507916
                                                 ],
                                                 [
                                                     -4.189388926378749,
                                                     53.163642069386071
                                                 ],
                                                 [
                                                     -4.189268496418602,
                                                     53.163684820784354
                                                 ],
                                                 [
                                                     -4.188964669349543,
                                                     53.163829724951235
                                                 ],
                                                 [
                                                     -4.188757417782827,
                                                     53.163901845562378
                                                 ],
                                                 [
                                                     -4.188614368372559,
                                                     53.163972785502239
                                                 ],
                                                 [
                                                     -4.188417884287412,
                                                     53.164021428690965
                                                 ],
                                                 [
                                                     -4.188096382326166,
                                                     53.164141488582054
                                                 ],
                                                 [
                                                     -4.187811991062778,
                                                     53.164343646158912
                                                 ],
                                                 [
                                                     -4.187695541014804,
                                                     53.164467126293502
                                                 ],
                                                 [
                                                     -4.187430600232173,
                                                     53.164697688699384
                                                 ],
                                                 [
                                                     -4.187257502850864,
                                                     53.164854566945152
                                                 ],
                                                 [
                                                     -4.187196783299052,
                                                     53.164926688788768
                                                 ],
                                                 [
                                                     -4.187136528440646,
                                                     53.164976422281079
                                                 ],
                                                 [
                                                     -4.187092475023991,
                                                     53.16502217189003
                                                 ],
                                                 [
                                                     -4.186929780124344,
                                                     53.165116840316685
                                                 ],
                                                 [
                                                     -4.186871679743877,
                                                     53.165211384455411
                                                 ],
                                                 [
                                                     -4.186822551756233,
                                                     53.16524464461952
                                                 ],
                                                 [
                                                     -4.186686878930188,
                                                     53.165312840246365
                                                 ],
                                                 [
                                                     -4.186642369545807,
                                                     53.165349610900336
                                                 ],
                                                 [
                                                     -4.186556689168794,
                                                     53.165401518432645
                                                 ],
                                                 [
                                                     -4.186333119813002,
                                                     53.165562916771634
                                                 ],
                                                 [
                                                     -4.185707004975736,
                                                     53.165842351508218
                                                 ],
                                                 [
                                                     -4.185578919734559,
                                                     53.165885149720204
                                                 ],
                                                 [
                                                     -4.185513945498864,
                                                     53.165929486440646
                                                 ],
                                                 [
                                                     -4.185436350774261,
                                                     53.165963357611474
                                                 ],
                                                 [
                                                     -4.185310068952481,
                                                     53.165980955520624
                                                 ],
                                                 [
                                                     -4.185086285970708,
                                                     53.166053373935675
                                                 ],
                                                 [
                                                     -4.184941567591711,
                                                     53.166089285940544
                                                 ],
                                                 [
                                                     -4.184826835721885,
                                                     53.166157005150922
                                                 ],
                                                 [
                                                     -4.184651270698212,
                                                     53.166178203123188
                                                 ],
                                                 [
                                                     -4.184213827028338,
                                                     53.166342714550311
                                                 ],
                                                 [
                                                     -4.184141908349655,
                                                     53.166427623678679
                                                 ],
                                                 [
                                                     -4.184055310453624,
                                                     53.166461570097439
                                                 ],
                                                 [
                                                     -4.183480944820001,
                                                     53.166669935456511
                                                 ],
                                                 [
                                                     -4.183302992756847,
                                                     53.166731621854304
                                                 ],
                                                 [
                                                     -4.183052087600156,
                                                     53.166828801588615
                                                 ],
                                                 [
                                                     -4.182918614993961,
                                                     53.166879784646149
                                                 ],
                                                 [
                                                     -4.182837364894833,
                                                     53.166931608194638
                                                 ],
                                                 [
                                                     -4.182745603660753,
                                                     53.166951356628594
                                                 ],
                                                 [
                                                     -4.182496957526152,
                                                     53.16703231491082
                                                 ],
                                                 [
                                                     -4.18223920927854,
                                                     53.167084677228829
                                                 ],
                                                 [
                                                     -4.181971085134299,
                                                     53.167107567799818
                                                 ],
                                                 [
                                                     -4.181550600755088,
                                                     53.167135047929641
                                                 ],
                                                 [
                                                     -4.181323479244075,
                                                     53.1671419059155
                                                 ],
                                                 [
                                                     -4.181218709521578,
                                                     53.167141129195372
                                                 ],
                                                 [
                                                     -4.180822663872246,
                                                     53.167117825232914
                                                 ],
                                                 [
                                                     -4.180665426031685,
                                                     53.167116210996092
                                                 ],
                                                 [
                                                     -4.180389370869759,
                                                     53.167131154299994
                                                 ],
                                                 [
                                                     -4.180064223845484,
                                                     53.167121829067753
                                                 ],
                                                 [
                                                     -4.179855028893679,
                                                     53.167156219171574
                                                 ],
                                                 [
                                                     -4.179678259452525,
                                                     53.167151366758922
                                                 ],
                                                 [
                                                     -4.179457245662432,
                                                     53.167188668868711
                                                 ],
                                                 [
                                                     -4.179273573107582,
                                                     53.167225287027904
                                                 ],
                                                 [
                                                     -4.178934582858676,
                                                     53.167266545843312
                                                 ],
                                                 [
                                                     -4.17856648596004,
                                                     53.167295752891178
                                                 ],
                                                 [
                                                     -4.178302931252667,
                                                     53.167321248772801
                                                 ],
                                                 [
                                                     -4.178206180069483,
                                                     53.167330208892224
                                                 ],
                                                 [
                                                     -4.177694540256901,
                                                     53.16736033211221
                                                 ],
                                                 [
                                                     -4.177524990341023,
                                                     53.167261776977469
                                                 ],
                                                 [
                                                     -4.177326656583177,
                                                     53.167215969809099
                                                 ],
                                                 [
                                                     -4.17731156161389,
                                                     53.16721265048502
                                                 ],
                                                 [
                                                     -4.177119324082943,
                                                     53.167228749555058
                                                 ],
                                                 [
                                                     -4.176742205866339,
                                                     53.167286878177364
                                                 ],
                                                 [
                                                     -4.176450643551678,
                                                     53.167407346750942
                                                 ],
                                                 [
                                                     -4.176258881118986,
                                                     53.167462085089262
                                                 ],
                                                 [
                                                     -4.17613840089961,
                                                     53.167475072676901
                                                 ],
                                                 [
                                                     -4.175994413335006,
                                                     53.16746961556391
                                                 ],
                                                 [
                                                     -4.175899186552375,
                                                     53.167479445011423
                                                 ],
                                                 [
                                                     -4.175811909888659,
                                                     53.167468456699432
                                                 ],
                                                 [
                                                     -4.175756507283301,
                                                     53.167438909741939
                                                 ],
                                                 [
                                                     -4.175711964891722,
                                                     53.167446015489645
                                                 ],
                                                 [
                                                     -4.175590163856944,
                                                     53.167491384295772
                                                 ],
                                                 [
                                                     -4.175447175925775,
                                                     53.167505681564414
                                                 ],
                                                 [
                                                     -4.175181968524447,
                                                     53.167496146754601
                                                 ],
                                                 [
                                                     -4.174802138830418,
                                                     53.167530050054751
                                                 ],
                                                 [
                                                     -4.174440120764098,
                                                     53.167560032323614
                                                 ],
                                                 [
                                                     -4.174338283120249,
                                                     53.167587958221645
                                                 ],
                                                 [
                                                     -4.174133360955475,
                                                     53.167589902545913
                                                 ],
                                                 [
                                                     -4.174055159272762,
                                                     53.167612003918649
                                                 ],
                                                 [
                                                     -4.173794135493563,
                                                     53.167626657383515
                                                 ],
                                                 [
                                                     -4.173712884597486,
                                                     53.167647016060066
                                                 ],
                                                 [
                                                     -4.173294666046691,
                                                     53.1676609430681
                                                 ],
                                                 [
                                                     -4.173176767119388,
                                                     53.167698148289801
                                                 ],
                                                 [
                                                     -4.173087803449579,
                                                     53.167712355614803
                                                 ],
                                                 [
                                                     -4.172979426404673,
                                                     53.167730512603974
                                                 ],
                                                 [
                                                     -4.1729129745519,
                                                     53.167777655501212
                                                 ],
                                                 [
                                                     -4.172859077013111,
                                                     53.167804704222192
                                                 ],
                                                 [
                                                     -4.172777009892123,
                                                     53.167808898341292
                                                 ],
                                                 [
                                                     -4.172711814315776,
                                                     53.167793011198405
                                                 ],
                                                 [
                                                     -4.172447698054881,
                                                     53.167866140758285
                                                 ],
                                                 [
                                                     -4.171970547377009,
                                                     53.16801506157173
                                                 ],
                                                 [
                                                     -4.171869705059862,
                                                     53.168062741370903
                                                 ],
                                                 [
                                                     -4.171552929620913,
                                                     53.16818994944424
                                                 ],
                                                 [
                                                     -4.171478437740912,
                                                     53.168197599876073
                                                 ],
                                                 [
                                                     -4.171355921252946,
                                                     53.168258257970571
                                                 ],
                                                 [
                                                     -4.171121208212802,
                                                     53.168381181917745
                                                 ],
                                                 [
                                                     -4.170771403762672,
                                                     53.168535955166398
                                                 ],
                                                 [
                                                     -4.170617747074537,
                                                     53.168632233293884
                                                 ],
                                                 [
                                                     -4.170246050192072,
                                                     53.168798189374456
                                                 ],
                                                 [
                                                     -4.169451224702441,
                                                     53.169264869208746
                                                 ],
                                                 [
                                                     -4.169297740113027,
                                                     53.169337773770252
                                                 ],
                                                 [
                                                     -4.169131808976394,
                                                     53.169428071774853
                                                 ],
                                                 [
                                                     -4.169074735528079,
                                                     53.169453379359489
                                                 ],
                                                 [
                                                     -4.168455433430218,
                                                     53.169663299062258
                                                 ],
                                                 [
                                                     -4.168027490504018,
                                                     53.16984195772617
                                                 ],
                                                 [
                                                     -4.167684150393227,
                                                     53.170005502074723
                                                 ],
                                                 [
                                                     -4.167247730920495,
                                                     53.170253520012864
                                                 ],
                                                 [
                                                     -4.167028821550046,
                                                     53.170421178865119
                                                 ],
                                                 [
                                                     -4.166931981378103,
                                                     53.170519114227439
                                                 ],
                                                 [
                                                     -4.166858448993501,
                                                     53.170575280616021
                                                 ],
                                                 [
                                                     -4.166759831103499,
                                                     53.170635497988712
                                                 ],
                                                 [
                                                     -4.16661802451635,
                                                     53.170702883749264
                                                 ],
                                                 [
                                                     -4.165955744808129,
                                                     53.171069156493452
                                                 ],
                                                 [
                                                     -4.165836440635876,
                                                     53.171108178005909
                                                 ],
                                                 [
                                                     -4.165827565476213,
                                                     53.171108339459032
                                                 ],
                                                 [
                                                     -4.165663596452684,
                                                     53.171120310205509
                                                 ],
                                                 [
                                                     -4.165008308988623,
                                                     53.171419938898097
                                                 ],
                                                 [
                                                     -4.164495081974333,
                                                     53.171627908571836
                                                 ],
                                                 [
                                                     -4.164078664201777,
                                                     53.171827913666228
                                                 ],
                                                 [
                                                     -4.163773958846472,
                                                     53.171955690326548
                                                 ],
                                                 [
                                                     -4.163786745178064,
                                                     53.172001387856596
                                                 ],
                                                 [
                                                     -4.16352910508482,
                                                     53.172115725099225
                                                 ],
                                                 [
                                                     -4.162941730304067,
                                                     53.172456351716193
                                                 ],
                                                 [
                                                     -4.162692333115186,
                                                     53.172406054263121
                                                 ],
                                                 [
                                                     -4.161368082900138,
                                                     53.173000129216092
                                                 ],
                                                 [
                                                     -4.159530000238417,
                                                     53.173823718347357
                                                 ],
                                                 [
                                                     -4.159047170671982,
                                                     53.174041089632901
                                                 ],
                                                 [
                                                     -4.156970791346976,
                                                     53.174976007933573
                                                 ],
                                                 [
                                                     -4.156040640140151,
                                                     53.175406398080163
                                                 ],
                                                 [
                                                     -4.156536831951184,
                                                     53.175990807019957
                                                 ],
                                                 [
                                                     -4.157398471099829,
                                                     53.176997416143458
                                                 ],
                                                 [
                                                     -4.157858998801766,
                                                     53.177556400138307
                                                 ],
                                                 [
                                                     -4.158058144166087,
                                                     53.177888138025658
                                                 ],
                                                 [
                                                     -4.158172035996315,
                                                     53.17815850318707
                                                 ],
                                                 [
                                                     -4.158241671893283,
                                                     53.178503373398868
                                                 ],
                                                 [
                                                     -4.158269867874358,
                                                     53.179064799061997
                                                 ],
                                                 [
                                                     -4.158263313122156,
                                                     53.179290519349919
                                                 ],
                                                 [
                                                     -4.15828383562098,
                                                     53.179431350556889
                                                 ],
                                                 [
                                                     -4.158283031911305,
                                                     53.179444847556908
                                                 ],
                                                 [
                                                     -4.158286577184859,
                                                     53.179456467587748
                                                 ],
                                                 [
                                                     -4.158291475517368,
                                                     53.179495027955042
                                                 ],
                                                 [
                                                     -4.158326392796543,
                                                     53.179593263784248
                                                 ],
                                                 [
                                                     -4.158480007183979,
                                                     53.179821564018468
                                                 ],
                                                 [
                                                     -4.158773714188051,
                                                     53.180185740277501
                                                 ],
                                                 [
                                                     -4.158944225963493,
                                                     53.180423619726724
                                                 ],
                                                 [
                                                     -4.159172356788877,
                                                     53.180762020070837
                                                 ],
                                                 [
                                                     -4.159202923352114,
                                                     53.180805507549067
                                                 ],
                                                 [
                                                     -4.159407946143279,
                                                     53.181103880099158
                                                 ],
                                                 [
                                                     -4.159728851086252,
                                                     53.181444192222585
                                                 ],
                                                 [
                                                     -4.160032081391217,
                                                     53.181700335073813
                                                 ],
                                                 [
                                                     -4.16046711850192,
                                                     53.181956782890211
                                                 ],
                                                 [
                                                     -4.160949286629173,
                                                     53.182200689507617
                                                 ],
                                                 [
                                                     -4.163195691676448,
                                                     53.183091337638132
                                                 ],
                                                 [
                                                     -4.164885455783502,
                                                     53.183745701896981
                                                 ],
                                                 [
                                                     -4.165505352853558,
                                                     53.183988883436939
                                                 ],
                                                 [
                                                     -4.167240701551288,
                                                     53.184593850353217
                                                 ],
                                                 [
                                                     -4.168521974617852,
                                                     53.185130662355604
                                                 ],
                                                 [
                                                     -4.170463505403671,
                                                     53.186082454239632
                                                 ],
                                                 [
                                                     -4.170951545264937,
                                                     53.186320820466527
                                                 ],
                                                 [
                                                     -4.172663272650881,
                                                     53.187226433088824
                                                 ],
                                                 [
                                                     -4.173279149764723,
                                                     53.187537058588632
                                                 ],
                                                 [
                                                     -4.174010172143206,
                                                     53.187874341838771
                                                 ],
                                                 [
                                                     -4.174373008047651,
                                                     53.188003437860601
                                                 ],
                                                 [
                                                     -4.174799611360522,
                                                     53.188092718949648
                                                 ],
                                                 [
                                                     -4.175255708087597,
                                                     53.18814290043003
                                                 ],
                                                 [
                                                     -4.175759167889793,
                                                     53.188153476529884
                                                 ],
                                                 [
                                                     -4.176117598925498,
                                                     53.188195462224513
                                                 ],
                                                 [
                                                     -4.176510829738769,
                                                     53.188276359085968
                                                 ],
                                                 [
                                                     -4.177086031935262,
                                                     53.18843131622365
                                                 ],
                                                 [
                                                     -4.177526686550017,
                                                     53.188500556555354
                                                 ],
                                                 [
                                                     -4.178015129638374,
                                                     53.188541058094273
                                                 ],
                                                 [
                                                     -4.178565555724758,
                                                     53.188530989149434
                                                 ],
                                                 [
                                                     -4.17909647597665,
                                                     53.188433190844293
                                                 ],
                                                 [
                                                     -4.179465389249454,
                                                     53.188358129625797
                                                 ],
                                                 [
                                                     -4.17986959999532,
                                                     53.188331765702536
                                                 ],
                                                 [
                                                     -4.180178720001557,
                                                     53.188374732709462
                                                 ],
                                                 [
                                                     -4.180526079299573,
                                                     53.188495104593592
                                                 ],
                                                 [
                                                     -4.180944693234264,
                                                     53.188749982332851
                                                 ],
                                                 [
                                                     -4.181160836512288,
                                                     53.188908708536218
                                                 ],
                                                 [
                                                     -4.181702032232742,
                                                     53.189309731758414
                                                 ],
                                                 [
                                                     -4.181762021854932,
                                                     53.189370650570403
                                                 ],
                                                 [
                                                     -4.181888274549759,
                                                     53.189496867614309
                                                 ],
                                                 [
                                                     -4.181957545365008,
                                                     53.18956571060793
                                                 ],
                                                 [
                                                     -4.181865633674715,
                                                     53.189612421110141
                                                 ],
                                                 [
                                                     -4.182048181895654,
                                                     53.189816702266569
                                                 ],
                                                 [
                                                     -4.182123966333039,
                                                     53.189894498335427
                                                 ],
                                                 [
                                                     -4.182242809681144,
                                                     53.189993886747231
                                                 ],
                                                 [
                                                     -4.18233024991778,
                                                     53.190036326190487
                                                 ],
                                                 [
                                                     -4.182480968962152,
                                                     53.190114456947661
                                                 ],
                                                 [
                                                     -4.182533871007079,
                                                     53.190154832938013
                                                 ],
                                                 [
                                                     -4.18261901148134,
                                                     53.190181135537813
                                                 ],
                                                 [
                                                     -4.182619298132837,
                                                     53.190181150063289
                                                 ],
                                                 [
                                                     -4.182793103379134,
                                                     53.190189718704467
                                                 ],
                                                 [
                                                     -4.182959987709689,
                                                     53.190204636438487
                                                 ],
                                                 [
                                                     -4.183117264418549,
                                                     53.190205348534612
                                                 ],
                                                 [
                                                     -4.183220344349603,
                                                     53.19025918493621
                                                 ],
                                                 [
                                                     -4.183210181596554,
                                                     53.19026566296165
                                                 ],
                                                 [
                                                     -4.183114423795518,
                                                     53.190326740169986
                                                 ],
                                                 [
                                                     -4.182968977098256,
                                                     53.190291656382243
                                                 ],
                                                 [
                                                     -4.182749758089174,
                                                     53.190308258301648
                                                 ],
                                                 [
                                                     -4.182566237415489,
                                                     53.19032061013516
                                                 ],
                                                 [
                                                     -4.182415367255288,
                                                     53.190326970663861
                                                 ],
                                                 [
                                                     -4.182351214500028,
                                                     53.190329943638545
                                                 ],
                                                 [
                                                     -4.182237251208939,
                                                     53.190326639536885
                                                 ],
                                                 [
                                                     -4.182109800374181,
                                                     53.190322683411956
                                                 ],
                                                 [
                                                     -4.181928628169739,
                                                     53.190352069079978
                                                 ],
                                                 [
                                                     -4.181508377291046,
                                                     53.190446953404418
                                                 ],
                                                 [
                                                     -4.1812550054345,
                                                     53.190498333029431
                                                 ],
                                                 [
                                                     -4.180941575471507,
                                                     53.190516657280099
                                                 ],
                                                 [
                                                     -4.180769451989641,
                                                     53.190546864421009
                                                 ],
                                                 [
                                                     -4.180595069610838,
                                                     53.190561742161357
                                                 ],
                                                 [
                                                     -4.180354404168837,
                                                     53.190540083120688
                                                 ],
                                                 [
                                                     -4.178771467772245,
                                                     53.190524924327605
                                                 ],
                                                 [
                                                     -4.178409122521219,
                                                     53.190493803316286
                                                 ],
                                                 [
                                                     -4.178263394774584,
                                                     53.190484784796929
                                                 ],
                                                 [
                                                     -4.177979633194386,
                                                     53.19046750467411
                                                 ],
                                                 [
                                                     -4.177753070040082,
                                                     53.190546249563717
                                                 ],
                                                 [
                                                     -4.177509150709468,
                                                     53.190548013823808
                                                 ],
                                                 [
                                                     -4.177125842896995,
                                                     53.19051727223259
                                                 ],
                                                 [
                                                     -4.176970759808786,
                                                     53.190528197324042
                                                 ],
                                                 [
                                                     -4.176771452011312,
                                                     53.190523750975579
                                                 ],
                                                 [
                                                     -4.176558862686109,
                                                     53.190551905488228
                                                 ],
                                                 [
                                                     -4.176327564827,
                                                     53.190537257863269
                                                 ],
                                                 [
                                                     -4.175935710978643,
                                                     53.190515656638198
                                                 ],
                                                 [
                                                     -4.175722418470398,
                                                     53.190500678830318
                                                 ],
                                                 [
                                                     -4.175455254816201,
                                                     53.190574768495651
                                                 ],
                                                 [
                                                     -4.175297770775948,
                                                     53.190599216817958
                                                 ],
                                                 [
                                                     -4.174978555562816,
                                                     53.190620327332077
                                                 ],
                                                 [
                                                     -4.174766501077332,
                                                     53.190632289200714
                                                 ],
                                                 [
                                                     -4.174518005771406,
                                                     53.190631434586898
                                                 ],
                                                 [
                                                     -4.174411835964542,
                                                     53.190633373295483
                                                 ],
                                                 [
                                                     -4.174196575673158,
                                                     53.190669751180792
                                                 ],
                                                 [
                                                     -4.17397013264284,
                                                     53.190690064163675
                                                 ],
                                                 [
                                                     -4.173910451775383,
                                                     53.190725308456869
                                                 ],
                                                 [
                                                     -4.173819344586572,
                                                     53.190756631961719
                                                 ],
                                                 [
                                                     -4.173605400997623,
                                                     53.190760537309899
                                                 ],
                                                 [
                                                     -4.173411895733061,
                                                     53.190782944309944
                                                 ],
                                                 [
                                                     -4.173067275875098,
                                                     53.190804513351253
                                                 ],
                                                 [
                                                     -4.172754982462584,
                                                     53.190786843267915
                                                 ],
                                                 [
                                                     -4.172441443437712,
                                                     53.190715265311844
                                                 ],
                                                 [
                                                     -4.171994456522056,
                                                     53.190726116253877
                                                 ],
                                                 [
                                                     -4.171761407476605,
                                                     53.190706098185551
                                                 ],
                                                 [
                                                     -4.171540337694172,
                                                     53.190715523304327
                                                 ],
                                                 [
                                                     -4.171268469036057,
                                                     53.190786992093386
                                                 ],
                                                 [
                                                     -4.171105724402401,
                                                     53.190795352911579
                                                 ],
                                                 [
                                                     -4.170896469502376,
                                                     53.190860286622275
                                                 ],
                                                 [
                                                     -4.17077337230612,
                                                     53.190881405728746
                                                 ],
                                                 [
                                                     -4.170703069902663,
                                                     53.190914145704838
                                                 ],
                                                 [
                                                     -4.17055671308619,
                                                     53.190919509829257
                                                 ],
                                                 [
                                                     -4.170415882590718,
                                                     53.190946345311524
                                                 ],
                                                 [
                                                     -4.170180839447401,
                                                     53.190947931853401
                                                 ],
                                                 [
                                                     -4.169813132294621,
                                                     53.190869246145461
                                                 ],
                                                 [
                                                     -4.169658073449011,
                                                     53.190851398228624
                                                 ]
                                             ]
                                         ]
                                     ]
                 }
}