{
    "type":  "Feature",
    "properties":  {
                       "Name":  "Waunfawr ED",
                       "Area_Code":  "UTE",
                       "Area_Description":  "Unitary Authority Electoral Division",
                       "File_Name":  "GWYNEDD_-_GWYNEDD",
                       "Feature_Serial_Number":  262,
                       "Collection_Serial_Number":  262,
                       "Global_Polygon_ID":  64946,
                       "Admin_Unit_ID":  20830,
                       "Census_Code":  "W05001565",
                       "Hectares":  4942.96,
                       "Non_Inland_Area":  0.0,
                       "Area_Type_Code":  "VA",
                       "Area_Type_Description":  "CIVIL VOTING AREA",
                       "Non_Area_Type_Code":  null,
                       "Non_Area_Type_Description":  null
                   },
    "geometry":  {
                     "type":  "MultiPolygon",
                     "coordinates":  [
                                         [
                                             [
                                                 [
                                                     -4.229982102914118,
                                                     53.111673054514306
                                                 ],
                                                 [
                                                     -4.229979996261299,
                                                     53.111698978781732
                                                 ],
                                                 [
                                                     -4.229971766242687,
                                                     53.11174704100948
                                                 ],
                                                 [
                                                     -4.229954092546753,
                                                     53.111779280935153
                                                 ],
                                                 [
                                                     -4.229927322262636,
                                                     53.111809533530632
                                                 ],
                                                 [
                                                     -4.229896933124425,
                                                     53.111838865843595
                                                 ],
                                                 [
                                                     -4.229842586704261,
                                                     53.111881410609776
                                                 ],
                                                 [
                                                     -4.229759305486652,
                                                     53.111945709818372
                                                 ],
                                                 [
                                                     -4.229689893436418,
                                                     53.11200660314762
                                                 ],
                                                 [
                                                     -4.229619691204076,
                                                     53.112085577541784
                                                 ],
                                                 [
                                                     -4.229551395722654,
                                                     53.112165684977683
                                                 ],
                                                 [
                                                     -4.229522268696386,
                                                     53.112219441574034
                                                 ],
                                                 [
                                                     -4.229515275848803,
                                                     53.112255706106247
                                                 ],
                                                 [
                                                     -4.229529853424915,
                                                     53.112296959181364
                                                 ],
                                                 [
                                                     -4.229564247756629,
                                                     53.112347367665691
                                                 ],
                                                 [
                                                     -4.229642358001262,
                                                     53.112454483368097
                                                 ],
                                                 [
                                                     -4.229702979986292,
                                                     53.112533163085907
                                                 ],
                                                 [
                                                     -4.229770024970771,
                                                     53.11259788092552
                                                 ],
                                                 [
                                                     -4.22986408149931,
                                                     53.112672699059708
                                                 ],
                                                 [
                                                     -4.229890856100743,
                                                     53.112711565690866
                                                 ],
                                                 [
                                                     -4.22989992378013,
                                                     53.11274869806369
                                                 ],
                                                 [
                                                     -4.229903721478616,
                                                     53.112822060902467
                                                 ],
                                                 [
                                                     -4.229894884395407,
                                                     53.113079741858911
                                                 ],
                                                 [
                                                     -4.229884416209512,
                                                     53.113201191013438
                                                 ],
                                                 [
                                                     -4.22988360235239,
                                                     53.113304481943111
                                                 ],
                                                 [
                                                     -4.229894058470766,
                                                     53.113370799700313
                                                 ],
                                                 [
                                                     -4.229883818906986,
                                                     53.113430044677635
                                                 ],
                                                 [
                                                     -4.229858339635359,
                                                     53.113466205236762
                                                 ],
                                                 [
                                                     -4.229720136754281,
                                                     53.113581059973455
                                                 ],
                                                 [
                                                     -4.229596116039747,
                                                     53.113696187341375
                                                 ],
                                                 [
                                                     -4.229547513024465,
                                                     53.113749769423706
                                                 ],
                                                 [
                                                     -4.229492465201315,
                                                     53.113795473051326
                                                 ],
                                                 [
                                                     -4.229432359068794,
                                                     53.113848191719654
                                                 ],
                                                 [
                                                     -4.229395935624519,
                                                     53.113877636947919
                                                 ],
                                                 [
                                                     -4.229366210869713,
                                                     53.113903181378369
                                                 ],
                                                 [
                                                     -4.229335135244845,
                                                     53.113933605293056
                                                 ],
                                                 [
                                                     -4.229317618230716,
                                                     53.113954606251987
                                                 ],
                                                 [
                                                     -4.229300519486128,
                                                     53.113983689374066
                                                 ],
                                                 [
                                                     -4.229235582043296,
                                                     53.114112090261337
                                                 ],
                                                 [
                                                     -4.229179944244725,
                                                     53.114234475497391
                                                 ],
                                                 [
                                                     -4.229139155767834,
                                                     53.114317662744561
                                                 ],
                                                 [
                                                     -4.229112638880471,
                                                     53.114367145488799
                                                 ],
                                                 [
                                                     -4.229097214636488,
                                                     53.114378579559514
                                                 ],
                                                 [
                                                     -4.229078069266093,
                                                     53.114384781413364
                                                 ],
                                                 [
                                                     -4.22904237651252,
                                                     53.114392640097634
                                                 ],
                                                 [
                                                     -4.22905224495595,
                                                     53.114409533416129
                                                 ],
                                                 [
                                                     -4.229052114780274,
                                                     53.114416546950018
                                                 ],
                                                 [
                                                     -4.229051882271712,
                                                     53.114431112050369
                                                 ],
                                                 [
                                                     -4.228961843894273,
                                                     53.114598273401739
                                                 ],
                                                 [
                                                     -4.22869463740176,
                                                     53.115094130854239
                                                 ],
                                                 [
                                                     -4.228695069487894,
                                                     53.11510248158892
                                                 ],
                                                 [
                                                     -4.228719321322139,
                                                     53.115113982511836
                                                 ],
                                                 [
                                                     -4.228720707854801,
                                                     53.115114585003646
                                                 ],
                                                 [
                                                     -4.228719440160546,
                                                     53.115142473307152
                                                 ],
                                                 [
                                                     -4.228730520112892,
                                                     53.115163747694695
                                                 ],
                                                 [
                                                     -4.228710441418783,
                                                     53.115180481810313
                                                 ],
                                                 [
                                                     -4.228679960858463,
                                                     53.115215299026431
                                                 ],
                                                 [
                                                     -4.228674095134129,
                                                     53.115225744819391
                                                 ],
                                                 [
                                                     -4.228601818809159,
                                                     53.115410010982934
                                                 ],
                                                 [
                                                     -4.228265189718798,
                                                     53.116069316419129
                                                 ],
                                                 [
                                                     -4.228227951066708,
                                                     53.116068755958715
                                                 ],
                                                 [
                                                     -4.228162654857933,
                                                     53.11622844217748
                                                 ],
                                                 [
                                                     -4.228098375648512,
                                                     53.116298226534653
                                                 ],
                                                 [
                                                     -4.227974587964176,
                                                     53.116503860735271
                                                 ],
                                                 [
                                                     -4.227884870342201,
                                                     53.116653577326431
                                                 ],
                                                 [
                                                     -4.227810621880116,
                                                     53.116806960200933
                                                 ],
                                                 [
                                                     -4.227798946539924,
                                                     53.116840884722521
                                                 ],
                                                 [
                                                     -4.227783735742983,
                                                     53.116873168067691
                                                 ],
                                                 [
                                                     -4.227751243823151,
                                                     53.116945323157857
                                                 ],
                                                 [
                                                     -4.227659278974168,
                                                     53.117111171713546
                                                 ],
                                                 [
                                                     -4.227437770699476,
                                                     53.117485816611989
                                                 ],
                                                 [
                                                     -4.227402624416916,
                                                     53.117544809180046
                                                 ],
                                                 [
                                                     -4.227377645214333,
                                                     53.117593093882618
                                                 ],
                                                 [
                                                     -4.227373805531157,
                                                     53.117602243852204
                                                 ],
                                                 [
                                                     -4.227319153489889,
                                                     53.117712925073853
                                                 ],
                                                 [
                                                     -4.227306890300963,
                                                     53.117747399994208
                                                 ],
                                                 [
                                                     -4.227303029874869,
                                                     53.117768055081434
                                                 ],
                                                 [
                                                     -4.227299636375789,
                                                     53.117809644787656
                                                 ],
                                                 [
                                                     -4.227296448423424,
                                                     53.117862375742583
                                                 ],
                                                 [
                                                     -4.227293353564022,
                                                     53.11791213886265
                                                 ],
                                                 [
                                                     -4.227272854214931,
                                                     53.117973193944586
                                                 ],
                                                 [
                                                     -4.227258532615106,
                                                     53.11799170811468
                                                 ],
                                                 [
                                                     -4.227235865551797,
                                                     53.118022782313396
                                                 ],
                                                 [
                                                     -4.227181629357465,
                                                     53.118072424675169
                                                 ],
                                                 [
                                                     -4.22711803209057,
                                                     53.118114961407223
                                                 ],
                                                 [
                                                     -4.227103600873647,
                                                     53.118124219699119
                                                 ],
                                                 [
                                                     -4.227057761958407,
                                                     53.118143233836598
                                                 ],
                                                 [
                                                     -4.227456980363242,
                                                     53.118317055122709
                                                 ],
                                                 [
                                                     -4.2278602442244,
                                                     53.118492777340975
                                                 ],
                                                 [
                                                     -4.227867659470787,
                                                     53.118495604595552
                                                 ],
                                                 [
                                                     -4.227995661118326,
                                                     53.118547587470843
                                                 ],
                                                 [
                                                     -4.22803973293493,
                                                     53.118553952256484
                                                 ],
                                                 [
                                                     -4.228067178120465,
                                                     53.118569977078167
                                                 ],
                                                 [
                                                     -4.228126604985632,
                                                     53.118608772128312
                                                 ],
                                                 [
                                                     -4.228194223514151,
                                                     53.118651100014539
                                                 ],
                                                 [
                                                     -4.228263022654513,
                                                     53.118697180126674
                                                 ],
                                                 [
                                                     -4.228457657995729,
                                                     53.118836718518878
                                                 ],
                                                 [
                                                     -4.228623900786293,
                                                     53.118953778916179
                                                 ],
                                                 [
                                                     -4.228789275254137,
                                                     53.119073102172507
                                                 ],
                                                 [
                                                     -4.228904987961204,
                                                     53.119156592651194
                                                 ],
                                                 [
                                                     -4.228994462201798,
                                                     53.119228351432149
                                                 ],
                                                 [
                                                     -4.229054400512994,
                                                     53.119274597083006
                                                 ],
                                                 [
                                                     -4.229065399706012,
                                                     53.119282390222047
                                                 ],
                                                 [
                                                     -4.229052570596505,
                                                     53.119291619635646
                                                 ],
                                                 [
                                                     -4.22895400311809,
                                                     53.119367978901835
                                                 ],
                                                 [
                                                     -4.228897660127626,
                                                     53.119407863240411
                                                 ],
                                                 [
                                                     -4.228825347124998,
                                                     53.119462967956245
                                                 ],
                                                 [
                                                     -4.22865339787989,
                                                     53.119592834190996
                                                 ],
                                                 [
                                                     -4.228581195765084,
                                                     53.119650093587339
                                                 ],
                                                 [
                                                     -4.228485152213042,
                                                     53.119725237261378
                                                 ],
                                                 [
                                                     -4.228394909528753,
                                                     53.119793440947866
                                                 ],
                                                 [
                                                     -4.22825125375177,
                                                     53.119905788438537
                                                 ],
                                                 [
                                                     -4.228086070635224,
                                                     53.120030762845033
                                                 ],
                                                 [
                                                     -4.228011361556571,
                                                     53.120089597271551
                                                 ],
                                                 [
                                                     -4.227985761227295,
                                                     53.120109221792404
                                                 ],
                                                 [
                                                     -4.227967288349856,
                                                     53.120126105499835
                                                 ],
                                                 [
                                                     -4.227949387327281,
                                                     53.120139743578598
                                                 ],
                                                 [
                                                     -4.227835137016261,
                                                     53.120222687331768
                                                 ],
                                                 [
                                                     -4.22765861565957,
                                                     53.120350031210975
                                                 ],
                                                 [
                                                     -4.227490649542649,
                                                     53.120471281585509
                                                 ],
                                                 [
                                                     -4.227361629469176,
                                                     53.12055935552479
                                                 ],
                                                 [
                                                     -4.227235151613175,
                                                     53.120644145917858
                                                 ],
                                                 [
                                                     -4.227133321392845,
                                                     53.120709958140807
                                                 ],
                                                 [
                                                     -4.227104916050314,
                                                     53.120725411050209
                                                 ],
                                                 [
                                                     -4.227083181527808,
                                                     53.120731660112334
                                                 ],
                                                 [
                                                     -4.227061185258786,
                                                     53.120735217705182
                                                 ],
                                                 [
                                                     -4.226860198373773,
                                                     53.120746978394934
                                                 ],
                                                 [
                                                     -4.226591995871109,
                                                     53.120759997406118
                                                 ],
                                                 [
                                                     -4.226369762475338,
                                                     53.120773143825851
                                                 ],
                                                 [
                                                     -4.226077950123167,
                                                     53.120791906236413
                                                 ],
                                                 [
                                                     -4.225872642561958,
                                                     53.120805902993865
                                                 ],
                                                 [
                                                     -4.225774688480276,
                                                     53.120810881191559
                                                 ],
                                                 [
                                                     -4.225700869883665,
                                                     53.120820262040276
                                                 ],
                                                 [
                                                     -4.225634206432298,
                                                     53.120832204477473
                                                 ],
                                                 [
                                                     -4.225581846069768,
                                                     53.120844329801912
                                                 ],
                                                 [
                                                     -4.225527750090325,
                                                     53.120858644475291
                                                 ],
                                                 [
                                                     -4.225475568812444,
                                                     53.120876607774072
                                                 ],
                                                 [
                                                     -4.225419833284549,
                                                     53.120892571418977
                                                 ],
                                                 [
                                                     -4.225359789662751,
                                                     53.120913378072132
                                                 ],
                                                 [
                                                     -4.225313051575732,
                                                     53.120931779852967
                                                 ],
                                                 [
                                                     -4.225286151792702,
                                                     53.120942978454266
                                                 ],
                                                 [
                                                     -4.22523617460086,
                                                     53.120967822501228
                                                 ],
                                                 [
                                                     -4.225185417840891,
                                                     53.120994298562898
                                                 ],
                                                 [
                                                     -4.22511134637752,
                                                     53.121034602485906
                                                 ],
                                                 [
                                                     -4.225013197995205,
                                                     53.121085873196435
                                                 ],
                                                 [
                                                     -4.224846143921831,
                                                     53.121172498613291
                                                 ],
                                                 [
                                                     -4.224691825216388,
                                                     53.121250436067122
                                                 ],
                                                 [
                                                     -4.224476205284727,
                                                     53.121358282005829
                                                 ],
                                                 [
                                                     -4.224315668844545,
                                                     53.121435166380408
                                                 ],
                                                 [
                                                     -4.2240940427047,
                                                     53.121543663333043
                                                 ],
                                                 [
                                                     -4.223865382008901,
                                                     53.121654358331924
                                                 ],
                                                 [
                                                     -4.223674618441196,
                                                     53.12174726743018
                                                 ],
                                                 [
                                                     -4.223578983628404,
                                                     53.12179480459514
                                                 ],
                                                 [
                                                     -4.223543408348788,
                                                     53.121809851164144
                                                 ],
                                                 [
                                                     -4.223520212059293,
                                                     53.121823586605181
                                                 ],
                                                 [
                                                     -4.22348023570517,
                                                     53.121853635741822
                                                 ],
                                                 [
                                                     -4.223401780188304,
                                                     53.121909301370998
                                                 ],
                                                 [
                                                     -4.223361596265901,
                                                     53.121937735987977
                                                 ],
                                                 [
                                                     -4.223265987152419,
                                                     53.121961903346119
                                                 ],
                                                 [
                                                     -4.22324209864583,
                                                     53.121971787388937
                                                 ],
                                                 [
                                                     -4.223158574444817,
                                                     53.122003278501111
                                                 ],
                                                 [
                                                     -4.22306336308274,
                                                     53.122061413857082
                                                 ],
                                                 [
                                                     -4.222930585046077,
                                                     53.122110364564953
                                                 ],
                                                 [
                                                     -4.222852790561055,
                                                     53.122162152297285
                                                 ],
                                                 [
                                                     -4.222797342312934,
                                                     53.122176579975616
                                                 ],
                                                 [
                                                     -4.222673281775264,
                                                     53.122241635624349
                                                 ],
                                                 [
                                                     -4.222472957434317,
                                                     53.12235233803441
                                                 ],
                                                 [
                                                     -4.222342989943256,
                                                     53.122422357822678
                                                 ],
                                                 [
                                                     -4.22220044954256,
                                                     53.122489915002078
                                                 ],
                                                 [
                                                     -4.222006237102598,
                                                     53.122582975669388
                                                 ],
                                                 [
                                                     -4.22192760049991,
                                                     53.122618509529723
                                                 ],
                                                 [
                                                     -4.221845395133441,
                                                     53.12265410997211
                                                 ],
                                                 [
                                                     -4.22176068227367,
                                                     53.122691285621158
                                                 ],
                                                 [
                                                     -4.221664730841942,
                                                     53.122735141761993
                                                 ],
                                                 [
                                                     -4.221597377911827,
                                                     53.122767228916722
                                                 ],
                                                 [
                                                     -4.22153691815893,
                                                     53.12279442398227
                                                 ],
                                                 [
                                                     -4.22150413328447,
                                                     53.122811035288692
                                                 ],
                                                 [
                                                     -4.221478990366284,
                                                     53.12282049284422
                                                 ],
                                                 [
                                                     -4.221284361084806,
                                                     53.12290556001399
                                                 ],
                                                 [
                                                     -4.221149328341645,
                                                     53.122963449036774
                                                 ],
                                                 [
                                                     -4.221035766625282,
                                                     53.123007543459728
                                                 ],
                                                 [
                                                     -4.220968003753812,
                                                     53.123031728637983
                                                 ],
                                                 [
                                                     -4.220919758744847,
                                                     53.123040089708155
                                                 ],
                                                 [
                                                     -4.220850528962572,
                                                     53.123052526862473
                                                 ],
                                                 [
                                                     -4.220774309047197,
                                                     53.123065633882931
                                                 ],
                                                 [
                                                     -4.220707080185912,
                                                     53.123083427229453
                                                 ],
                                                 [
                                                     -4.220640830634236,
                                                     53.123101112353368
                                                 ],
                                                 [
                                                     -4.220568896692089,
                                                     53.123113689714657
                                                 ],
                                                 [
                                                     -4.22046117428164,
                                                     53.123134845013546
                                                 ],
                                                 [
                                                     -4.220381600070983,
                                                     53.123152239177763
                                                 ],
                                                 [
                                                     -4.220325136957353,
                                                     53.123170909427536
                                                 ],
                                                 [
                                                     -4.220271255383363,
                                                     53.12318944247302
                                                 ],
                                                 [
                                                     -4.220213051636492,
                                                     53.123210213044558
                                                 ],
                                                 [
                                                     -4.220160814310335,
                                                     53.123227186015114
                                                 ],
                                                 [
                                                     -4.220099803575807,
                                                     53.123243695085932
                                                 ],
                                                 [
                                                     -4.220036116544651,
                                                     53.123260882516519
                                                 ],
                                                 [
                                                     -4.219985301300132,
                                                     53.123271986615663
                                                 ],
                                                 [
                                                     -4.219929148548805,
                                                     53.123279955355031
                                                 ],
                                                 [
                                                     -4.219852665131925,
                                                     53.123290370335219
                                                 ],
                                                 [
                                                     -4.219834611044687,
                                                     53.123298707199915
                                                 ],
                                                 [
                                                     -4.219810688620417,
                                                     53.123315152702716
                                                 ],
                                                 [
                                                     -4.219781035060556,
                                                     53.123342310731282
                                                 ],
                                                 [
                                                     -4.219746287807272,
                                                     53.123371092216331
                                                 ],
                                                 [
                                                     -4.219718178910412,
                                                     53.123392380051591
                                                 ],
                                                 [
                                                     -4.219676980397909,
                                                     53.12341552860336
                                                 ],
                                                 [
                                                     -4.219633851526313,
                                                     53.123437096590663
                                                 ],
                                                 [
                                                     -4.219587971232547,
                                                     53.123455479173288
                                                 ],
                                                 [
                                                     -4.219544430305322,
                                                     53.123469054745151
                                                 ],
                                                 [
                                                     -4.219493026230205,
                                                     53.123485473322511
                                                 ],
                                                 [
                                                     -4.219414642639381,
                                                     53.123509226336147
                                                 ],
                                                 [
                                                     -4.219366947510964,
                                                     53.123528272040964
                                                 ],
                                                 [
                                                     -4.219336059226548,
                                                     53.123545836358403
                                                 ],
                                                 [
                                                     -4.219294532096118,
                                                     53.123581755227775
                                                 ],
                                                 [
                                                     -4.219259090859218,
                                                     53.123613785318803
                                                 ],
                                                 [
                                                     -4.219221639023424,
                                                     53.123642706993472
                                                 ],
                                                 [
                                                     -4.219185568295504,
                                                     53.123662524827736
                                                 ],
                                                 [
                                                     -4.219148345426163,
                                                     53.123679128326387
                                                 ],
                                                 [
                                                     -4.219107568282009,
                                                     53.123693730197488
                                                 ],
                                                 [
                                                     -4.218988805855442,
                                                     53.123742234327878
                                                 ],
                                                 [
                                                     -4.218759190221382,
                                                     53.12383487084778
                                                 ],
                                                 [
                                                     -4.218719414711134,
                                                     53.123852151164883
                                                 ],
                                                 [
                                                     -4.21862877413349,
                                                     53.123896356222566
                                                 ],
                                                 [
                                                     -4.21846763369077,
                                                     53.123978636491806
                                                 ],
                                                 [
                                                     -4.218238305955826,
                                                     53.12409364755905
                                                 ],
                                                 [
                                                     -4.217985688279872,
                                                     53.124220686886055
                                                 ],
                                                 [
                                                     -4.217822204636745,
                                                     53.124300584198849
                                                 ],
                                                 [
                                                     -4.217689653037571,
                                                     53.124363724874279
                                                 ],
                                                 [
                                                     -4.217667875788241,
                                                     53.124378782224127
                                                 ],
                                                 [
                                                     -4.21764148773179,
                                                     53.124390419063296
                                                 ],
                                                 [
                                                     -4.217603666684753,
                                                     53.124402628593927
                                                 ],
                                                 [
                                                     -4.217562381730114,
                                                     53.124416970560766
                                                 ],
                                                 [
                                                     -4.217527373512103,
                                                     53.124433532268952
                                                 ],
                                                 [
                                                     -4.21749730840551,
                                                     53.12445036148668
                                                 ],
                                                 [
                                                     -4.217481259540267,
                                                     53.124466569874215
                                                 ],
                                                 [
                                                     -4.217445328092826,
                                                     53.124498698447312
                                                 ],
                                                 [
                                                     -4.217419912102781,
                                                     53.124519664915141
                                                 ],
                                                 [
                                                     -4.217391974994916,
                                                     53.124534747088077
                                                 ],
                                                 [
                                                     -4.217360090355933,
                                                     53.124552148727219
                                                 ],
                                                 [
                                                     -4.217324676120089,
                                                     53.12456799867104
                                                 ],
                                                 [
                                                     -4.217306464688193,
                                                     53.124575708714055
                                                 ],
                                                 [
                                                     -4.217285685488232,
                                                     53.124583826233881
                                                 ],
                                                 [
                                                     -4.21724668591686,
                                                     53.124592282347713
                                                 ],
                                                 [
                                                     -4.217206030136908,
                                                     53.124599691304162
                                                 ],
                                                 [
                                                     -4.217142459079254,
                                                     53.124612021731622
                                                 ],
                                                 [
                                                     -4.217129932090282,
                                                     53.12461764784711
                                                 ],
                                                 [
                                                     -4.217059961827522,
                                                     53.124666050090241
                                                 ],
                                                 [
                                                     -4.217034804920171,
                                                     53.124684854739783
                                                 ],
                                                 [
                                                     -4.217002137054305,
                                                     53.124703799318127
                                                 ],
                                                 [
                                                     -4.216976937029759,
                                                     53.124721796480394
                                                 ],
                                                 [
                                                     -4.216952411515203,
                                                     53.12474328570606
                                                 ],
                                                 [
                                                     -4.216942221669052,
                                                     53.124758395868582
                                                 ],
                                                 [
                                                     -4.216935328044881,
                                                     53.124772906069069
                                                 ],
                                                 [
                                                     -4.216926722195137,
                                                     53.124792480349349
                                                 ],
                                                 [
                                                     -4.216915284019382,
                                                     53.124821635902769
                                                 ],
                                                 [
                                                     -4.216899936188956,
                                                     53.124856257005533
                                                 ],
                                                 [
                                                     -4.216881745985413,
                                                     53.124881133723981
                                                 ],
                                                 [
                                                     -4.21686980144341,
                                                     53.124898074739733
                                                 ],
                                                 [
                                                     -4.216857586507034,
                                                     53.12491214461707
                                                 ],
                                                 [
                                                     -4.21684426353554,
                                                     53.124926234235886
                                                 ],
                                                 [
                                                     -4.216827739102956,
                                                     53.12494038439273
                                                 ],
                                                 [
                                                     -4.216811296817882,
                                                     53.124948959586163
                                                 ],
                                                 [
                                                     -4.216778876422016,
                                                     53.124963136135278
                                                 ],
                                                 [
                                                     -4.216725893754444,
                                                     53.124989649956746
                                                 ],
                                                 [
                                                     -4.216698315633855,
                                                     53.125004544557797
                                                 ],
                                                 [
                                                     -4.216688190855431,
                                                     53.1250137213191
                                                 ],
                                                 [
                                                     -4.216679368996097,
                                                     53.125024312345523
                                                 ],
                                                 [
                                                     -4.216670514861647,
                                                     53.12503903796717
                                                 ],
                                                 [
                                                     -4.216651856678816,
                                                     53.125073990424781
                                                 ],
                                                 [
                                                     -4.216641405042743,
                                                     53.125093599963712
                                                 ],
                                                 [
                                                     -4.216611693293775,
                                                     53.125134061120249
                                                 ],
                                                 [
                                                     -4.216579972597602,
                                                     53.125171414688722
                                                 ],
                                                 [
                                                     -4.21655709997986,
                                                     53.125198715295987
                                                 ],
                                                 [
                                                     -4.216531520123756,
                                                     53.125226067224283
                                                 ],
                                                 [
                                                     -4.216492843442673,
                                                     53.125267144877228
                                                 ],
                                                 [
                                                     -4.216502967894742,
                                                     53.125269922378628
                                                 ],
                                                 [
                                                     -4.216467907745837,
                                                     53.125311831745165
                                                 ],
                                                 [
                                                     -4.216439839439927,
                                                     53.125348307167719
                                                 ],
                                                 [
                                                     -4.216382993987237,
                                                     53.125433855690694
                                                 ],
                                                 [
                                                     -4.216353452695285,
                                                     53.125499211971132
                                                 ],
                                                 [
                                                     -4.216346172814407,
                                                     53.125508605440331
                                                 ],
                                                 [
                                                     -4.216340864816176,
                                                     53.12551562546016
                                                 ],
                                                 [
                                                     -4.216302563434383,
                                                     53.125585548601627
                                                 ],
                                                 [
                                                     -4.21624188700873,
                                                     53.125711615547878
                                                 ],
                                                 [
                                                     -4.216231378215178,
                                                     53.125739674814753
                                                 ],
                                                 [
                                                     -4.216210916890421,
                                                     53.125806659219379
                                                 ],
                                                 [
                                                     -4.216197606244793,
                                                     53.125840163376793
                                                 ],
                                                 [
                                                     -4.216168414099506,
                                                     53.125881154184846
                                                 ],
                                                 [
                                                     -4.216143160265722,
                                                     53.125914881656762
                                                 ],
                                                 [
                                                     -4.216113598257023,
                                                     53.125948688454748
                                                 ],
                                                 [
                                                     -4.216072985868158,
                                                     53.126002475511662
                                                 ],
                                                 [
                                                     -4.216059105768436,
                                                     53.126022508473731
                                                 ],
                                                 [
                                                     -4.216031497385397,
                                                     53.126067964278214
                                                 ],
                                                 [
                                                     -4.216009553533593,
                                                     53.12610612370743
                                                 ],
                                                 [
                                                     -4.216009926996151,
                                                     53.126106206661312
                                                 ],
                                                 [
                                                     -4.21600955815659,
                                                     53.126106213529866
                                                 ],
                                                 [
                                                     -4.215971113855915,
                                                     53.126108006539035
                                                 ],
                                                 [
                                                     -4.215971892054693,
                                                     53.126107095659741
                                                 ],
                                                 [
                                                     -4.215714419778132,
                                                     53.126128158903704
                                                 ],
                                                 [
                                                     -4.2153966271656,
                                                     53.126138569262977
                                                 ],
                                                 [
                                                     -4.215344063906576,
                                                     53.126106201650117
                                                 ],
                                                 [
                                                     -4.215306017994093,
                                                     53.126063766428864
                                                 ],
                                                 [
                                                     -4.215230202045808,
                                                     53.125984282628316
                                                 ],
                                                 [
                                                     -4.215135027448885,
                                                     53.125906957308359
                                                 ],
                                                 [
                                                     -4.215098598830411,
                                                     53.125895950902418
                                                 ],
                                                 [
                                                     -4.21490429764757,
                                                     53.125896871191543
                                                 ],
                                                 [
                                                     -4.214843984223262,
                                                     53.12588630926858
                                                 ],
                                                 [
                                                     -4.214714736232686,
                                                     53.125843773136864
                                                 ],
                                                 [
                                                     -4.214563635881469,
                                                     53.125841192488409
                                                 ],
                                                 [
                                                     -4.214534481544972,
                                                     53.125825466102988
                                                 ],
                                                 [
                                                     -4.214349266571168,
                                                     53.12585686620065
                                                 ],
                                                 [
                                                     -4.214169295134754,
                                                     53.125844035962992
                                                 ],
                                                 [
                                                     -4.213998412628648,
                                                     53.125835440969738
                                                 ],
                                                 [
                                                     -4.213805821732034,
                                                     53.125812059548821
                                                 ],
                                                 [
                                                     -4.213492402475607,
                                                     53.1257325010722
                                                 ],
                                                 [
                                                     -4.212485730793215,
                                                     53.125254080192349
                                                 ],
                                                 [
                                                     -4.21171127055667,
                                                     53.124900676662996
                                                 ],
                                                 [
                                                     -4.211274529358409,
                                                     53.124807225405277
                                                 ],
                                                 [
                                                     -4.211021845340209,
                                                     53.124803831565451
                                                 ],
                                                 [
                                                     -4.210817408341945,
                                                     53.124782462726728
                                                 ],
                                                 [
                                                     -4.210591522405903,
                                                     53.124720145796225
                                                 ],
                                                 [
                                                     -4.210386901602885,
                                                     53.124695184198274
                                                 ],
                                                 [
                                                     -4.210270558057699,
                                                     53.124668583516083
                                                 ],
                                                 [
                                                     -4.210028035323218,
                                                     53.124575025667916
                                                 ],
                                                 [
                                                     -4.209864403151274,
                                                     53.124503462115634
                                                 ],
                                                 [
                                                     -4.209785464179071,
                                                     53.124391675781517
                                                 ],
                                                 [
                                                     -4.209708732955543,
                                                     53.124322901951878
                                                 ],
                                                 [
                                                     -4.209530344140095,
                                                     53.12425430832441
                                                 ],
                                                 [
                                                     -4.209375330694018,
                                                     53.124204155809679
                                                 ],
                                                 [
                                                     -4.20769201696475,
                                                     53.123760726801216
                                                 ],
                                                 [
                                                     -4.20781193695628,
                                                     53.123679315091032
                                                 ],
                                                 [
                                                     -4.208026398357958,
                                                     53.123607924346338
                                                 ],
                                                 [
                                                     -4.208131192290791,
                                                     53.123551150960807
                                                 ],
                                                 [
                                                     -4.208119908945194,
                                                     53.123420041902818
                                                 ],
                                                 [
                                                     -4.208090721870414,
                                                     53.123374742795008
                                                 ],
                                                 [
                                                     -4.208053468310291,
                                                     53.123347570547374
                                                 ],
                                                 [
                                                     -4.207783244151543,
                                                     53.123266297523728
                                                 ],
                                                 [
                                                     -4.207681909735114,
                                                     53.123243908600344
                                                 ],
                                                 [
                                                     -4.207567197157412,
                                                     53.123251430360867
                                                 ],
                                                 [
                                                     -4.207474604574228,
                                                     53.123221689111396
                                                 ],
                                                 [
                                                     -4.207357176110103,
                                                     53.123176229476769
                                                 ],
                                                 [
                                                     -4.207149841020735,
                                                     53.123155807249738
                                                 ],
                                                 [
                                                     -4.206942491021358,
                                                     53.123221671829072
                                                 ],
                                                 [
                                                     -4.206987360053042,
                                                     53.123164213555796
                                                 ],
                                                 [
                                                     -4.206843323380751,
                                                     53.123094888927568
                                                 ],
                                                 [
                                                     -4.206844073499182,
                                                     53.123022968975199
                                                 ],
                                                 [
                                                     -4.206831028058577,
                                                     53.123001639186761
                                                 ],
                                                 [
                                                     -4.206719627632999,
                                                     53.122984829734733
                                                 ],
                                                 [
                                                     -4.206558585203008,
                                                     53.122963547103843
                                                 ],
                                                 [
                                                     -4.206493710880628,
                                                     53.122921606617822
                                                 ],
                                                 [
                                                     -4.206483168919083,
                                                     53.122804864535297
                                                 ],
                                                 [
                                                     -4.206441583034942,
                                                     53.122750807697706
                                                 ],
                                                 [
                                                     -4.206427350313005,
                                                     53.122648604800418
                                                 ],
                                                 [
                                                     -4.206324810731481,
                                                     53.122571410042973
                                                 ],
                                                 [
                                                     -4.206132279313074,
                                                     53.122459839375139
                                                 ],
                                                 [
                                                     -4.206007569105277,
                                                     53.122447770547204
                                                 ],
                                                 [
                                                     -4.205854548922025,
                                                     53.12240746379026
                                                 ],
                                                 [
                                                     -4.205644688451121,
                                                     53.122337649659244
                                                 ],
                                                 [
                                                     -4.205516287868141,
                                                     53.122311266977555
                                                 ],
                                                 [
                                                     -4.205381327391143,
                                                     53.122390168875761
                                                 ],
                                                 [
                                                     -4.205290942619854,
                                                     53.122492512591606
                                                 ],
                                                 [
                                                     -4.205247825554816,
                                                     53.12258418295265
                                                 ],
                                                 [
                                                     -4.20519188610283,
                                                     53.122658922912208
                                                 ],
                                                 [
                                                     -4.205040047420463,
                                                     53.12278847148994
                                                 ],
                                                 [
                                                     -4.205040033137672,
                                                     53.122874849425216
                                                 ],
                                                 [
                                                     -4.204984462319114,
                                                     53.12295677331862
                                                 ],
                                                 [
                                                     -4.204958803667866,
                                                     53.123127127033989
                                                 ],
                                                 [
                                                     -4.204877876883901,
                                                     53.12326983213508
                                                 ],
                                                 [
                                                     -4.204843751978668,
                                                     53.123303720633523
                                                 ],
                                                 [
                                                     -4.204633732589568,
                                                     53.123317499048682
                                                 ],
                                                 [
                                                     -4.204119723033323,
                                                     53.123348592648099
                                                 ],
                                                 [
                                                     -4.203509174713032,
                                                     53.123393157095286
                                                 ],
                                                 [
                                                     -4.203145244114436,
                                                     53.123407085563493
                                                 ],
                                                 [
                                                     -4.202767771483277,
                                                     53.123421264495136
                                                 ],
                                                 [
                                                     -4.201983156576619,
                                                     53.123276694190046
                                                 ],
                                                 [
                                                     -4.201965121762875,
                                                     53.123273432482343
                                                 ],
                                                 [
                                                     -4.201931978726487,
                                                     53.123473584684945
                                                 ],
                                                 [
                                                     -4.201905777575083,
                                                     53.123575727040325
                                                 ],
                                                 [
                                                     -4.201851996526512,
                                                     53.123837381654425
                                                 ],
                                                 [
                                                     -4.201722759529468,
                                                     53.124057378869956
                                                 ],
                                                 [
                                                     -4.201504396662624,
                                                     53.124288911140233
                                                 ],
                                                 [
                                                     -4.201389424196384,
                                                     53.1244384454601
                                                 ],
                                                 [
                                                     -4.20131944504228,
                                                     53.124619595247097
                                                 ],
                                                 [
                                                     -4.201284924188589,
                                                     53.124732586824798
                                                 ],
                                                 [
                                                     -4.20113587324089,
                                                     53.124856775866576
                                                 ],
                                                 [
                                                     -4.201040559551159,
                                                     53.124923253942463
                                                 ],
                                                 [
                                                     -4.200612418623405,
                                                     53.124792663136297
                                                 ],
                                                 [
                                                     -4.200571654687328,
                                                     53.124843841123074
                                                 ],
                                                 [
                                                     -4.199685383001174,
                                                     53.124697450041715
                                                 ],
                                                 [
                                                     -4.199295891716233,
                                                     53.124623755103912
                                                 ],
                                                 [
                                                     -4.198465148712259,
                                                     53.124452059784474
                                                 ],
                                                 [
                                                     -4.196428313154397,
                                                     53.124079718891053
                                                 ],
                                                 [
                                                     -4.196138718674507,
                                                     53.124026639645471
                                                 ],
                                                 [
                                                     -4.196395530275185,
                                                     53.123610957256517
                                                 ],
                                                 [
                                                     -4.196457590663589,
                                                     53.123510941488284
                                                 ],
                                                 [
                                                     -4.196518020071665,
                                                     53.123405562195373
                                                 ],
                                                 [
                                                     -4.195529075991517,
                                                     53.12323856485461
                                                 ],
                                                 [
                                                     -4.195488281838652,
                                                     53.123231227572823
                                                 ],
                                                 [
                                                     -4.193600612154521,
                                                     53.12290911719321
                                                 ],
                                                 [
                                                     -4.192538756487004,
                                                     53.122718272112024
                                                 ],
                                                 [
                                                     -4.190142241808087,
                                                     53.122321890547617
                                                 ],
                                                 [
                                                     -4.188610128628701,
                                                     53.122083938042174
                                                 ],
                                                 [
                                                     -4.18582104430792,
                                                     53.122109136999704
                                                 ],
                                                 [
                                                     -4.182817612565625,
                                                     53.122121125504812
                                                 ],
                                                 [
                                                     -4.180704970383946,
                                                     53.122105930750884
                                                 ],
                                                 [
                                                     -4.178180820198406,
                                                     53.122077469261718
                                                 ],
                                                 [
                                                     -4.176209347506776,
                                                     53.12207578947465
                                                 ],
                                                 [
                                                     -4.171303896838802,
                                                     53.122038665337897
                                                 ],
                                                 [
                                                     -4.170569018517385,
                                                     53.122049375912262
                                                 ],
                                                 [
                                                     -4.167659930065543,
                                                     53.120965935599266
                                                 ],
                                                 [
                                                     -4.165536847306627,
                                                     53.120175699645735
                                                 ],
                                                 [
                                                     -4.164468154274751,
                                                     53.119786000501001
                                                 ],
                                                 [
                                                     -4.163885038410626,
                                                     53.119571901214051
                                                 ],
                                                 [
                                                     -4.16208742616469,
                                                     53.11916037988361
                                                 ],
                                                 [
                                                     -4.159043869466317,
                                                     53.118458656209654
                                                 ],
                                                 [
                                                     -4.158664273386767,
                                                     53.118368380827135
                                                 ],
                                                 [
                                                     -4.158175049694387,
                                                     53.117521399692549
                                                 ],
                                                 [
                                                     -4.158043455539985,
                                                     53.117282812271405
                                                 ],
                                                 [
                                                     -4.157796315200322,
                                                     53.116823413830218
                                                 ],
                                                 [
                                                     -4.156463227770087,
                                                     53.115210291457721
                                                 ],
                                                 [
                                                     -4.156099355431346,
                                                     53.11474671335808
                                                 ],
                                                 [
                                                     -4.155887136591874,
                                                     53.114477227663443
                                                 ],
                                                 [
                                                     -4.15520071632687,
                                                     53.113629222988592
                                                 ],
                                                 [
                                                     -4.155735101650039,
                                                     53.113320145460875
                                                 ],
                                                 [
                                                     -4.156069320983328,
                                                     53.113132528409935
                                                 ],
                                                 [
                                                     -4.156395915886106,
                                                     53.112910803630555
                                                 ],
                                                 [
                                                     -4.156595167494134,
                                                     53.11274171909033
                                                 ],
                                                 [
                                                     -4.156881846862577,
                                                     53.112438923742552
                                                 ],
                                                 [
                                                     -4.156945390012111,
                                                     53.112275984741814
                                                 ],
                                                 [
                                                     -4.156937207212297,
                                                     53.111841913006224
                                                 ],
                                                 [
                                                     -4.157066002524167,
                                                     53.11157972956741
                                                 ],
                                                 [
                                                     -4.157494310817104,
                                                     53.110764553914123
                                                 ],
                                                 [
                                                     -4.157522798604179,
                                                     53.110617529094725
                                                 ],
                                                 [
                                                     -4.157537669198724,
                                                     53.110407744742083
                                                 ],
                                                 [
                                                     -4.157537428906925,
                                                     53.110073298588333
                                                 ],
                                                 [
                                                     -4.157481662478876,
                                                     53.109289369295425
                                                 ],
                                                 [
                                                     -4.157453532567667,
                                                     53.109143371985446
                                                 ],
                                                 [
                                                     -4.157373961669321,
                                                     53.108897549584711
                                                 ],
                                                 [
                                                     -4.157236700877809,
                                                     53.108454133609463
                                                 ],
                                                 [
                                                     -4.157233625093395,
                                                     53.108183554422062
                                                 ],
                                                 [
                                                     -4.157237977293603,
                                                     53.107913739624408
                                                 ],
                                                 [
                                                     -4.157397916445738,
                                                     53.107496393571125
                                                 ],
                                                 [
                                                     -4.157501223808853,
                                                     53.10729129635061
                                                 ],
                                                 [
                                                     -4.157540522425259,
                                                     53.107121605642561
                                                 ],
                                                 [
                                                     -4.157505470731268,
                                                     53.106960364090966
                                                 ],
                                                 [
                                                     -4.157434901915757,
                                                     53.106773700499033
                                                 ],
                                                 [
                                                     -4.157080713960346,
                                                     53.106352193778704
                                                 ],
                                                 [
                                                     -4.15685342743617,
                                                     53.106081184780564
                                                 ],
                                                 [
                                                     -4.157117246040656,
                                                     53.105113495709553
                                                 ],
                                                 [
                                                     -4.157144986424812,
                                                     53.104712927292617
                                                 ],
                                                 [
                                                     -4.157155974423362,
                                                     53.104543660028561
                                                 ],
                                                 [
                                                     -4.157200948640931,
                                                     53.103891918292973
                                                 ],
                                                 [
                                                     -4.157107519583305,
                                                     53.10378485527761
                                                 ],
                                                 [
                                                     -4.156946922769553,
                                                     53.103741028339172
                                                 ],
                                                 [
                                                     -4.156885253367185,
                                                     53.103672937116237
                                                 ],
                                                 [
                                                     -4.156876356375745,
                                                     53.103524702856539
                                                 ],
                                                 [
                                                     -4.157009399163945,
                                                     53.103047623397003
                                                 ],
                                                 [
                                                     -4.157010844949839,
                                                     53.102928863107316
                                                 ],
                                                 [
                                                     -4.15698554026585,
                                                     53.102780118039391
                                                 ],
                                                 [
                                                     -4.156946303789073,
                                                     53.102205403962948
                                                 ],
                                                 [
                                                     -4.156918206191548,
                                                     53.102121424268752
                                                 ],
                                                 [
                                                     -4.156773074090969,
                                                     53.10187948625591
                                                 ],
                                                 [
                                                     -4.156546959103144,
                                                     53.101569806776382
                                                 ],
                                                 [
                                                     -4.157576763393456,
                                                     53.099252219142485
                                                 ],
                                                 [
                                                     -4.158549104602742,
                                                     53.097043523421043
                                                 ],
                                                 [
                                                     -4.156979980781127,
                                                     53.096044270457284
                                                 ],
                                                 [
                                                     -4.158043097238085,
                                                     53.095588072631898
                                                 ],
                                                 [
                                                     -4.158789051654952,
                                                     53.095094387774218
                                                 ],
                                                 [
                                                     -4.159153622810043,
                                                     53.094829809352838
                                                 ],
                                                 [
                                                     -4.159265073917091,
                                                     53.094370106350517
                                                 ],
                                                 [
                                                     -4.159339515361088,
                                                     53.094157441736186
                                                 ],
                                                 [
                                                     -4.159589066978251,
                                                     53.09365217820848
                                                 ],
                                                 [
                                                     -4.159813124905946,
                                                     53.093355903255912
                                                 ],
                                                 [
                                                     -4.160080782301645,
                                                     53.093032770050982
                                                 ],
                                                 [
                                                     -4.160356716117964,
                                                     53.092727463003826
                                                 ],
                                                 [
                                                     -4.160887894268642,
                                                     53.09215137694121
                                                 ],
                                                 [
                                                     -4.161674532115965,
                                                     53.091338750280464
                                                 ],
                                                 [
                                                     -4.161317139964693,
                                                     53.09118067011422
                                                 ],
                                                 [
                                                     -4.161262810321557,
                                                     53.091229294076236
                                                 ],
                                                 [
                                                     -4.160946758397245,
                                                     53.09082238653734
                                                 ],
                                                 [
                                                     -4.160068162710759,
                                                     53.089890714439335
                                                 ],
                                                 [
                                                     -4.159762399688916,
                                                     53.089570801745424
                                                 ],
                                                 [
                                                     -4.159612660105828,
                                                     53.089383779243576
                                                 ],
                                                 [
                                                     -4.159573253904746,
                                                     53.089282927313462
                                                 ],
                                                 [
                                                     -4.159541683725982,
                                                     53.089100050256278
                                                 ],
                                                 [
                                                     -4.159430325785621,
                                                     53.088216551167925
                                                 ],
                                                 [
                                                     -4.159421415126698,
                                                     53.088159098939535
                                                 ],
                                                 [
                                                     -4.159360300810273,
                                                     53.087683741452707
                                                 ],
                                                 [
                                                     -4.15919013572951,
                                                     53.086761671748384
                                                 ],
                                                 [
                                                     -4.158578795544181,
                                                     53.086362813085238
                                                 ],
                                                 [
                                                     -4.158524296072903,
                                                     53.086316973423891
                                                 ],
                                                 [
                                                     -4.158268385473616,
                                                     53.086096911455115
                                                 ],
                                                 [
                                                     -4.157708019845931,
                                                     53.085732177784308
                                                 ],
                                                 [
                                                     -4.157335784141994,
                                                     53.085485371446573
                                                 ],
                                                 [
                                                     -4.15722416907381,
                                                     53.085402816447726
                                                 ],
                                                 [
                                                     -4.156407474322544,
                                                     53.084808941651247
                                                 ],
                                                 [
                                                     -4.154847394119885,
                                                     53.084845392160474
                                                 ],
                                                 [
                                                     -4.154053221517874,
                                                     53.084911009370337
                                                 ],
                                                 [
                                                     -4.153128364523059,
                                                     53.084958313376625
                                                 ],
                                                 [
                                                     -4.151102052572934,
                                                     53.085020141046378
                                                 ],
                                                 [
                                                     -4.150848227613688,
                                                     53.085021135465865
                                                 ],
                                                 [
                                                     -4.150649678316075,
                                                     53.085022029054358
                                                 ],
                                                 [
                                                     -4.15042604662627,
                                                     53.084910034188873
                                                 ],
                                                 [
                                                     -4.149809180440868,
                                                     53.084575946818084
                                                 ],
                                                 [
                                                     -4.149636819864425,
                                                     53.08450445974001
                                                 ],
                                                 [
                                                     -4.14942182134599,
                                                     53.084444528237022
                                                 ],
                                                 [
                                                     -4.148690137921859,
                                                     53.08429407170776
                                                 ],
                                                 [
                                                     -4.147986500115489,
                                                     53.084229481518882
                                                 ],
                                                 [
                                                     -4.145847679301237,
                                                     53.08382847080361
                                                 ],
                                                 [
                                                     -4.1453341834982,
                                                     53.083801779776422
                                                 ],
                                                 [
                                                     -4.144141624542697,
                                                     53.083751286613591
                                                 ],
                                                 [
                                                     -4.144096941513571,
                                                     53.083724228688446
                                                 ],
                                                 [
                                                     -4.143617733791387,
                                                     53.083426276960189
                                                 ],
                                                 [
                                                     -4.143403428893673,
                                                     53.083290822045264
                                                 ],
                                                 [
                                                     -4.143206327368313,
                                                     53.083201794491323
                                                 ],
                                                 [
                                                     -4.142560400803722,
                                                     53.082942795600879
                                                 ],
                                                 [
                                                     -4.14248975732893,
                                                     53.082903621183796
                                                 ],
                                                 [
                                                     -4.142426567470831,
                                                     53.082863324390139
                                                 ],
                                                 [
                                                     -4.142320002950064,
                                                     53.082762777512862
                                                 ],
                                                 [
                                                     -4.141849948879531,
                                                     53.082348706976042
                                                 ],
                                                 [
                                                     -4.141720010514366,
                                                     53.082288129115966
                                                 ],
                                                 [
                                                     -4.139992385894122,
                                                     53.08156394332412
                                                 ],
                                                 [
                                                     -4.139507126898155,
                                                     53.081505261504212
                                                 ],
                                                 [
                                                     -4.139097473546596,
                                                     53.081434431848933
                                                 ],
                                                 [
                                                     -4.138635899364846,
                                                     53.081309615928099
                                                 ],
                                                 [
                                                     -4.138224919678016,
                                                     53.081182181402589
                                                 ],
                                                 [
                                                     -4.13780853742188,
                                                     53.081005317758105
                                                 ],
                                                 [
                                                     -4.136284019506128,
                                                     53.08097428373776
                                                 ],
                                                 [
                                                     -4.134732086056026,
                                                     53.080871817585844
                                                 ],
                                                 [
                                                     -4.132849097324974,
                                                     53.080746414649106
                                                 ],
                                                 [
                                                     -4.132987553058058,
                                                     53.080496666787525
                                                 ],
                                                 [
                                                     -4.133027958142709,
                                                     53.080317976166782
                                                 ],
                                                 [
                                                     -4.133045581276642,
                                                     53.079648758254244
                                                 ],
                                                 [
                                                     -4.132956364861048,
                                                     53.079412979206097
                                                 ],
                                                 [
                                                     -4.132865977220275,
                                                     53.079277979803031
                                                 ],
                                                 [
                                                     -4.132609039840852,
                                                     53.078699971100932
                                                 ],
                                                 [
                                                     -4.131656276206557,
                                                     53.07905959005236
                                                 ],
                                                 [
                                                     -4.130467697133348,
                                                     53.078785083165094
                                                 ],
                                                 [
                                                     -4.130412709167643,
                                                     53.078728544205283
                                                 ],
                                                 [
                                                     -4.130341037766896,
                                                     53.078608396725777
                                                 ],
                                                 [
                                                     -4.130113782324226,
                                                     53.078391357581218
                                                 ],
                                                 [
                                                     -4.130073774136183,
                                                     53.078306596098436
                                                 ],
                                                 [
                                                     -4.130048933777323,
                                                     53.078165027211661
                                                 ],
                                                 [
                                                     -4.129983747666107,
                                                     53.078024090903256
                                                 ],
                                                 [
                                                     -4.129953163844089,
                                                     53.077980596382233
                                                 ],
                                                 [
                                                     -4.129847292195242,
                                                     53.077923170182814
                                                 ],
                                                 [
                                                     -4.129780022347904,
                                                     53.077859660041007
                                                 ],
                                                 [
                                                     -4.1296381706191,
                                                     53.077587070619998
                                                 ],
                                                 [
                                                     -4.129392460145267,
                                                     53.077267805530049
                                                 ],
                                                 [
                                                     -4.129322793435417,
                                                     53.077188158254309
                                                 ],
                                                 [
                                                     -4.129275599910415,
                                                     53.077077459994676
                                                 ],
                                                 [
                                                     -4.129028538764066,
                                                     53.076790575239123
                                                 ],
                                                 [
                                                     -4.128928936428717,
                                                     53.076465995725428
                                                 ],
                                                 [
                                                     -4.128754425488163,
                                                     53.076227336601633
                                                 ],
                                                 [
                                                     -4.128628221223858,
                                                     53.075969746668939
                                                 ],
                                                 [
                                                     -4.12848215521394,
                                                     53.07600561748955
                                                 ],
                                                 [
                                                     -4.127604948996153,
                                                     53.075957495455647
                                                 ],
                                                 [
                                                     -4.127187201110567,
                                                     53.0759631691271
                                                 ],
                                                 [
                                                     -4.126471458143481,
                                                     53.075951699586653
                                                 ],
                                                 [
                                                     -4.126144966413707,
                                                     53.07590082065694
                                                 ],
                                                 [
                                                     -4.12557555923043,
                                                     53.075464194328198
                                                 ],
                                                 [
                                                     -4.125333533192978,
                                                     53.075278779011185
                                                 ],
                                                 [
                                                     -4.12311080324629,
                                                     53.075857946580015
                                                 ],
                                                 [
                                                     -4.122509861559256,
                                                     53.075812945285179
                                                 ],
                                                 [
                                                     -4.122245028226649,
                                                     53.076104484295747
                                                 ],
                                                 [
                                                     -4.117819509432889,
                                                     53.076978997777381
                                                 ],
                                                 [
                                                     -4.114481759864314,
                                                     53.077202954040914
                                                 ],
                                                 [
                                                     -4.112732772892332,
                                                     53.079474514540451
                                                 ],
                                                 [
                                                     -4.111868361898279,
                                                     53.080543547327245
                                                 ],
                                                 [
                                                     -4.11185158273732,
                                                     53.080565416710968
                                                 ],
                                                 [
                                                     -4.108569433248488,
                                                     53.080102240554325
                                                 ],
                                                 [
                                                     -4.099447756650988,
                                                     53.078864584005551
                                                 ],
                                                 [
                                                     -4.094159054686405,
                                                     53.078149599544574
                                                 ],
                                                 [
                                                     -4.09159166311582,
                                                     53.077793722705835
                                                 ],
                                                 [
                                                     -4.090362171231257,
                                                     53.07762388895916
                                                 ],
                                                 [
                                                     -4.085691260808141,
                                                     53.076988451259034
                                                 ],
                                                 [
                                                     -4.07520769864429,
                                                     53.075530946468199
                                                 ],
                                                 [
                                                     -4.075881118275922,
                                                     53.075162277710682
                                                 ],
                                                 [
                                                     -4.076068487842166,
                                                     53.075116762913993
                                                 ],
                                                 [
                                                     -4.076326694577192,
                                                     53.075052036190151
                                                 ],
                                                 [
                                                     -4.076543564650049,
                                                     53.074967356481807
                                                 ],
                                                 [
                                                     -4.0770074468407,
                                                     53.074802774020476
                                                 ],
                                                 [
                                                     -4.077259759683976,
                                                     53.074743540779288
                                                 ],
                                                 [
                                                     -4.077653533080832,
                                                     53.074580180138383
                                                 ],
                                                 [
                                                     -4.077854912088175,
                                                     53.074483185213516
                                                 ],
                                                 [
                                                     -4.078256508312097,
                                                     53.074267645042859
                                                 ],
                                                 [
                                                     -4.078329121500299,
                                                     53.074224041784809
                                                 ],
                                                 [
                                                     -4.078419922902754,
                                                     53.074156841953268
                                                 ],
                                                 [
                                                     -4.078480499006498,
                                                     53.074052420106092
                                                 ],
                                                 [
                                                     -4.078584924408253,
                                                     53.073895010388362
                                                 ],
                                                 [
                                                     -4.078793073017987,
                                                     53.073721497989453
                                                 ],
                                                 [
                                                     -4.07915935858679,
                                                     53.073330313691123
                                                 ],
                                                 [
                                                     -4.079364131518151,
                                                     53.073025542030678
                                                 ],
                                                 [
                                                     -4.079414985183992,
                                                     53.07284210406651
                                                 ],
                                                 [
                                                     -4.079527760819524,
                                                     53.072457148438055
                                                 ],
                                                 [
                                                     -4.07956846889378,
                                                     53.072185804097529
                                                 ],
                                                 [
                                                     -4.079584491501399,
                                                     53.071992189772246
                                                 ],
                                                 [
                                                     -4.079504870691869,
                                                     53.071795843139917
                                                 ],
                                                 [
                                                     -4.07925426141042,
                                                     53.071519704785487
                                                 ],
                                                 [
                                                     -4.079093267121263,
                                                     53.071307612664583
                                                 ],
                                                 [
                                                     -4.078905044755751,
                                                     53.071059146072528
                                                 ],
                                                 [
                                                     -4.078761001070457,
                                                     53.070981668962069
                                                 ],
                                                 [
                                                     -4.078542834095842,
                                                     53.070852457232498
                                                 ],
                                                 [
                                                     -4.078294575784397,
                                                     53.070658068698194
                                                 ],
                                                 [
                                                     -4.078176211932898,
                                                     53.070554076333941
                                                 ],
                                                 [
                                                     -4.078059504388365,
                                                     53.07042569821531
                                                 ],
                                                 [
                                                     -4.077799448468569,
                                                     53.070231603803784
                                                 ],
                                                 [
                                                     -4.077644984450909,
                                                     53.069970860305183
                                                 ],
                                                 [
                                                     -4.077513718841772,
                                                     53.069724092018873
                                                 ],
                                                 [
                                                     -4.077386801391709,
                                                     53.069444891019032
                                                 ],
                                                 [
                                                     -4.077247556362381,
                                                     53.069218935026854
                                                 ],
                                                 [
                                                     -4.076983530040869,
                                                     53.068942127266276
                                                 ],
                                                 [
                                                     -4.07649532746979,
                                                     53.068600025340466
                                                 ],
                                                 [
                                                     -4.076208642799734,
                                                     53.068504363179606
                                                 ],
                                                 [
                                                     -4.076119659346026,
                                                     53.068391767000641
                                                 ],
                                                 [
                                                     -4.076434844062481,
                                                     53.068179448120688
                                                 ],
                                                 [
                                                     -4.076663282874558,
                                                     53.067965047655818
                                                 ],
                                                 [
                                                     -4.076919745114792,
                                                     53.067711598051631
                                                 ],
                                                 [
                                                     -4.07706598823904,
                                                     53.067461781014231
                                                 ],
                                                 [
                                                     -4.07729117267429,
                                                     53.067210585015985
                                                 ],
                                                 [
                                                     -4.077517287019464,
                                                     53.067037568948351
                                                 ],
                                                 [
                                                     -4.077714303934643,
                                                     53.066914585140673
                                                 ],
                                                 [
                                                     -4.078092579854992,
                                                     53.066648128719265
                                                 ],
                                                 [
                                                     -4.078376390954505,
                                                     53.066405793246275
                                                 ],
                                                 [
                                                     -4.078702135571834,
                                                     53.066196069781085
                                                 ],
                                                 [
                                                     -4.079019453517892,
                                                     53.066028647418726
                                                 ],
                                                 [
                                                     -4.079361537292693,
                                                     53.065879755289835
                                                 ],
                                                 [
                                                     -4.079737884165429,
                                                     53.065668155203383
                                                 ],
                                                 [
                                                     -4.080097966418502,
                                                     53.065364261037168
                                                 ],
                                                 [
                                                     -4.080349188042047,
                                                     53.065158532596513
                                                 ],
                                                 [
                                                     -4.080516344396676,
                                                     53.065003619733659
                                                 ],
                                                 [
                                                     -4.080623829564618,
                                                     53.064818381065535
                                                 ],
                                                 [
                                                     -4.080725068939498,
                                                     53.064564852035687
                                                 ],
                                                 [
                                                     -4.080940198340207,
                                                     53.064258996606064
                                                 ],
                                                 [
                                                     -4.081220734749581,
                                                     53.063763156157705
                                                 ],
                                                 [
                                                     -4.081457021857535,
                                                     53.063556787493063
                                                 ],
                                                 [
                                                     -4.08173263509901,
                                                     53.063328967722143
                                                 ],
                                                 [
                                                     -4.082021645628728,
                                                     53.063100912743778
                                                 ],
                                                 [
                                                     -4.082230641195912,
                                                     53.062885044144629
                                                 ],
                                                 [
                                                     -4.082451568710685,
                                                     53.062607936349572
                                                 ],
                                                 [
                                                     -4.082820334491172,
                                                     53.062117736714583
                                                 ],
                                                 [
                                                     -4.082965569547174,
                                                     53.061939923533508
                                                 ],
                                                 [
                                                     -4.083043850245339,
                                                     53.061769485603946
                                                 ],
                                                 [
                                                     -4.083064448634349,
                                                     53.061546128941394
                                                 ],
                                                 [
                                                     -4.083099663374688,
                                                     53.061378332425754
                                                 ],
                                                 [
                                                     -4.083172478286514,
                                                     53.061280794264604
                                                 ],
                                                 [
                                                     -4.08327924533006,
                                                     53.061172864119996
                                                 ],
                                                 [
                                                     -4.083461815220383,
                                                     53.06090442522526
                                                 ],
                                                 [
                                                     -4.08351259799054,
                                                     53.060781296829106
                                                 ],
                                                 [
                                                     -4.083548768416498,
                                                     53.060605304542563
                                                 ],
                                                 [
                                                     -4.083382808526649,
                                                     53.06035106123884
                                                 ],
                                                 [
                                                     -4.083800764934935,
                                                     53.060105552789068
                                                 ],
                                                 [
                                                     -4.083383507569973,
                                                     53.059840431821272
                                                 ],
                                                 [
                                                     -4.08332170722428,
                                                     53.059702108837655
                                                 ],
                                                 [
                                                     -4.083304108252178,
                                                     53.059462433218144
                                                 ],
                                                 [
                                                     -4.083217724824029,
                                                     53.059217581808532
                                                 ],
                                                 [
                                                     -4.083116129411078,
                                                     53.058937941972822
                                                 ],
                                                 [
                                                     -4.083099608993273,
                                                     53.058781747842971
                                                 ],
                                                 [
                                                     -4.08319779277685,
                                                     53.058187619410198
                                                 ],
                                                 [
                                                     -4.083190376021977,
                                                     53.058064521588065
                                                 ],
                                                 [
                                                     -4.083113448672107,
                                                     53.057798831165236
                                                 ],
                                                 [
                                                     -4.082979160414493,
                                                     53.057644789743172
                                                 ],
                                                 [
                                                     -4.0828298627064,
                                                     53.057488223929965
                                                 ],
                                                 [
                                                     -4.082776666178899,
                                                     53.057377703020684
                                                 ],
                                                 [
                                                     -4.082792799441524,
                                                     53.057278550381604
                                                 ],
                                                 [
                                                     -4.082839192308529,
                                                     53.057156308239563
                                                 ],
                                                 [
                                                     -4.08297687457621,
                                                     53.057010985584284
                                                 ],
                                                 [
                                                     -4.083078990430363,
                                                     53.056806873260577
                                                 ],
                                                 [
                                                     -4.083115287828647,
                                                     53.056630968674391
                                                 ],
                                                 [
                                                     -4.083117155640037,
                                                     53.056516696213826
                                                 ],
                                                 [
                                                     -4.083108400432727,
                                                     53.056365848557839
                                                 ],
                                                 [
                                                     -4.083060090936272,
                                                     53.056229086339854
                                                 ],
                                                 [
                                                     -4.082994447012578,
                                                     53.056074741583366
                                                 ],
                                                 [
                                                     -4.082842434563986,
                                                     53.055647589927659
                                                 ],
                                                 [
                                                     -4.082769770294929,
                                                     53.055378319985216
                                                 ],
                                                 [
                                                     -4.082761967832629,
                                                     53.055091644395375
                                                 ],
                                                 [
                                                     -4.082721260603663,
                                                     53.05486756311717
                                                 ],
                                                 [
                                                     -4.082741645055226,
                                                     53.054764741495084
                                                 ],
                                                 [
                                                     -4.082820471330487,
                                                     53.054572722434834
                                                 ],
                                                 [
                                                     -4.082913703177363,
                                                     53.054434469077364
                                                 ],
                                                 [
                                                     -4.083106602319408,
                                                     53.054316851307043
                                                 ],
                                                 [
                                                     -4.083490901295968,
                                                     53.054180689223024
                                                 ],
                                                 [
                                                     -4.083166879386448,
                                                     53.053990333756914
                                                 ],
                                                 [
                                                     -4.082645153815673,
                                                     53.053567951317326
                                                 ],
                                                 [
                                                     -4.082558099876691,
                                                     53.053311425828092
                                                 ],
                                                 [
                                                     -4.082556669297632,
                                                     53.053031829346011
                                                 ],
                                                 [
                                                     -4.082635244243928,
                                                     53.052806558037759
                                                 ],
                                                 [
                                                     -4.082768876976095,
                                                     53.052513810741061
                                                 ],
                                                 [
                                                     -4.082898138446645,
                                                     53.052224824235154
                                                 ],
                                                 [
                                                     -4.082904250139059,
                                                     53.052009809964069
                                                 ],
                                                 [
                                                     -4.082835105782814,
                                                     53.051690952867418
                                                 ],
                                                 [
                                                     -4.082766957443141,
                                                     53.051423311058876
                                                 ],
                                                 [
                                                     -4.082645136532995,
                                                     53.050907547101033
                                                 ],
                                                 [
                                                     -4.082528354065331,
                                                     53.050404367199533
                                                 ],
                                                 [
                                                     -4.082806529519842,
                                                     53.050109088230791
                                                 ],
                                                 [
                                                     -4.082928965689153,
                                                     53.049956751656175
                                                 ],
                                                 [
                                                     -4.083147999846276,
                                                     53.049733603786315
                                                 ],
                                                 [
                                                     -4.083144485005881,
                                                     53.049566395456452
                                                 ],
                                                 [
                                                     -4.082400450383513,
                                                     53.049236888558596
                                                 ],
                                                 [
                                                     -4.082122197019648,
                                                     53.048387616217546
                                                 ],
                                                 [
                                                     -4.082391264161934,
                                                     53.047964865072181
                                                 ],
                                                 [
                                                     -4.082608336410052,
                                                     53.047701215904553
                                                 ],
                                                 [
                                                     -4.082652787264208,
                                                     53.04723026594575
                                                 ],
                                                 [
                                                     -4.082487282541654,
                                                     53.046736838184614
                                                 ],
                                                 [
                                                     -4.082179933620028,
                                                     53.046490462793386
                                                 ],
                                                 [
                                                     -4.081959587188108,
                                                     53.046188633299096
                                                 ],
                                                 [
                                                     -4.081341234622744,
                                                     53.046176088797601
                                                 ],
                                                 [
                                                     -4.081031582497415,
                                                     53.0455090140549
                                                 ],
                                                 [
                                                     -4.081475488303542,
                                                     53.044750552815287
                                                 ],
                                                 [
                                                     -4.081184876641525,
                                                     53.044664769386245
                                                 ],
                                                 [
                                                     -4.081037316450632,
                                                     53.044604434824151
                                                 ],
                                                 [
                                                     -4.080866444332746,
                                                     53.044463614787752
                                                 ],
                                                 [
                                                     -4.080703805213729,
                                                     53.044371097030087
                                                 ],
                                                 [
                                                     -4.080564921720022,
                                                     53.044307014664334
                                                 ],
                                                 [
                                                     -4.08022832334926,
                                                     53.04419336121807
                                                 ],
                                                 [
                                                     -4.080054068495473,
                                                     53.044137986037718
                                                 ],
                                                 [
                                                     -4.07963723070458,
                                                     53.04409494344717
                                                 ],
                                                 [
                                                     -4.079131593805346,
                                                     53.043816974229514
                                                 ],
                                                 [
                                                     -4.089336766588127,
                                                     53.038352412016756
                                                 ],
                                                 [
                                                     -4.090471396924086,
                                                     53.037754348035897
                                                 ],
                                                 [
                                                     -4.092737709185072,
                                                     53.036534868900475
                                                 ],
                                                 [
                                                     -4.094879660779921,
                                                     53.035398520986774
                                                 ],
                                                 [
                                                     -4.098065520590489,
                                                     53.033706851057246
                                                 ],
                                                 [
                                                     -4.098272801498716,
                                                     53.034075484092362
                                                 ],
                                                 [
                                                     -4.098520140176158,
                                                     53.034347146377442
                                                 ],
                                                 [
                                                     -4.098704614388374,
                                                     53.034428379217012
                                                 ],
                                                 [
                                                     -4.098953182599131,
                                                     53.034479718768054
                                                 ],
                                                 [
                                                     -4.099104483698857,
                                                     53.034493225592804
                                                 ],
                                                 [
                                                     -4.099181655276259,
                                                     53.034454112590133
                                                 ],
                                                 [
                                                     -4.099376476274467,
                                                     53.034474941474031
                                                 ],
                                                 [
                                                     -4.099586045878992,
                                                     53.034551235340949
                                                 ],
                                                 [
                                                     -4.100087633682848,
                                                     53.034621472919817
                                                 ],
                                                 [
                                                     -4.100470153680871,
                                                     53.03451404763122
                                                 ],
                                                 [
                                                     -4.100689046089475,
                                                     53.034476025204313
                                                 ],
                                                 [
                                                     -4.100971790665766,
                                                     53.034491701636654
                                                 ],
                                                 [
                                                     -4.101364463851109,
                                                     53.034532399681204
                                                 ],
                                                 [
                                                     -4.102056363527564,
                                                     53.034619129410352
                                                 ],
                                                 [
                                                     -4.102252584901842,
                                                     53.03466869035389
                                                 ],
                                                 [
                                                     -4.102659672910596,
                                                     53.034788225683492
                                                 ],
                                                 [
                                                     -4.102893538430751,
                                                     53.034903721760827
                                                 ],
                                                 [
                                                     -4.103151747135555,
                                                     53.034971060989591
                                                 ],
                                                 [
                                                     -4.103423015497712,
                                                     53.034995922715133
                                                 ],
                                                 [
                                                     -4.104073575617318,
                                                     53.034970928871537
                                                 ],
                                                 [
                                                     -4.104297907532184,
                                                     53.034799688637243
                                                 ],
                                                 [
                                                     -4.104670437426108,
                                                     53.034578275941833
                                                 ],
                                                 [
                                                     -4.104816630764405,
                                                     53.034517174957273
                                                 ],
                                                 [
                                                     -4.105113740198452,
                                                     53.034370799796143
                                                 ],
                                                 [
                                                     -4.105162058519399,
                                                     53.034627995182717
                                                 ],
                                                 [
                                                     -4.105142852579537,
                                                     53.034877398965769
                                                 ],
                                                 [
                                                     -4.105430940698459,
                                                     53.03500262725877
                                                 ],
                                                 [
                                                     -4.105750899061587,
                                                     53.035049991201106
                                                 ],
                                                 [
                                                     -4.1061462911099,
                                                     53.035143745643097
                                                 ],
                                                 [
                                                     -4.106967988967941,
                                                     53.035354790910333
                                                 ],
                                                 [
                                                     -4.108330382968232,
                                                     53.035673180639826
                                                 ],
                                                 [
                                                     -4.110138539776818,
                                                     53.036171587901435
                                                 ],
                                                 [
                                                     -4.110338202182132,
                                                     53.036014345595753
                                                 ],
                                                 [
                                                     -4.110488904835235,
                                                     53.035741035049398
                                                 ],
                                                 [
                                                     -4.11067910165468,
                                                     53.035420284512888
                                                 ],
                                                 [
                                                     -4.110741753510911,
                                                     53.035328301381227
                                                 ],
                                                 [
                                                     -4.110786136956551,
                                                     53.03526010133109
                                                 ],
                                                 [
                                                     -4.110937180933616,
                                                     53.03511720368941
                                                 ],
                                                 [
                                                     -4.111256981609531,
                                                     53.034914593501547
                                                 ],
                                                 [
                                                     -4.111848256064468,
                                                     53.034562450140321
                                                 ],
                                                 [
                                                     -4.112519459902102,
                                                     53.034652991343961
                                                 ],
                                                 [
                                                     -4.112698936568171,
                                                     53.034664183002903
                                                 ],
                                                 [
                                                     -4.113120229745508,
                                                     53.034648606942831
                                                 ],
                                                 [
                                                     -4.113639519100397,
                                                     53.034713169211223
                                                 ],
                                                 [
                                                     -4.114079672949333,
                                                     53.034716129741525
                                                 ],
                                                 [
                                                     -4.114426372247262,
                                                     53.034882538407899
                                                 ],
                                                 [
                                                     -4.115052116440506,
                                                     53.035142044128676
                                                 ],
                                                 [
                                                     -4.115310268325216,
                                                     53.035235423345945
                                                 ],
                                                 [
                                                     -4.116033817230609,
                                                     53.035392515576731
                                                 ],
                                                 [
                                                     -4.116540368760956,
                                                     53.035503042582135
                                                 ],
                                                 [
                                                     -4.116803799928932,
                                                     53.035581043836331
                                                 ],
                                                 [
                                                     -4.117406237250004,
                                                     53.035760957477343
                                                 ],
                                                 [
                                                     -4.118012559115725,
                                                     53.035867004149125
                                                 ],
                                                 [
                                                     -4.118452587571544,
                                                     53.03595992272583
                                                 ],
                                                 [
                                                     -4.118644598260312,
                                                     53.035980770216668
                                                 ],
                                                 [
                                                     -4.118827427405074,
                                                     53.035999981963705
                                                 ],
                                                 [
                                                     -4.119111310313301,
                                                     53.036008405127603
                                                 ],
                                                 [
                                                     -4.119258571784719,
                                                     53.035999488550559
                                                 ],
                                                 [
                                                     -4.119545220375577,
                                                     53.0358838232696
                                                 ],
                                                 [
                                                     -4.119686658206225,
                                                     53.035848944719284
                                                 ],
                                                 [
                                                     -4.120344296542581,
                                                     53.035998107033237
                                                 ],
                                                 [
                                                     -4.12043528487919,
                                                     53.035967721817549
                                                 ],
                                                 [
                                                     -4.120606957139547,
                                                     53.035970053563268
                                                 ],
                                                 [
                                                     -4.120680874205999,
                                                     53.036047831811764
                                                 ],
                                                 [
                                                     -4.120850336688858,
                                                     53.036097839540588
                                                 ],
                                                 [
                                                     -4.120938224984901,
                                                     53.036187142778353
                                                 ],
                                                 [
                                                     -4.121033624055286,
                                                     53.036246560468086
                                                 ],
                                                 [
                                                     -4.121169056707613,
                                                     53.036392450459189
                                                 ],
                                                 [
                                                     -4.124268274229596,
                                                     53.036629325431107
                                                 ],
                                                 [
                                                     -4.124663142060214,
                                                     53.036346240863317
                                                 ],
                                                 [
                                                     -4.12475904602211,
                                                     53.036235769575725
                                                 ],
                                                 [
                                                     -4.124966161243994,
                                                     53.036138589599496
                                                 ],
                                                 [
                                                     -4.125354066133937,
                                                     53.035869109725475
                                                 ],
                                                 [
                                                     -4.125450437366609,
                                                     53.036310597466226
                                                 ],
                                                 [
                                                     -4.126039425241879,
                                                     53.036338716510073
                                                 ],
                                                 [
                                                     -4.126921343722259,
                                                     53.036316651190766
                                                 ],
                                                 [
                                                     -4.127602575770132,
                                                     53.036277497264336
                                                 ],
                                                 [
                                                     -4.128371925644095,
                                                     53.036242155616094
                                                 ],
                                                 [
                                                     -4.129317481081808,
                                                     53.036238707701877
                                                 ],
                                                 [
                                                     -4.129647102826651,
                                                     53.036209434067892
                                                 ],
                                                 [
                                                     -4.129950281885262,
                                                     53.036185127746492
                                                 ],
                                                 [
                                                     -4.130281656270136,
                                                     53.036131552907875
                                                 ],
                                                 [
                                                     -4.131098991280846,
                                                     53.03591727672103
                                                 ],
                                                 [
                                                     -4.131929710106663,
                                                     53.035887103729436
                                                 ],
                                                 [
                                                     -4.132444602817418,
                                                     53.035861690845955
                                                 ],
                                                 [
                                                     -4.132811848934866,
                                                     53.035807465513301
                                                 ],
                                                 [
                                                     -4.133207765993306,
                                                     53.035731152917812
                                                 ],
                                                 [
                                                     -4.133465736972129,
                                                     53.035668100734831
                                                 ],
                                                 [
                                                     -4.133906238814859,
                                                     53.035588199476059
                                                 ],
                                                 [
                                                     -4.13435455800402,
                                                     53.035484876267596
                                                 ],
                                                 [
                                                     -4.134709147017164,
                                                     53.035356269891892
                                                 ],
                                                 [
                                                     -4.134935783090182,
                                                     53.035293776193292
                                                 ],
                                                 [
                                                     -4.135890108547289,
                                                     53.034925913904381
                                                 ],
                                                 [
                                                     -4.13803245377423,
                                                     53.034154683536229
                                                 ],
                                                 [
                                                     -4.138840359408012,
                                                     53.033570116444395
                                                 ],
                                                 [
                                                     -4.139152932684591,
                                                     53.033649072400642
                                                 ],
                                                 [
                                                     -4.13936934620878,
                                                     53.033772811483253
                                                 ],
                                                 [
                                                     -4.139556224009453,
                                                     53.033811693855988
                                                 ],
                                                 [
                                                     -4.139581878009489,
                                                     53.033877745554989
                                                 ],
                                                 [
                                                     -4.1396930494923,
                                                     53.03398459250122
                                                 ],
                                                 [
                                                     -4.14001306082702,
                                                     53.034121746764377
                                                 ],
                                                 [
                                                     -4.140173736069987,
                                                     53.034172783421901
                                                 ],
                                                 [
                                                     -4.140407968954941,
                                                     53.034263932630928
                                                 ],
                                                 [
                                                     -4.140625946539443,
                                                     53.03441910027793
                                                 ],
                                                 [
                                                     -4.140797115935835,
                                                     53.0345032051966
                                                 ],
                                                 [
                                                     -4.140986484548685,
                                                     53.034651786365423
                                                 ],
                                                 [
                                                     -4.141071407904527,
                                                     53.034769801132718
                                                 ],
                                                 [
                                                     -4.141074523402335,
                                                     53.034832662967801
                                                 ],
                                                 [
                                                     -4.141158170875737,
                                                     53.034927420653823
                                                 ],
                                                 [
                                                     -4.141491179365674,
                                                     53.035085908676336
                                                 ],
                                                 [
                                                     -4.142322817511151,
                                                     53.035312800717648
                                                 ],
                                                 [
                                                     -4.142603048565833,
                                                     53.035309549064607
                                                 ],
                                                 [
                                                     -4.142879621479025,
                                                     53.03526231921488
                                                 ],
                                                 [
                                                     -4.143073036963782,
                                                     53.035192319589378
                                                 ],
                                                 [
                                                     -4.143231414403537,
                                                     53.035077920601296
                                                 ],
                                                 [
                                                     -4.144359749142723,
                                                     53.033950847959254
                                                 ],
                                                 [
                                                     -4.144560964836648,
                                                     53.033827584489252
                                                 ],
                                                 [
                                                     -4.145021785452252,
                                                     53.033434483373313
                                                 ],
                                                 [
                                                     -4.145049744857012,
                                                     53.033309041111835
                                                 ],
                                                 [
                                                     -4.145491221964257,
                                                     53.03315807185529
                                                 ],
                                                 [
                                                     -4.14577500410346,
                                                     53.033105312306169
                                                 ],
                                                 [
                                                     -4.146127173539456,
                                                     53.033080080251239
                                                 ],
                                                 [
                                                     -4.147133590044771,
                                                     53.033223788195201
                                                 ],
                                                 [
                                                     -4.147520392164786,
                                                     53.033294100860196
                                                 ],
                                                 [
                                                     -4.147748198632081,
                                                     53.033374475536313
                                                 ],
                                                 [
                                                     -4.147960138022014,
                                                     53.03346960813689
                                                 ],
                                                 [
                                                     -4.148640026747528,
                                                     53.033854694492319
                                                 ],
                                                 [
                                                     -4.149896454045507,
                                                     53.034583582025398
                                                 ],
                                                 [
                                                     -4.150482696692269,
                                                     53.034946982353276
                                                 ],
                                                 [
                                                     -4.152615320023947,
                                                     53.034341137107184
                                                 ],
                                                 [
                                                     -4.153799127183698,
                                                     53.033974367135663
                                                 ],
                                                 [
                                                     -4.156644094636035,
                                                     53.033091196633087
                                                 ],
                                                 [
                                                     -4.156980147965119,
                                                     53.032950185789034
                                                 ],
                                                 [
                                                     -4.157206901072811,
                                                     53.032802258984894
                                                 ],
                                                 [
                                                     -4.157894515280979,
                                                     53.032028290894218
                                                 ],
                                                 [
                                                     -4.158080857672853,
                                                     53.031876511369305
                                                 ],
                                                 [
                                                     -4.158389654997131,
                                                     53.031817874685103
                                                 ],
                                                 [
                                                     -4.158611690950841,
                                                     53.031755419803311
                                                 ],
                                                 [
                                                     -4.158835044314545,
                                                     53.03165779613127
                                                 ],
                                                 [
                                                     -4.159799371810835,
                                                     53.030750258653136
                                                 ],
                                                 [
                                                     -4.162209780046199,
                                                     53.03194988733042
                                                 ],
                                                 [
                                                     -4.163738890583672,
                                                     53.031836588402122
                                                 ],
                                                 [
                                                     -4.164175571627241,
                                                     53.031802574542382
                                                 ],
                                                 [
                                                     -4.16491945155742,
                                                     53.032301543909988
                                                 ],
                                                 [
                                                     -4.166017677072459,
                                                     53.032965731775249
                                                 ],
                                                 [
                                                     -4.166569942498971,
                                                     53.033389893721207
                                                 ],
                                                 [
                                                     -4.167748840591471,
                                                     53.033788339081518
                                                 ],
                                                 [
                                                     -4.168914961342717,
                                                     53.03420129611856
                                                 ],
                                                 [
                                                     -4.168628159125001,
                                                     53.0351415833169
                                                 ],
                                                 [
                                                     -4.168695791708264,
                                                     53.03524191704026
                                                 ],
                                                 [
                                                     -4.168980412454955,
                                                     53.035622504263593
                                                 ],
                                                 [
                                                     -4.169222127598868,
                                                     53.03606939747025
                                                 ],
                                                 [
                                                     -4.169350888159226,
                                                     53.036287351911014
                                                 ],
                                                 [
                                                     -4.169461414244684,
                                                     53.036379712536643
                                                 ],
                                                 [
                                                     -4.169692586998624,
                                                     53.036528385031623
                                                 ],
                                                 [
                                                     -4.17119955259011,
                                                     53.037336968215378
                                                 ],
                                                 [
                                                     -4.171283932438518,
                                                     53.037503598301733
                                                 ],
                                                 [
                                                     -4.171366088224069,
                                                     53.037772736342873
                                                 ],
                                                 [
                                                     -4.171686941336989,
                                                     53.038369273096407
                                                 ],
                                                 [
                                                     -4.171694480771815,
                                                     53.039350929872597
                                                 ],
                                                 [
                                                     -4.171033327493065,
                                                     53.040024723861961
                                                 ],
                                                 [
                                                     -4.170806702690692,
                                                     53.040206830107138
                                                 ],
                                                 [
                                                     -4.169692256803725,
                                                     53.040412421423781
                                                 ],
                                                 [
                                                     -4.168320207639908,
                                                     53.040536323150654
                                                 ],
                                                 [
                                                     -4.167657646034274,
                                                     53.040560988014782
                                                 ],
                                                 [
                                                     -4.166212211732603,
                                                     53.040592724129588
                                                 ],
                                                 [
                                                     -4.16549989994694,
                                                     53.04066771968747
                                                 ],
                                                 [
                                                     -4.165108527489431,
                                                     53.04077560523222
                                                 ],
                                                 [
                                                     -4.164199631316941,
                                                     53.041034027835146
                                                 ],
                                                 [
                                                     -4.163534866770234,
                                                     53.041255554138736
                                                 ],
                                                 [
                                                     -4.162692866045723,
                                                     53.041509152318682
                                                 ],
                                                 [
                                                     -4.161929487125866,
                                                     53.041785583059713
                                                 ],
                                                 [
                                                     -4.161038600157781,
                                                     53.042077809086024
                                                 ],
                                                 [
                                                     -4.159880849847713,
                                                     53.042612167788903
                                                 ],
                                                 [
                                                     -4.160004571177897,
                                                     53.043625058275055
                                                 ],
                                                 [
                                                     -4.160224432002352,
                                                     53.045544199135371
                                                 ],
                                                 [
                                                     -4.160482212834932,
                                                     53.047982262636808
                                                 ],
                                                 [
                                                     -4.161039533002961,
                                                     53.052918927723418
                                                 ],
                                                 [
                                                     -4.161333337814662,
                                                     53.053123104547005
                                                 ],
                                                 [
                                                     -4.161337030368261,
                                                     53.053317274066345
                                                 ],
                                                 [
                                                     -4.161374400925243,
                                                     53.053557481401157
                                                 ],
                                                 [
                                                     -4.161333057509575,
                                                     53.053862126429237
                                                 ],
                                                 [
                                                     -4.16131846072159,
                                                     53.053988317636609
                                                 ],
                                                 [
                                                     -4.161420393255693,
                                                     53.054058371074426
                                                 ],
                                                 [
                                                     -4.161469648315707,
                                                     53.054297552269588
                                                 ],
                                                 [
                                                     -4.161631265510081,
                                                     53.054574239941125
                                                 ],
                                                 [
                                                     -4.161762009167382,
                                                     53.054681521059436
                                                 ],
                                                 [
                                                     -4.161898329828049,
                                                     53.054752746221453
                                                 ],
                                                 [
                                                     -4.162272399906268,
                                                     53.054832232885317
                                                 ],
                                                 [
                                                     -4.162522980480439,
                                                     53.054978768440478
                                                 ],
                                                 [
                                                     -4.162523467608744,
                                                     53.055106393754009
                                                 ],
                                                 [
                                                     -4.162612740671504,
                                                     53.055220808919756
                                                 ],
                                                 [
                                                     -4.162659144702594,
                                                     53.05534400282945
                                                 ],
                                                 [
                                                     -4.162664858347391,
                                                     53.055458050401654
                                                 ],
                                                 [
                                                     -4.162780339397053,
                                                     53.055678050321099
                                                 ],
                                                 [
                                                     -4.162801040097913,
                                                     53.055762163580034
                                                 ],
                                                 [
                                                     -4.162730243730605,
                                                     53.055810280938992
                                                 ],
                                                 [
                                                     -4.162597176233634,
                                                     53.05586303536144
                                                 ],
                                                 [
                                                     -4.162483124540166,
                                                     53.055971170939955
                                                 ],
                                                 [
                                                     -4.162051405769073,
                                                     53.056079689701669
                                                 ],
                                                 [
                                                     -4.161935140176732,
                                                     53.05614121595049
                                                 ],
                                                 [
                                                     -4.161836341962514,
                                                     53.056224805464595
                                                 ],
                                                 [
                                                     -4.161892160395261,
                                                     53.056327155832435
                                                 ],
                                                 [
                                                     -4.161907151223494,
                                                     53.056417664830562
                                                 ],
                                                 [
                                                     -4.161896644856641,
                                                     53.056505131831649
                                                 ],
                                                 [
                                                     -4.161858087960719,
                                                     53.056570548934708
                                                 ],
                                                 [
                                                     -4.161819664329243,
                                                     53.056638659058294
                                                 ],
                                                 [
                                                     -4.161721689780482,
                                                     53.05676816324948
                                                 ],
                                                 [
                                                     -4.161749962235946,
                                                     53.05691505789779
                                                 ],
                                                 [
                                                     -4.161807557612376,
                                                     53.057111842867677
                                                 ],
                                                 [
                                                     -4.162006737106641,
                                                     53.057364387339256
                                                 ],
                                                 [
                                                     -4.161943199148677,
                                                     53.05740518044643
                                                 ],
                                                 [
                                                     -4.161825866799632,
                                                     53.05747742235549
                                                 ],
                                                 [
                                                     -4.161697642107252,
                                                     53.057597500165002
                                                 ],
                                                 [
                                                     -4.161574339537877,
                                                     53.057727464606103
                                                 ],
                                                 [
                                                     -4.161452985196917,
                                                     53.057807868306391
                                                 ],
                                                 [
                                                     -4.161309787176934,
                                                     53.057869793494
                                                 ],
                                                 [
                                                     -4.161195103812109,
                                                     53.05787457412837
                                                 ],
                                                 [
                                                     -4.160762905804428,
                                                     53.057944446857093
                                                 ],
                                                 [
                                                     -4.160560465274044,
                                                     53.058074050853499
                                                 ],
                                                 [
                                                     -4.160351899302278,
                                                     53.058349286223788
                                                 ],
                                                 [
                                                     -4.160322489906162,
                                                     53.058388560247082
                                                 ],
                                                 [
                                                     -4.159957043897583,
                                                     53.058570469626325
                                                 ],
                                                 [
                                                     -4.159355321112527,
                                                     53.058803497232773
                                                 ],
                                                 [
                                                     -4.159210409677881,
                                                     53.058831295626781
                                                 ],
                                                 [
                                                     -4.159224715696426,
                                                     53.058878673861933
                                                 ],
                                                 [
                                                     -4.159229847265797,
                                                     53.058890265189298
                                                 ],
                                                 [
                                                     -4.159173308773775,
                                                     53.058893988098944
                                                 ],
                                                 [
                                                     -4.15874649698187,
                                                     53.058924207562008
                                                 ],
                                                 [
                                                     -4.158444678121869,
                                                     53.058917102488017
                                                 ],
                                                 [
                                                     -4.158089560618317,
                                                     53.058857933206511
                                                 ],
                                                 [
                                                     -4.157856461459479,
                                                     53.058792953418227
                                                 ],
                                                 [
                                                     -4.157688298987662,
                                                     53.0587420749168
                                                 ],
                                                 [
                                                     -4.157624569760513,
                                                     53.058722558563318
                                                 ],
                                                 [
                                                     -4.157514539095349,
                                                     53.058611212708897
                                                 ],
                                                 [
                                                     -4.157480922233278,
                                                     53.058504862153725
                                                 ],
                                                 [
                                                     -4.157465053910345,
                                                     53.058455714796551
                                                 ],
                                                 [
                                                     -4.157365044442231,
                                                     53.058217452092897
                                                 ],
                                                 [
                                                     -4.157352979829904,
                                                     53.058185313820225
                                                 ],
                                                 [
                                                     -4.157344005582252,
                                                     53.058185476624637
                                                 ],
                                                 [
                                                     -4.157197961952876,
                                                     53.058188125949101
                                                 ],
                                                 [
                                                     -4.156749846326423,
                                                     53.058180973097713
                                                 ],
                                                 [
                                                     -4.156464915016018,
                                                     53.05821130750293
                                                 ],
                                                 [
                                                     -4.156111751326731,
                                                     53.058223104799602
                                                 ],
                                                 [
                                                     -4.156112020459779,
                                                     53.058228492625773
                                                 ],
                                                 [
                                                     -4.156144206460322,
                                                     53.059111725657949
                                                 ],
                                                 [
                                                     -4.15622919749399,
                                                     53.06081301068739
                                                 ],
                                                 [
                                                     -4.156265457595789,
                                                     53.061538784940453
                                                 ],
                                                 [
                                                     -4.156346666353826,
                                                     53.063252812316449
                                                 ],
                                                 [
                                                     -4.156346935565303,
                                                     53.063258200137199
                                                 ],
                                                 [
                                                     -4.156196061843472,
                                                     53.06328520462877
                                                 ],
                                                 [
                                                     -4.156156048879141,
                                                     53.063292221868181
                                                 ],
                                                 [
                                                     -4.156174322043444,
                                                     53.063507698438961
                                                 ],
                                                 [
                                                     -4.15607625446536,
                                                     53.063576887872337
                                                 ],
                                                 [
                                                     -4.156482632534849,
                                                     53.063794316620161
                                                 ],
                                                 [
                                                     -4.156530146224577,
                                                     53.063966928678461
                                                 ],
                                                 [
                                                     -4.156490989315225,
                                                     53.064170863009267
                                                 ],
                                                 [
                                                     -4.15654871250094,
                                                     53.064249811338769
                                                 ],
                                                 [
                                                     -4.156722297708114,
                                                     53.064317671316651
                                                 ],
                                                 [
                                                     -4.156892955572832,
                                                     53.064418031153636
                                                 ],
                                                 [
                                                     -4.156971873636043,
                                                     53.064564007252521
                                                 ],
                                                 [
                                                     -4.15711482139223,
                                                     53.0647673351801
                                                 ],
                                                 [
                                                     -4.157290089075039,
                                                     53.064957404096901
                                                 ],
                                                 [
                                                     -4.157357114948749,
                                                     53.065015600583656
                                                 ],
                                                 [
                                                     -4.157378029349488,
                                                     53.065074543608439
                                                 ],
                                                 [
                                                     -4.157334274290193,
                                                     53.065154434181466
                                                 ],
                                                 [
                                                     -4.157291769411835,
                                                     53.06522980754125
                                                 ],
                                                 [
                                                     -4.157321861242027,
                                                     53.065324627448952
                                                 ],
                                                 [
                                                     -4.157426779346589,
                                                     53.065453952611499
                                                 ],
                                                 [
                                                     -4.15753168567911,
                                                     53.065580581546804
                                                 ],
                                                 [
                                                     -4.157786206607895,
                                                     53.065745931993192
                                                 ],
                                                 [
                                                     -4.15803914175244,
                                                     53.065820439431782
                                                 ],
                                                 [
                                                     -4.15817020028939,
                                                     53.065871990927832
                                                 ],
                                                 [
                                                     -4.158506049686472,
                                                     53.065963058909311
                                                 ],
                                                 [
                                                     -4.158610714532478,
                                                     53.065996212702274
                                                 ],
                                                 [
                                                     -4.158757196447459,
                                                     53.066031304611187
                                                 ],
                                                 [
                                                     -4.158827250078982,
                                                     53.0660884572371
                                                 ],
                                                 [
                                                     -4.158900389834479,
                                                     53.066148249252819
                                                 ],
                                                 [
                                                     -4.158970398904555,
                                                     53.066204503521909
                                                 ],
                                                 [
                                                     -4.159410620531617,
                                                     53.066381759222629
                                                 ],
                                                 [
                                                     -4.159507022038346,
                                                     53.066399783251384
                                                 ],
                                                 [
                                                     -4.159870062919162,
                                                     53.066465995712001
                                                 ],
                                                 [
                                                     -4.160126602960335,
                                                     53.066491896267983
                                                 ],
                                                 [
                                                     -4.16030773127774,
                                                     53.066501189846683
                                                 ],
                                                 [
                                                     -4.160497578459911,
                                                     53.066507628409425
                                                 ],
                                                 [
                                                     -4.16097682330545,
                                                     53.066480944182274
                                                 ],
                                                 [
                                                     -4.163736394109426,
                                                     53.066891149564121
                                                 ],
                                                 [
                                                     -4.165517112494283,
                                                     53.067159036616886
                                                 ],
                                                 [
                                                     -4.169781526063378,
                                                     53.067778982260783
                                                 ],
                                                 [
                                                     -4.17516389674029,
                                                     53.068576166568512
                                                 ],
                                                 [
                                                     -4.178416426462889,
                                                     53.069076786128491
                                                 ],
                                                 [
                                                     -4.17989976833057,
                                                     53.069303975790071
                                                 ],
                                                 [
                                                     -4.180985407104313,
                                                     53.069459433606013
                                                 ],
                                                 [
                                                     -4.182907439961869,
                                                     53.070127235987826
                                                 ],
                                                 [
                                                     -4.185288241028392,
                                                     53.070950256169745
                                                 ],
                                                 [
                                                     -4.187258968365152,
                                                     53.071631476197041
                                                 ],
                                                 [
                                                     -4.18841325580029,
                                                     53.072049051341786
                                                 ],
                                                 [
                                                     -4.188565488097302,
                                                     53.072077709223251
                                                 ],
                                                 [
                                                     -4.1963012987055,
                                                     53.074745663218636
                                                 ],
                                                 [
                                                     -4.208838496222552,
                                                     53.079052956304764
                                                 ],
                                                 [
                                                     -4.212167278946974,
                                                     53.080203078502507
                                                 ],
                                                 [
                                                     -4.213198730771134,
                                                     53.080547108807416
                                                 ],
                                                 [
                                                     -4.216346337326859,
                                                     53.081595323532511
                                                 ],
                                                 [
                                                     -4.218038912296417,
                                                     53.082132015821429
                                                 ],
                                                 [
                                                     -4.21835363423335,
                                                     53.082214232387919
                                                 ],
                                                 [
                                                     -4.218270862799332,
                                                     53.082287682677283
                                                 ],
                                                 [
                                                     -4.218268096868903,
                                                     53.082291329726061
                                                 ],
                                                 [
                                                     -4.217610754189094,
                                                     53.083068763798138
                                                 ],
                                                 [
                                                     -4.214963734306996,
                                                     53.086189308050564
                                                 ],
                                                 [
                                                     -4.213384967729326,
                                                     53.088044763054086
                                                 ],
                                                 [
                                                     -4.212974585697342,
                                                     53.087934651850084
                                                 ],
                                                 [
                                                     -4.212882171909566,
                                                     53.087938168341921
                                                 ],
                                                 [
                                                     -4.212798414816295,
                                                     53.087963994672798
                                                 ],
                                                 [
                                                     -4.212769809181506,
                                                     53.088047219661931
                                                 ],
                                                 [
                                                     -4.212573488770729,
                                                     53.089022779056798
                                                 ],
                                                 [
                                                     -4.212497479948817,
                                                     53.089026889182243
                                                 ],
                                                 [
                                                     -4.212493188446367,
                                                     53.089029665371307
                                                 ],
                                                 [
                                                     -4.212359822607242,
                                                     53.089051021321602
                                                 ],
                                                 [
                                                     -4.21196632864831,
                                                     53.089296619265099
                                                 ],
                                                 [
                                                     -4.21224068867367,
                                                     53.089608894819456
                                                 ],
                                                 [
                                                     -4.211537426264266,
                                                     53.089612983331172
                                                 ],
                                                 [
                                                     -4.211301995928111,
                                                     53.089680278328942
                                                 ],
                                                 [
                                                     -4.211210141609018,
                                                     53.08975479134434
                                                 ],
                                                 [
                                                     -4.211187013009698,
                                                     53.08982721762397
                                                 ],
                                                 [
                                                     -4.211219945463196,
                                                     53.08988592825181
                                                 ],
                                                 [
                                                     -4.211510616529603,
                                                     53.090225765918809
                                                 ],
                                                 [
                                                     -4.21180405212439,
                                                     53.090677007066489
                                                 ],
                                                 [
                                                     -4.211929830167001,
                                                     53.090915644896285
                                                 ],
                                                 [
                                                     -4.212070578011911,
                                                     53.09098043958344
                                                 ],
                                                 [
                                                     -4.212092922566217,
                                                     53.091036740405393
                                                 ],
                                                 [
                                                     -4.212172212153529,
                                                     53.091242896153659
                                                 ],
                                                 [
                                                     -4.212228524176211,
                                                     53.091613156514981
                                                 ],
                                                 [
                                                     -4.212370157840271,
                                                     53.091899137252682
                                                 ],
                                                 [
                                                     -4.21244964522912,
                                                     53.092022686235808
                                                 ],
                                                 [
                                                     -4.212605512344782,
                                                     53.092120456418357
                                                 ],
                                                 [
                                                     -4.212612462260112,
                                                     53.092138304434613
                                                 ],
                                                 [
                                                     -4.212666236303001,
                                                     53.092283903383276
                                                 ],
                                                 [
                                                     -4.212746323611445,
                                                     53.092332748299576
                                                 ],
                                                 [
                                                     -4.213002305621266,
                                                     53.092430452969253
                                                 ],
                                                 [
                                                     -4.213248167752595,
                                                     53.092537334471125
                                                 ],
                                                 [
                                                     -4.213561331637781,
                                                     53.09267181491996
                                                 ],
                                                 [
                                                     -4.213564284547866,
                                                     53.09267175997266
                                                 ],
                                                 [
                                                     -4.213596440290666,
                                                     53.092686441637596
                                                 ],
                                                 [
                                                     -4.214067801432905,
                                                     53.092908759738812
                                                 ],
                                                 [
                                                     -4.214209988391759,
                                                     53.092943864217887
                                                 ],
                                                 [
                                                     -4.214359590214824,
                                                     53.092977032326559
                                                 ],
                                                 [
                                                     -4.214528259778167,
                                                     53.093002655270752
                                                 ],
                                                 [
                                                     -4.214698099508116,
                                                     53.093082186260141
                                                 ],
                                                 [
                                                     -4.215002950379133,
                                                     53.093203334993497
                                                 ],
                                                 [
                                                     -4.215102511728463,
                                                     53.093250018466769
                                                 ],
                                                 [
                                                     -4.215278119857327,
                                                     53.093384269491779
                                                 ],
                                                 [
                                                     -4.215508606865902,
                                                     53.093625448262976
                                                 ],
                                                 [
                                                     -4.215855346290871,
                                                     53.093919289497443
                                                 ],
                                                 [
                                                     -4.2159513891442,
                                                     53.09404603338627
                                                 ],
                                                 [
                                                     -4.215968867593316,
                                                     53.094153657857156
                                                 ],
                                                 [
                                                     -4.215874615577806,
                                                     53.094354055611724
                                                 ],
                                                 [
                                                     -4.215667841402059,
                                                     53.094571919009255
                                                 ],
                                                 [
                                                     -4.215520030011826,
                                                     53.094923508627531
                                                 ],
                                                 [
                                                     -4.215488426541074,
                                                     53.094977128175316
                                                 ],
                                                 [
                                                     -4.215473447656866,
                                                     53.095004371716307
                                                 ],
                                                 [
                                                     -4.21541142441628,
                                                     53.095017211350317
                                                 ],
                                                 [
                                                     -4.215113965981751,
                                                     53.095071377762764
                                                 ],
                                                 [
                                                     -4.21506610780362,
                                                     53.095216081776385
                                                 ],
                                                 [
                                                     -4.214738131447617,
                                                     53.09522758098251
                                                 ],
                                                 [
                                                     -4.214388736028134,
                                                     53.095840976511447
                                                 ],
                                                 [
                                                     -4.214432059001034,
                                                     53.095900391948611
                                                 ],
                                                 [
                                                     -4.215076157434193,
                                                     53.096835140262982
                                                 ],
                                                 [
                                                     -4.215288746569566,
                                                     53.097135076422056
                                                 ],
                                                 [
                                                     -4.215533513036474,
                                                     53.097481152091774
                                                 ],
                                                 [
                                                     -4.215547070726839,
                                                     53.097598736871639
                                                 ],
                                                 [
                                                     -4.215418574295136,
                                                     53.097830331862035
                                                 ],
                                                 [
                                                     -4.215399463701474,
                                                     53.097923356820296
                                                 ],
                                                 [
                                                     -4.215387683232835,
                                                     53.098015257172413
                                                 ],
                                                 [
                                                     -4.215478203880708,
                                                     53.098206909680037
                                                 ],
                                                 [
                                                     -4.215609861470175,
                                                     53.098326699657015
                                                 ],
                                                 [
                                                     -4.215630226594187,
                                                     53.098344296754604
                                                 ],
                                                 [
                                                     -4.216043139997095,
                                                     53.09861892872695
                                                 ],
                                                 [
                                                     -4.215990755155087,
                                                     53.098675631834695
                                                 ],
                                                 [
                                                     -4.216029978738887,
                                                     53.098741414888934
                                                 ],
                                                 [
                                                     -4.216301964704867,
                                                     53.09897462826617
                                                 ],
                                                 [
                                                     -4.216507182678125,
                                                     53.09913088679329
                                                 ],
                                                 [
                                                     -4.216785443244752,
                                                     53.099342320442766
                                                 ],
                                                 [
                                                     -4.217104640223758,
                                                     53.0995378004543
                                                 ],
                                                 [
                                                     -4.217355946174543,
                                                     53.099718365924467
                                                 ],
                                                 [
                                                     -4.217767066497556,
                                                     53.100161107430914
                                                 ],
                                                 [
                                                     -4.218134054346717,
                                                     53.100468946653336
                                                 ],
                                                 [
                                                     -4.218447961577554,
                                                     53.100704969081399
                                                 ],
                                                 [
                                                     -4.218655475941613,
                                                     53.100936593148411
                                                 ],
                                                 [
                                                     -4.21877249482881,
                                                     53.101032472617668
                                                 ],
                                                 [
                                                     -4.218826063807405,
                                                     53.101144726370556
                                                 ],
                                                 [
                                                     -4.218890882525072,
                                                     53.10127214020509
                                                 ],
                                                 [
                                                     -4.218938770696242,
                                                     53.101331468902856
                                                 ],
                                                 [
                                                     -4.219037448914365,
                                                     53.10139164752308
                                                 ],
                                                 [
                                                     -4.219109119910763,
                                                     53.101477498022255
                                                 ],
                                                 [
                                                     -4.219257864155039,
                                                     53.101639298951412
                                                 ],
                                                 [
                                                     -4.219345447194345,
                                                     53.101773388901023
                                                 ],
                                                 [
                                                     -4.219426977188002,
                                                     53.101847369838431
                                                 ],
                                                 [
                                                     -4.219539856732382,
                                                     53.101893891190855
                                                 ],
                                                 [
                                                     -4.219231895579951,
                                                     53.102208923682291
                                                 ],
                                                 [
                                                     -4.219139304788006,
                                                     53.102412888240309
                                                 ],
                                                 [
                                                     -4.219046685151512,
                                                     53.102499105895035
                                                 ],
                                                 [
                                                     -4.218903156024321,
                                                     53.102584564722946
                                                 ],
                                                 [
                                                     -4.218883626908734,
                                                     53.102640657170667
                                                 ],
                                                 [
                                                     -4.218914782452583,
                                                     53.102721869787359
                                                 ],
                                                 [
                                                     -4.219159491538925,
                                                     53.10294839465007
                                                 ],
                                                 [
                                                     -4.219226241939935,
                                                     53.103027145954655
                                                 ],
                                                 [
                                                     -4.219232895157753,
                                                     53.103098928264458
                                                 ],
                                                 [
                                                     -4.2191883485556,
                                                     53.103190630999691
                                                 ],
                                                 [
                                                     -4.219077070920121,
                                                     53.103292476695941
                                                 ],
                                                 [
                                                     -4.219634330099928,
                                                     53.103496093156821
                                                 ],
                                                 [
                                                     -4.220029648476484,
                                                     53.103281896110332
                                                 ],
                                                 [
                                                     -4.220083058375292,
                                                     53.103302471295002
                                                 ],
                                                 [
                                                     -4.220102008452089,
                                                     53.103294926760022
                                                 ],
                                                 [
                                                     -4.220235178299422,
                                                     53.103240309757197
                                                 ],
                                                 [
                                                     -4.220322539098181,
                                                     53.103166772971605
                                                 ],
                                                 [
                                                     -4.220488509592694,
                                                     53.103081791773938
                                                 ],
                                                 [
                                                     -4.220622846810917,
                                                     53.103023556182251
                                                 ],
                                                 [
                                                     -4.221015971651921,
                                                     53.10334528071931
                                                 ],
                                                 [
                                                     -4.221484451209275,
                                                     53.103623350566899
                                                 ],
                                                 [
                                                     -4.221952994383386,
                                                     53.103959842022569
                                                 ],
                                                 [
                                                     -4.222067132429564,
                                                     53.104030605736369
                                                 ],
                                                 [
                                                     -4.222148512131794,
                                                     53.104015514012076
                                                 ],
                                                 [
                                                     -4.222518197379328,
                                                     53.104462697929549
                                                 ],
                                                 [
                                                     -4.222755427922749,
                                                     53.104689355275866
                                                 ],
                                                 [
                                                     -4.223030272842177,
                                                     53.105005193071364
                                                 ],
                                                 [
                                                     -4.22326171743945,
                                                     53.10526521485248
                                                 ],
                                                 [
                                                     -4.223106548533409,
                                                     53.105325639914582
                                                 ],
                                                 [
                                                     -4.222978896358641,
                                                     53.105370269716133
                                                 ],
                                                 [
                                                     -4.222922527542664,
                                                     53.10549536215224
                                                 ],
                                                 [
                                                     -4.222913131690929,
                                                     53.105516210458561
                                                 ],
                                                 [
                                                     -4.22297376626361,
                                                     53.105619432105911
                                                 ],
                                                 [
                                                     -4.223058354083539,
                                                     53.1058407618251
                                                 ],
                                                 [
                                                     -4.223123715752931,
                                                     53.105889965016708
                                                 ],
                                                 [
                                                     -4.223093962459541,
                                                     53.105950742854326
                                                 ],
                                                 [
                                                     -4.223207222734922,
                                                     53.106004353809304
                                                 ],
                                                 [
                                                     -4.223317542645389,
                                                     53.10611554511766
                                                 ],
                                                 [
                                                     -4.223489987270457,
                                                     53.106241844323407
                                                 ],
                                                 [
                                                     -4.22364141705438,
                                                     53.106311819721704
                                                 ],
                                                 [
                                                     -4.223744342800348,
                                                     53.106365623327754
                                                 ],
                                                 [
                                                     -4.2238832007245,
                                                     53.106480774367768
                                                 ],
                                                 [
                                                     -4.224042876378456,
                                                     53.106591132360215
                                                 ],
                                                 [
                                                     -4.224671943912171,
                                                     53.107027079934618
                                                 ],
                                                 [
                                                     -4.224930054278658,
                                                     53.107166156172894
                                                 ],
                                                 [
                                                     -4.224913615035172,
                                                     53.107250953698745
                                                 ],
                                                 [
                                                     -4.224855587875276,
                                                     53.107372482597675
                                                 ],
                                                 [
                                                     -4.224789955261645,
                                                     53.107518511802418
                                                 ],
                                                 [
                                                     -4.224857922631404,
                                                     53.107591843643561
                                                 ],
                                                 [
                                                     -4.225122127741666,
                                                     53.107789229221787
                                                 ],
                                                 [
                                                     -4.225423032873026,
                                                     53.108031678817866
                                                 ],
                                                 [
                                                     -4.225663366932258,
                                                     53.108229510620703
                                                 ],
                                                 [
                                                     -4.225946691866681,
                                                     53.108768183411577
                                                 ],
                                                 [
                                                     -4.226173227489165,
                                                     53.109278166371993
                                                 ],
                                                 [
                                                     -4.226238793985867,
                                                     53.10947657059257
                                                 ],
                                                 [
                                                     -4.226284039654638,
                                                     53.109687038675546
                                                 ],
                                                 [
                                                     -4.226526517176561,
                                                     53.11001426064545
                                                 ],
                                                 [
                                                     -4.226684980783762,
                                                     53.110131737984148
                                                 ],
                                                 [
                                                     -4.226797189205244,
                                                     53.110307697152649
                                                 ],
                                                 [
                                                     -4.226795445245407,
                                                     53.110447947221374
                                                 ],
                                                 [
                                                     -4.226815345684257,
                                                     53.110775737757031
                                                 ],
                                                 [
                                                     -4.226806609726426,
                                                     53.110980925009635
                                                 ],
                                                 [
                                                     -4.226726554387798,
                                                     53.111110057943733
                                                 ],
                                                 [
                                                     -4.226697194754375,
                                                     53.111147459263911
                                                 ],
                                                 [
                                                     -4.226730752745817,
                                                     53.111248488513411
                                                 ],
                                                 [
                                                     -4.226636369307939,
                                                     53.111417437748138
                                                 ],
                                                 [
                                                     -4.226656222818735,
                                                     53.111744330946998
                                                 ],
                                                 [
                                                     -4.226931214111378,
                                                     53.111744577080053
                                                 ],
                                                 [
                                                     -4.227312105548465,
                                                     53.111655653734523
                                                 ],
                                                 [
                                                     -4.227356302862718,
                                                     53.111643141797508
                                                 ],
                                                 [
                                                     -4.227559645644166,
                                                     53.111587203116372
                                                 ],
                                                 [
                                                     -4.227873509334476,
                                                     53.111474365522248
                                                 ],
                                                 [
                                                     -4.228038181965877,
                                                     53.111449710127033
                                                 ],
                                                 [
                                                     -4.228382563769252,
                                                     53.111464832568856
                                                 ],
                                                 [
                                                     -4.22878235738713,
                                                     53.111510375170013
                                                 ],
                                                 [
                                                     -4.229208082181426,
                                                     53.11162374159926
                                                 ],
                                                 [
                                                     -4.229513845899322,
                                                     53.111671043450912
                                                 ],
                                                 [
                                                     -4.229774223647714,
                                                     53.111676950477104
                                                 ],
                                                 [
                                                     -4.229982102914118,
                                                     53.111673054514306
                                                 ]
                                             ]
                                         ]
                                     ]
                 }
}