{
    "type":  "Feature",
    "properties":  {
                       "Name":  "Y Groeslon ED",
                       "Area_Code":  "UTE",
                       "Area_Description":  "Unitary Authority Electoral Division",
                       "File_Name":  "GWYNEDD_-_GWYNEDD",
                       "Feature_Serial_Number":  273,
                       "Collection_Serial_Number":  273,
                       "Global_Polygon_ID":  142490,
                       "Admin_Unit_ID":  182735,
                       "Census_Code":  "W05001569",
                       "Hectares":  2381.969,
                       "Non_Inland_Area":  292.881,
                       "Area_Type_Code":  "VA",
                       "Area_Type_Description":  "CIVIL VOTING AREA",
                       "Non_Area_Type_Code":  null,
                       "Non_Area_Type_Description":  null
                   },
    "geometry":  {
                     "type":  "MultiPolygon",
                     "coordinates":  [
                                         [
                                             [
                                                 [
                                                     -4.316824043073436,
                                                     53.121997840280564
                                                 ],
                                                 [
                                                     -4.316338896575483,
                                                     53.121342858170699
                                                 ],
                                                 [
                                                     -4.316231722898541,
                                                     53.120990709491878
                                                 ],
                                                 [
                                                     -4.316296529265356,
                                                     53.120555215241623
                                                 ],
                                                 [
                                                     -4.31639348647563,
                                                     53.120253590094023
                                                 ],
                                                 [
                                                     -4.316449725135649,
                                                     53.119145192744135
                                                 ],
                                                 [
                                                     -4.316546538820484,
                                                     53.118255552829261
                                                 ],
                                                 [
                                                     -4.31676929720453,
                                                     53.117824745622777
                                                 ],
                                                 [
                                                     -4.317123048664803,
                                                     53.117408792760578
                                                 ],
                                                 [
                                                     -4.317355153356665,
                                                     53.117151871520448
                                                 ],
                                                 [
                                                     -4.317502368019738,
                                                     53.116661608965906
                                                 ],
                                                 [
                                                     -4.317732020098278,
                                                     53.115821600933479
                                                 ],
                                                 [
                                                     -4.317759933142947,
                                                     53.11553384196251
                                                 ],
                                                 [
                                                     -4.317628889982347,
                                                     53.115249180279918
                                                 ],
                                                 [
                                                     -4.317077848928742,
                                                     53.114955289950046
                                                 ],
                                                 [
                                                     -4.316076517661788,
                                                     53.114626646702675
                                                 ],
                                                 [
                                                     -4.315497997355127,
                                                     53.114359395870984
                                                 ],
                                                 [
                                                     -4.315076099597537,
                                                     53.114045576432481
                                                 ],
                                                 [
                                                     -4.314759997461135,
                                                     53.113546924776699
                                                 ],
                                                 [
                                                     -4.3144890875377,
                                                     53.112812398891919
                                                 ],
                                                 [
                                                     -4.31407369180137,
                                                     53.112080682685651
                                                 ],
                                                 [
                                                     -4.313442973211212,
                                                     53.111379262099867
                                                 ],
                                                 [
                                                     -4.313043482112081,
                                                     53.110943151639582
                                                 ],
                                                 [
                                                     -4.312824835363063,
                                                     53.110372972798245
                                                 ],
                                                 [
                                                     -4.312725518051598,
                                                     53.109870100610181
                                                 ],
                                                 [
                                                     -4.312784183345141,
                                                     53.109076943030772
                                                 ],
                                                 [
                                                     -4.312933760776202,
                                                     53.108630157390273
                                                 ],
                                                 [
                                                     -4.313500464036095,
                                                     53.108140446732833
                                                 ],
                                                 [
                                                     -4.314449342598319,
                                                     53.107765148456053
                                                 ],
                                                 [
                                                     -4.315044013283248,
                                                     53.107527288139643
                                                 ],
                                                 [
                                                     -4.315466524943819,
                                                     53.107358572923893
                                                 ],
                                                 [
                                                     -4.316231848685832,
                                                     53.106959328751103
                                                 ],
                                                 [
                                                     -4.316574841232229,
                                                     53.106796684615411
                                                 ],
                                                 [
                                                     -4.317007273005966,
                                                     53.10640391681504
                                                 ],
                                                 [
                                                     -4.317800206962958,
                                                     53.105486092315168
                                                 ],
                                                 [
                                                     -4.318184289103876,
                                                     53.105055271301374
                                                 ],
                                                 [
                                                     -4.318456811731621,
                                                     53.104615481369386
                                                 ],
                                                 [
                                                     -4.31860437590562,
                                                     53.104261680068589
                                                 ],
                                                 [
                                                     -4.318640688637116,
                                                     53.103904476901668
                                                 ],
                                                 [
                                                     -4.318464047784412,
                                                     53.103545854043354
                                                 ],
                                                 [
                                                     -4.318048515812374,
                                                     53.103219736645215
                                                 ],
                                                 [
                                                     -4.317556663475741,
                                                     53.103023220918054
                                                 ],
                                                 [
                                                     -4.316354366199298,
                                                     53.102695711174078
                                                 ],
                                                 [
                                                     -4.315469427569496,
                                                     53.10241771524344
                                                 ],
                                                 [
                                                     -4.315162805753417,
                                                     53.102223154365028
                                                 ],
                                                 [
                                                     -4.315073893255629,
                                                     53.101946372353467
                                                 ],
                                                 [
                                                     -4.315275157352001,
                                                     53.101558109533521
                                                 ],
                                                 [
                                                     -4.315624366024803,
                                                     53.101339643513938
                                                 ],
                                                 [
                                                     -4.316188306768903,
                                                     53.101155987379457
                                                 ],
                                                 [
                                                     -4.31665263915762,
                                                     53.101013260723434
                                                 ],
                                                 [
                                                     -4.317067451878433,
                                                     53.100810223566256
                                                 ],
                                                 [
                                                     -4.317353126125448,
                                                     53.100615270518624
                                                 ],
                                                 [
                                                     -4.317616117384113,
                                                     53.100342775598328
                                                 ],
                                                 [
                                                     -4.317814090785487,
                                                     53.100065976892715
                                                 ],
                                                 [
                                                     -4.31809170942075,
                                                     53.099893459683187
                                                 ],
                                                 [
                                                     -4.318425993489329,
                                                     53.099742119127804
                                                 ],
                                                 [
                                                     -4.318837827086926,
                                                     53.099656109183741
                                                 ],
                                                 [
                                                     -4.319254150807598,
                                                     53.099653563325475
                                                 ],
                                                 [
                                                     -4.319573570758304,
                                                     53.0997420294566
                                                 ],
                                                 [
                                                     -4.319817236940282,
                                                     53.099798551308645
                                                 ],
                                                 [
                                                     -4.319982747555579,
                                                     53.099778612861947
                                                 ],
                                                 [
                                                     -4.320082063883739,
                                                     53.099704930854934
                                                 ],
                                                 [
                                                     -4.320115812498027,
                                                     53.099561674349339
                                                 ],
                                                 [
                                                     -4.32004210073808,
                                                     53.099402688829137
                                                 ],
                                                 [
                                                     -4.319923164439167,
                                                     53.099283799754446
                                                 ],
                                                 [
                                                     -4.319750786621719,
                                                     53.099162387730786
                                                 ],
                                                 [
                                                     -4.319671926958518,
                                                     53.099017762204859
                                                 ],
                                                 [
                                                     -4.319667876257485,
                                                     53.098832464283959
                                                 ],
                                                 [
                                                     -4.319803550643342,
                                                     53.098712175021618
                                                 ],
                                                 [
                                                     -4.320086756884526,
                                                     53.098581878458752
                                                 ],
                                                 [
                                                     -4.320370153140911,
                                                     53.098455142456608
                                                 ],
                                                 [
                                                     -4.32050716661263,
                                                     53.098359780949593
                                                 ],
                                                 [
                                                     -4.320559046156251,
                                                     53.098223300513332
                                                 ],
                                                 [
                                                     -4.320528449326311,
                                                     53.097985045121192
                                                 ],
                                                 [
                                                     -4.320497085908045,
                                                     53.09773254483359
                                                 ],
                                                 [
                                                     -4.320476980661907,
                                                     53.097469130047507
                                                 ],
                                                 [
                                                     -4.320437619771742,
                                                     53.097288084918283
                                                 ],
                                                 [
                                                     -4.320359336616194,
                                                     53.097154143451554
                                                 ],
                                                 [
                                                     -4.320241939569978,
                                                     53.097063744352447
                                                 ],
                                                 [
                                                     -4.319977015915914,
                                                     53.096983352271344
                                                 ],
                                                 [
                                                     -4.319843404362373,
                                                     53.096921788679708
                                                 ],
                                                 [
                                                     -4.319789939380867,
                                                     53.096808752617015
                                                 ],
                                                 [
                                                     -4.319755731739719,
                                                     53.096613346945581
                                                 ],
                                                 [
                                                     -4.319738763062094,
                                                     53.096228160556464
                                                 ],
                                                 [
                                                     -4.319720701091822,
                                                     53.096167655817226
                                                 ],
                                                 [
                                                     -4.319635878109178,
                                                     53.095673954052657
                                                 ],
                                                 [
                                                     -4.31959998057915,
                                                     53.095089322747704
                                                 ],
                                                 [
                                                     -4.319579922614171,
                                                     53.094716601491207
                                                 ],
                                                 [
                                                     -4.319552998926614,
                                                     53.094216286922055
                                                 ],
                                                 [
                                                     -4.31953051575715,
                                                     53.093883162838175
                                                 ],
                                                 [
                                                     -4.319504330372613,
                                                     53.093588759953064
                                                 ],
                                                 [
                                                     -4.319500074990336,
                                                     53.093539406413882
                                                 ],
                                                 [
                                                     -4.319469894112412,
                                                     53.093228004673541
                                                 ],
                                                 [
                                                     -4.319395323150466,
                                                     53.092924658616688
                                                 ],
                                                 [
                                                     -4.319332508658308,
                                                     53.092755101531147
                                                 ],
                                                 [
                                                     -4.319225727672956,
                                                     53.092631254502791
                                                 ],
                                                 [
                                                     -4.319059266370479,
                                                     53.09248079657263
                                                 ],
                                                 [
                                                     -4.318942147080401,
                                                     53.09241198111102
                                                 ],
                                                 [
                                                     -4.318751575156067,
                                                     53.092312328410138
                                                 ],
                                                 [
                                                     -4.318373746008175,
                                                     53.092147112794173
                                                 ],
                                                 [
                                                     -4.318204886047396,
                                                     53.092034362252896
                                                 ],
                                                 [
                                                     -4.318031264104802,
                                                     53.09191550223273
                                                 ],
                                                 [
                                                     -4.317832001090777,
                                                     53.091821321284115
                                                 ],
                                                 [
                                                     -4.317549728153383,
                                                     53.091710868683563
                                                 ],
                                                 [
                                                     -4.317322062266607,
                                                     53.091587667731865
                                                 ],
                                                 [
                                                     -4.317123717033905,
                                                     53.091565464640688
                                                 ],
                                                 [
                                                     -4.317010809245032,
                                                     53.091519935768112
                                                 ],
                                                 [
                                                     -4.316755140785904,
                                                     53.091265147316598
                                                 ],
                                                 [
                                                     -4.316665373618035,
                                                     53.091235435868747
                                                 ],
                                                 [
                                                     -4.316567715329511,
                                                     53.09122385567855
                                                 ],
                                                 [
                                                     -4.316525680098998,
                                                     53.091163462192846
                                                 ],
                                                 [
                                                     -4.316475705381007,
                                                     53.091124886393011
                                                 ],
                                                 [
                                                     -4.316250044369227,
                                                     53.091203885026459
                                                 ],
                                                 [
                                                     -4.316007450998906,
                                                     53.091359705323413
                                                 ],
                                                 [
                                                     -4.315856219638318,
                                                     53.0914075924765
                                                 ],
                                                 [
                                                     -4.315746938566404,
                                                     53.091404326257972
                                                 ],
                                                 [
                                                     -4.315612084473962,
                                                     53.091367402493972
                                                 ],
                                                 [
                                                     -4.315579347183134,
                                                     53.091315007758041
                                                 ],
                                                 [
                                                     -4.315596907694923,
                                                     53.09122469049008
                                                 ],
                                                 [
                                                     -4.315620818546378,
                                                     53.091112768134117
                                                 ],
                                                 [
                                                     -4.315561304123564,
                                                     53.090979099305407
                                                 ],
                                                 [
                                                     -4.315486069479763,
                                                     53.09088519556105
                                                 ],
                                                 [
                                                     -4.315329581125329,
                                                     53.090835209609203
                                                 ],
                                                 [
                                                     -4.315227372073518,
                                                     53.090823716007272
                                                 ],
                                                 [
                                                     -4.315082604714766,
                                                     53.090742041851108
                                                 ],
                                                 [
                                                     -4.314681201739547,
                                                     53.090579880912038
                                                 ],
                                                 [
                                                     -4.314600604614147,
                                                     53.090470891462722
                                                 ],
                                                 [
                                                     -4.314485162484181,
                                                     53.090435386034791
                                                 ],
                                                 [
                                                     -4.314342809471318,
                                                     53.090398605871634
                                                 ],
                                                 [
                                                     -4.314107342629216,
                                                     53.090379817367186
                                                 ],
                                                 [
                                                     -4.313973920384917,
                                                     53.090341963917261
                                                 ],
                                                 [
                                                     -4.313747217979802,
                                                     53.090291454553096
                                                 ],
                                                 [
                                                     -4.313592876211403,
                                                     53.090283670018252
                                                 ],
                                                 [
                                                     -4.313483258351495,
                                                     53.09029928503854
                                                 ],
                                                 [
                                                     -4.313342141470163,
                                                     53.090370431780592
                                                 ],
                                                 [
                                                     -4.313177500910928,
                                                     53.090418576316814
                                                 ],
                                                 [
                                                     -4.312992924721539,
                                                     53.090430254792203
                                                 ],
                                                 [
                                                     -4.312645517801202,
                                                     53.090413640010105
                                                 ],
                                                 [
                                                     -4.312357268576011,
                                                     53.090384188542615
                                                 ],
                                                 [
                                                     -4.312242305236971,
                                                     53.090357570102711
                                                 ],
                                                 [
                                                     -4.312089575472155,
                                                     53.090212228563459
                                                 ],
                                                 [
                                                     -4.311912368143342,
                                                     53.090108709785397
                                                 ],
                                                 [
                                                     -4.311448342410016,
                                                     53.089866858989375
                                                 ],
                                                 [
                                                     -4.311224021053736,
                                                     53.08972281850496
                                                 ],
                                                 [
                                                     -4.311162483348196,
                                                     53.089688958921947
                                                 ],
                                                 [
                                                     -4.311081784156853,
                                                     53.08963300023396
                                                 ],
                                                 [
                                                     -4.310925418119956,
                                                     53.089612667697573
                                                 ],
                                                 [
                                                     -4.310732185318289,
                                                     53.089602939509149
                                                 ],
                                                 [
                                                     -4.310582809348023,
                                                     53.089600447464392
                                                 ],
                                                 [
                                                     -4.310378160423608,
                                                     53.089572963728067
                                                 ],
                                                 [
                                                     -4.310239374035933,
                                                     53.089519930010418
                                                 ],
                                                 [
                                                     -4.309954067364409,
                                                     53.089379768030348
                                                 ],
                                                 [
                                                     -4.309716379068319,
                                                     53.089291801740991
                                                 ],
                                                 [
                                                     -4.309535813672473,
                                                     53.089265646237244
                                                 ],
                                                 [
                                                     -4.309209040612652,
                                                     53.089243227134013
                                                 ],
                                                 [
                                                     -4.309052709571227,
                                                     53.089195926385464
                                                 ],
                                                 [
                                                     -4.308342637910015,
                                                     53.088764597715254
                                                 ],
                                                 [
                                                     -4.30827599151189,
                                                     53.088747914321061
                                                 ],
                                                 [
                                                     -4.308143733046642,
                                                     53.088731604968615
                                                 ],
                                                 [
                                                     -4.308011029022316,
                                                     53.088736876362489
                                                 ],
                                                 [
                                                     -4.307923800245678,
                                                     53.088752052750515
                                                 ],
                                                 [
                                                     -4.307821769742818,
                                                     53.088798975068222
                                                 ],
                                                 [
                                                     -4.307728370523622,
                                                     53.088869099399702
                                                 ],
                                                 [
                                                     -4.307619335471376,
                                                     53.088895573305471
                                                 ],
                                                 [
                                                     -4.307424275454969,
                                                     53.088851628282839
                                                 ],
                                                 [
                                                     -4.307207652635386,
                                                     53.088765945718407
                                                 ],
                                                 [
                                                     -4.306995779439064,
                                                     53.0886585984044
                                                 ],
                                                 [
                                                     -4.306911008394358,
                                                     53.088636872038258
                                                 ],
                                                 [
                                                     -4.306790682848098,
                                                     53.088620329758683
                                                 ],
                                                 [
                                                     -4.306554267477632,
                                                     53.088641093754397
                                                 ],
                                                 [
                                                     -4.306378100060509,
                                                     53.088641813285882
                                                 ],
                                                 [
                                                     -4.306258385575454,
                                                     53.088609079216013
                                                 ],
                                                 [
                                                     -4.306193739991231,
                                                     53.088544626850464
                                                 ],
                                                 [
                                                     -4.306092883189737,
                                                     53.088390182813669
                                                 ],
                                                 [
                                                     -4.306001675000106,
                                                     53.088305661197197
                                                 ],
                                                 [
                                                     -4.305882042436413,
                                                     53.088189242716716
                                                 ],
                                                 [
                                                     -4.305652681504874,
                                                     53.087895181241414
                                                 ],
                                                 [
                                                     -4.305556676359497,
                                                     53.087831426309499
                                                 ],
                                                 [
                                                     -4.305417050163165,
                                                     53.087790088999334
                                                 ],
                                                 [
                                                     -4.30536398400798,
                                                     53.087774038990112
                                                 ],
                                                 [
                                                     -4.305132997943071,
                                                     53.087728180043285
                                                 ],
                                                 [
                                                     -4.305060822402263,
                                                     53.087690928886708
                                                 ],
                                                 [
                                                     -4.305004066541184,
                                                     53.087633513146073
                                                 ],
                                                 [
                                                     -4.304781682068413,
                                                     53.08741221162547
                                                 ],
                                                 [
                                                     -4.30461172260493,
                                                     53.087277891226535
                                                 ],
                                                 [
                                                     -4.304570093779242,
                                                     53.087282293301406
                                                 ],
                                                 [
                                                     -4.304397939922381,
                                                     53.087302706209442
                                                 ],
                                                 [
                                                     -4.304308189321162,
                                                     53.087272985235323
                                                 ],
                                                 [
                                                     -4.304172426638761,
                                                     53.087105732847881
                                                 ],
                                                 [
                                                     -4.304159952596353,
                                                     53.086957575339483
                                                 ],
                                                 [
                                                     -4.304117464687843,
                                                     53.086749863460255
                                                 ],
                                                 [
                                                     -4.304117449445245,
                                                     53.086749773844979
                                                 ],
                                                 [
                                                     -4.30405803810772,
                                                     53.086697894547513
                                                 ],
                                                 [
                                                     -4.303865806229317,
                                                     53.086651282498181
                                                 ],
                                                 [
                                                     -4.30369290145788,
                                                     53.086627665373719
                                                 ],
                                                 [
                                                     -4.303485030562089,
                                                     53.086594838584574
                                                 ],
                                                 [
                                                     -4.303335974573018,
                                                     53.086600421478003
                                                 ],
                                                 [
                                                     -4.303086687488401,
                                                     53.086631315376763
                                                 ],
                                                 [
                                                     -4.302801960551272,
                                                     53.086639524425365
                                                 ],
                                                 [
                                                     -4.302497270556784,
                                                     53.086638231765185
                                                 ],
                                                 [
                                                     -4.302313607205868,
                                                     53.086639090443711
                                                 ],
                                                 [
                                                     -4.302269218209426,
                                                     53.086647140663246
                                                 ],
                                                 [
                                                     -4.30224134324301,
                                                     53.086685431818026
                                                 ],
                                                 [
                                                     -4.302180640041562,
                                                     53.086805344342835
                                                 ],
                                                 [
                                                     -4.302123364835675,
                                                     53.086881057014267
                                                 ],
                                                 [
                                                     -4.301884328863969,
                                                     53.086933322194483
                                                 ],
                                                 [
                                                     -4.301545591525541,
                                                     53.087106163768027
                                                 ],
                                                 [
                                                     -4.301232012350269,
                                                     53.087302877075665
                                                 ],
                                                 [
                                                     -4.300830031757277,
                                                     53.087522870843415
                                                 ],
                                                 [
                                                     -4.300628445024865,
                                                     53.087635530197794
                                                 ],
                                                 [
                                                     -4.30043029578448,
                                                     53.087699585452981
                                                 ],
                                                 [
                                                     -4.300233756993094,
                                                     53.087738441492483
                                                 ],
                                                 [
                                                     -4.299924845220929,
                                                     53.08788202820368
                                                 ],
                                                 [
                                                     -4.299852718798935,
                                                     53.087931061833856
                                                 ],
                                                 [
                                                     -4.299795491101137,
                                                     53.088088567540588
                                                 ],
                                                 [
                                                     -4.299706202456807,
                                                     53.088235997322052
                                                 ],
                                                 [
                                                     -4.299501591948978,
                                                     53.088430597298874
                                                 ],
                                                 [
                                                     -4.299316973004423,
                                                     53.088693034501993
                                                 ],
                                                 [
                                                     -4.299209788968185,
                                                     53.088812046546899
                                                 ],
                                                 [
                                                     -4.299075625579829,
                                                     53.08887306444614
                                                 ],
                                                 [
                                                     -4.298938507837151,
                                                     53.088934139288973
                                                 ],
                                                 [
                                                     -4.298849356733951,
                                                     53.088998781589119
                                                 ],
                                                 [
                                                     -4.298698115041404,
                                                     53.089132127574146
                                                 ],
                                                 [
                                                     -4.298510228394157,
                                                     53.089220249828827
                                                 ],
                                                 [
                                                     -4.298420980340237,
                                                     53.089283096359026
                                                 ],
                                                 [
                                                     -4.298365860627435,
                                                     53.089341686978308
                                                 ],
                                                 [
                                                     -4.298196243936967,
                                                     53.089437635755324
                                                 ],
                                                 [
                                                     -4.298055490430406,
                                                     53.089543722408116
                                                 ],
                                                 [
                                                     -4.298039268650617,
                                                     53.089632122820518
                                                 ],
                                                 [
                                                     -4.298051291979037,
                                                     53.089772200213105
                                                 ],
                                                 [
                                                     -4.298094539774403,
                                                     53.089855856186816
                                                 ],
                                                 [
                                                     -4.298071448839118,
                                                     53.089898548492627
                                                 ],
                                                 [
                                                     -4.298007682928279,
                                                     53.089963597899171
                                                 ],
                                                 [
                                                     -4.297886606961231,
                                                     53.090073888706677
                                                 ],
                                                 [
                                                     -4.297754179273928,
                                                     53.09013756883661
                                                 ],
                                                 [
                                                     -4.297636841006954,
                                                     53.090179384254512
                                                 ],
                                                 [
                                                     -4.297544595705236,
                                                     53.090269253008195
                                                 ],
                                                 [
                                                     -4.29738865142234,
                                                     53.090314511154084
                                                 ],
                                                 [
                                                     -4.297316933784372,
                                                     53.090369018010264
                                                 ],
                                                 [
                                                     -4.297401773453307,
                                                     53.090475240456129
                                                 ],
                                                 [
                                                     -4.297471167346919,
                                                     53.090545807806123
                                                 ],
                                                 [
                                                     -4.297438808209933,
                                                     53.09058328616036
                                                 ],
                                                 [
                                                     -4.29733200485083,
                                                     53.09065186191193
                                                 ],
                                                 [
                                                     -4.297163899514587,
                                                     53.090720815826295
                                                 ],
                                                 [
                                                     -4.296845014389444,
                                                     53.090846519322199
                                                 ],
                                                 [
                                                     -4.296456248109865,
                                                     53.090978066585251
                                                 ],
                                                 [
                                                     -4.296254582188582,
                                                     53.091062046454809
                                                 ],
                                                 [
                                                     -4.295848549286672,
                                                     53.091204711551249
                                                 ],
                                                 [
                                                     -4.295641730839831,
                                                     53.091275216941256
                                                 ],
                                                 [
                                                     -4.295384004234514,
                                                     53.091317042909957
                                                 ],
                                                 [
                                                     -4.295301439066737,
                                                     53.091336703587011
                                                 ],
                                                 [
                                                     -4.29525838250026,
                                                     53.09136989312104
                                                 ],
                                                 [
                                                     -4.295226594440479,
                                                     53.091418144572124
                                                 ],
                                                 [
                                                     -4.29516784579415,
                                                     53.091464220702292
                                                 ],
                                                 [
                                                     -4.295048090141454,
                                                     53.091458442062233
                                                 ],
                                                 [
                                                     -4.294896625892735,
                                                     53.091419118110807
                                                 ],
                                                 [
                                                     -4.294505302858158,
                                                     53.091333995584215
                                                 ],
                                                 [
                                                     -4.294323140976234,
                                                     53.091307847784265
                                                 ],
                                                 [
                                                     -4.294020418781008,
                                                     53.091316382607481
                                                 ],
                                                 [
                                                     -4.29378338891468,
                                                     53.091323649925172
                                                 ],
                                                 [
                                                     -4.29368298450025,
                                                     53.091262666761111
                                                 ],
                                                 [
                                                     -4.29351296736299,
                                                     53.091210216752884
                                                 ],
                                                 [
                                                     -4.293349337332682,
                                                     53.091194495797971
                                                 ],
                                                 [
                                                     -4.293060025671507,
                                                     53.091202769632261
                                                 ],
                                                 [
                                                     -4.292848938531813,
                                                     53.091278746131735
                                                 ],
                                                 [
                                                     -4.29283576880068,
                                                     53.091283494596148
                                                 ],
                                                 [
                                                     -4.292733468610744,
                                                     53.091270186148932
                                                 ],
                                                 [
                                                     -4.292598204070935,
                                                     53.091225154233797
                                                 ],
                                                 [
                                                     -4.292425829564741,
                                                     53.0911862301638
                                                 ],
                                                 [
                                                     -4.292372480533188,
                                                     53.091192651996415
                                                 ],
                                                 [
                                                     -4.292320629398153,
                                                     53.091201740449527
                                                 ],
                                                 [
                                                     -4.292132856348853,
                                                     53.091236818447136
                                                 ],
                                                 [
                                                     -4.291941863285188,
                                                     53.091269261778422
                                                 ],
                                                 [
                                                     -4.291775153043363,
                                                     53.091362357966005
                                                 ],
                                                 [
                                                     -4.291620062524381,
                                                     53.091423861268211
                                                 ],
                                                 [
                                                     -4.291463533384453,
                                                     53.091458336280738
                                                 ],
                                                 [
                                                     -4.291282192716332,
                                                     53.091531040526995
                                                 ],
                                                 [
                                                     -4.291139052225871,
                                                     53.091562560804732
                                                 ],
                                                 [
                                                     -4.290959665542982,
                                                     53.091672079328063
                                                 ],
                                                 [
                                                     -4.290897080321717,
                                                     53.091731799146679
                                                 ],
                                                 [
                                                     -4.290809199648322,
                                                     53.091820679349148
                                                 ],
                                                 [
                                                     -4.290553164611884,
                                                     53.091892124487373
                                                 ],
                                                 [
                                                     -4.290326083187137,
                                                     53.09191986727452
                                                 ],
                                                 [
                                                     -4.290070420431945,
                                                     53.091914902074272
                                                 ],
                                                 [
                                                     -4.289976909169281,
                                                     53.091897826538336
                                                 ],
                                                 [
                                                     -4.289730414895287,
                                                     53.091868415537604
                                                 ],
                                                 [
                                                     -4.289492570075117,
                                                     53.091888273790559
                                                 ],
                                                 [
                                                     -4.289218421040228,
                                                     53.091845911060155
                                                 ],
                                                 [
                                                     -4.288946678591774,
                                                     53.09179091756009
                                                 ],
                                                 [
                                                     -4.288870699821049,
                                                     53.091765414570936
                                                 ],
                                                 [
                                                     -4.288845207015181,
                                                     53.091707390626844
                                                 ],
                                                 [
                                                     -4.288839199951255,
                                                     53.09159425170958
                                                 ],
                                                 [
                                                     -4.288870468510178,
                                                     53.091508259624021
                                                 ],
                                                 [
                                                     -4.288831762662765,
                                                     53.09145417443797
                                                 ],
                                                 [
                                                     -4.288477423973341,
                                                     53.091476272125547
                                                 ],
                                                 [
                                                     -4.288406732286921,
                                                     53.091466846472528
                                                 ],
                                                 [
                                                     -4.288355709976996,
                                                     53.091433582120963
                                                 ],
                                                 [
                                                     -4.288248385028418,
                                                     53.09129542636348
                                                 ],
                                                 [
                                                     -4.28794456321157,
                                                     53.091227565664845
                                                 ],
                                                 [
                                                     -4.287710817079466,
                                                     53.091213185558047
                                                 ],
                                                 [
                                                     -4.287462585790469,
                                                     53.09118110689797
                                                 ],
                                                 [
                                                     -4.287103602256757,
                                                     53.091113314899623
                                                 ],
                                                 [
                                                     -4.287024025962981,
                                                     53.091022264358905
                                                 ],
                                                 [
                                                     -4.286857207352319,
                                                     53.090946373055885
                                                 ],
                                                 [
                                                     -4.286602215839483,
                                                     53.09095397137353
                                                 ],
                                                 [
                                                     -4.28651026058704,
                                                     53.090963829088714
                                                 ],
                                                 [
                                                     -4.286322646938704,
                                                     53.091004287628714
                                                 ],
                                                 [
                                                     -4.286078158980981,
                                                     53.091040446099562
                                                 ],
                                                 [
                                                     -4.285882638448461,
                                                     53.091071168473952
                                                 ],
                                                 [
                                                     -4.285637934290147,
                                                     53.091068389195925
                                                 ],
                                                 [
                                                     -4.285529995514557,
                                                     53.09106715715172
                                                 ],
                                                 [
                                                     -4.285333189227668,
                                                     53.091073634771845
                                                 ],
                                                 [
                                                     -4.28528060371577,
                                                     53.0910108277033
                                                 ],
                                                 [
                                                     -4.285186858199458,
                                                     53.090989258321585
                                                 ],
                                                 [
                                                     -4.285028660909432,
                                                     53.090992297317584
                                                 ],
                                                 [
                                                     -4.284875823211686,
                                                     53.091010513385356
                                                 ],
                                                 [
                                                     -4.284593460818948,
                                                     53.091066272022701
                                                 ],
                                                 [
                                                     -4.284044770358097,
                                                     53.09116669376909
                                                 ],
                                                 [
                                                     -4.283952832836805,
                                                     53.091179244662662
                                                 ],
                                                 [
                                                     -4.283706411858128,
                                                     53.091181279385914
                                                 ],
                                                 [
                                                     -4.283338694940812,
                                                     53.091146093198553
                                                 ],
                                                 [
                                                     -4.28304285882989,
                                                     53.091114918218885
                                                 ],
                                                 [
                                                     -4.282826666202159,
                                                     53.091094798817927
                                                 ],
                                                 [
                                                     -4.282580795800929,
                                                     53.091104909858473
                                                 ],
                                                 [
                                                     -4.282338641963531,
                                                     53.091101467059914
                                                 ],
                                                 [
                                                     -4.281872966966125,
                                                     53.091023213357616
                                                 ],
                                                 [
                                                     -4.281704390386954,
                                                     53.090997683892844
                                                 ],
                                                 [
                                                     -4.281519659188016,
                                                     53.091006619982842
                                                 ],
                                                 [
                                                     -4.281384515576762,
                                                     53.091021795772726
                                                 ],
                                                 [
                                                     -4.281304589427004,
                                                     53.09100535201226
                                                 ],
                                                 [
                                                     -4.281284538025937,
                                                     53.090966186908851
                                                 ],
                                                 [
                                                     -4.281303263328065,
                                                     53.090896526893083
                                                 ],
                                                 [
                                                     -4.281223308663596,
                                                     53.090881881828579
                                                 ],
                                                 [
                                                     -4.281136350575233,
                                                     53.090902425159612
                                                 ],
                                                 [
                                                     -4.281067391891247,
                                                     53.090928016074919
                                                 ],
                                                 [
                                                     -4.280982338770031,
                                                     53.090984565916912
                                                 ],
                                                 [
                                                     -4.28081751590447,
                                                     53.091029972405842
                                                 ],
                                                 [
                                                     -4.280703473810076,
                                                     53.091048338319496
                                                 ],
                                                 [
                                                     -4.280632404351103,
                                                     53.091031724298482
                                                 ],
                                                 [
                                                     -4.280431051150859,
                                                     53.090812580608706
                                                 ],
                                                 [
                                                     -4.280110131685491,
                                                     53.090646963773331
                                                 ],
                                                 [
                                                     -4.27989972111068,
                                                     53.09056380918009
                                                 ],
                                                 [
                                                     -4.279701644164077,
                                                     53.090490305260069
                                                 ],
                                                 [
                                                     -4.279564743184871,
                                                     53.090472254936451
                                                 ],
                                                 [
                                                     -4.27939711960149,
                                                     53.090464681482196
                                                 ],
                                                 [
                                                     -4.279180016437586,
                                                     53.090511086602284
                                                 ],
                                                 [
                                                     -4.279095919781527,
                                                     53.090501912285681
                                                 ],
                                                 [
                                                     -4.278948189038648,
                                                     53.090449013716253
                                                 ],
                                                 [
                                                     -4.278766348856222,
                                                     53.090426431527703
                                                 ],
                                                 [
                                                     -4.278548495605794,
                                                     53.090374785867425
                                                 ],
                                                 [
                                                     -4.278391286786616,
                                                     53.090338248379815
                                                 ],
                                                 [
                                                     -4.278211446320463,
                                                     53.090325513554987
                                                 ],
                                                 [
                                                     -4.278108727020433,
                                                     53.090304111399256
                                                 ],
                                                 [
                                                     -4.27799389460036,
                                                     53.090223616683332
                                                 ],
                                                 [
                                                     -4.277778827167652,
                                                     53.090222342323607
                                                 ],
                                                 [
                                                     -4.277707588024771,
                                                     53.090118541360155
                                                 ],
                                                 [
                                                     -4.277682297211705,
                                                     53.089977817414301
                                                 ],
                                                 [
                                                     -4.277559363663455,
                                                     53.089949070486064
                                                 ],
                                                 [
                                                     -4.277348039904235,
                                                     53.089899726105429
                                                 ],
                                                 [
                                                     -4.277235141374063,
                                                     53.089825485552574
                                                 ],
                                                 [
                                                     -4.277151155313727,
                                                     53.089734423092217
                                                 ],
                                                 [
                                                     -4.277099720013502,
                                                     53.089693161702883
                                                 ],
                                                 [
                                                     -4.276987548440499,
                                                     53.089662951232583
                                                 ],
                                                 [
                                                     -4.276864989328134,
                                                     53.089659903504973
                                                 ],
                                                 [
                                                     -4.276728898258618,
                                                     53.089657115551645
                                                 ],
                                                 [
                                                     -4.276569187597467,
                                                     53.0896314091774
                                                 ],
                                                 [
                                                     -4.276475307019126,
                                                     53.089607139167185
                                                 ],
                                                 [
                                                     -4.276375433863175,
                                                     53.089553322446761
                                                 ],
                                                 [
                                                     -4.276308180259683,
                                                     53.089524948141246
                                                 ],
                                                 [
                                                     -4.276149161523486,
                                                     53.089510013573538
                                                 ],
                                                 [
                                                     -4.276037555206659,
                                                     53.089490487994361
                                                 ],
                                                 [
                                                     -4.275943675224284,
                                                     53.089466217557508
                                                 ],
                                                 [
                                                     -4.275891233778182,
                                                     53.089461827224667
                                                 ],
                                                 [
                                                     -4.275751141832596,
                                                     53.089467203910075
                                                 ],
                                                 [
                                                     -4.275631535938945,
                                                     53.08946409931513
                                                 ],
                                                 [
                                                     -4.275509850424445,
                                                     53.08947991008997
                                                 ],
                                                 [
                                                     -4.27541472115769,
                                                     53.089515975668874
                                                 ],
                                                 [
                                                     -4.275406744230335,
                                                     53.089507139954939
                                                 ],
                                                 [
                                                     -4.275354217643177,
                                                     53.089445135782398
                                                 ],
                                                 [
                                                     -4.274939832387265,
                                                     53.089262506328012
                                                 ],
                                                 [
                                                     -4.274820856580047,
                                                     53.089215345559339
                                                 ],
                                                 [
                                                     -4.274656059443582,
                                                     53.089149196188927
                                                 ],
                                                 [
                                                     -4.274466597231607,
                                                     53.089068327923158
                                                 ],
                                                 [
                                                     -4.274196798306475,
                                                     53.088935064613423
                                                 ],
                                                 [
                                                     -4.274035712042416,
                                                     53.088883225452292
                                                 ],
                                                 [
                                                     -4.273827157199197,
                                                     53.088781148181482
                                                 ],
                                                 [
                                                     -4.273670012952025,
                                                     53.08871763838583
                                                 ],
                                                 [
                                                     -4.27359971354695,
                                                     53.08862909728164
                                                 ],
                                                 [
                                                     -4.273335015163118,
                                                     53.088538789756264
                                                 ],
                                                 [
                                                     -4.273025279762609,
                                                     53.088329885172939
                                                 ],
                                                 [
                                                     -4.272944935581483,
                                                     53.088305353742655
                                                 ],
                                                 [
                                                     -4.272827389474873,
                                                     53.088257174683768
                                                 ],
                                                 [
                                                     -4.272771912731437,
                                                     53.088281604985696
                                                 ],
                                                 [
                                                     -4.272747373908124,
                                                     53.088325307955245
                                                 ],
                                                 [
                                                     -4.272677353230339,
                                                     53.088328443996701
                                                 ],
                                                 [
                                                     -4.272579137713677,
                                                     53.0883923403699
                                                 ],
                                                 [
                                                     -4.272491896393078,
                                                     53.088465914402335
                                                 ],
                                                 [
                                                     -4.272399668664709,
                                                     53.088500933129481
                                                 ],
                                                 [
                                                     -4.272222933076705,
                                                     53.088549251699895
                                                 ],
                                                 [
                                                     -4.272054533562579,
                                                     53.088610892777254
                                                 ],
                                                 [
                                                     -4.271896934401176,
                                                     53.088709270433391
                                                 ],
                                                 [
                                                     -4.271701792113821,
                                                     53.08874715327503
                                                 ],
                                                 [
                                                     -4.271519434992614,
                                                     53.088800970940561
                                                 ],
                                                 [
                                                     -4.271043943895694,
                                                     53.088989009528063
                                                 ],
                                                 [
                                                     -4.270822721480428,
                                                     53.089097498800925
                                                 ],
                                                 [
                                                     -4.270604137502204,
                                                     53.089202341789544
                                                 ],
                                                 [
                                                     -4.270519825702575,
                                                     53.089273162005995
                                                 ],
                                                 [
                                                     -4.270389727353185,
                                                     53.089241489338555
                                                 ],
                                                 [
                                                     -4.270188566576033,
                                                     53.089193195287372
                                                 ],
                                                 [
                                                     -4.270128727394197,
                                                     53.089162877820691
                                                 ],
                                                 [
                                                     -4.269981270036603,
                                                     53.089000305277878
                                                 ],
                                                 [
                                                     -4.269826700096565,
                                                     53.088929460413382
                                                 ],
                                                 [
                                                     -4.26978479363102,
                                                     53.088900597883622
                                                 ],
                                                 [
                                                     -4.269485163400833,
                                                     53.088768792334008
                                                 ],
                                                 [
                                                     -4.269336173981433,
                                                     53.088691637486491
                                                 ],
                                                 [
                                                     -4.269242418516718,
                                                     53.088667270414895
                                                 ],
                                                 [
                                                     -4.268756177005381,
                                                     53.088679241904728
                                                 ],
                                                 [
                                                     -4.268507866404939,
                                                     53.08867319118891
                                                 ],
                                                 [
                                                     -4.268479291510967,
                                                     53.088668343339769
                                                 ],
                                                 [
                                                     -4.268239690016594,
                                                     53.088628869204875
                                                 ],
                                                 [
                                                     -4.268220188055571,
                                                     53.088625645583434
                                                 ],
                                                 [
                                                     -4.268055773029915,
                                                     53.088594624753
                                                 ],
                                                 [
                                                     -4.268021015882133,
                                                     53.088701354165295
                                                 ],
                                                 [
                                                     -4.267840461288759,
                                                     53.088675131764575
                                                 ],
                                                 [
                                                     -4.267599300275539,
                                                     53.08860602390677
                                                 ],
                                                 [
                                                     -4.267398949800778,
                                                     53.088572990818122
                                                 ],
                                                 [
                                                     -4.267275098600379,
                                                     53.088318193117878
                                                 ],
                                                 [
                                                     -4.267261823209821,
                                                     53.088236651538409
                                                 ],
                                                 [
                                                     -4.267074006025012,
                                                     53.088242927683538
                                                 ],
                                                 [
                                                     -4.26679814053178,
                                                     53.088195153529838
                                                 ],
                                                 [
                                                     -4.266525950451485,
                                                     53.088186857363027
                                                 ],
                                                 [
                                                     -4.26649530940269,
                                                     53.088369906090307
                                                 ],
                                                 [
                                                     -4.266417028462375,
                                                     53.088358813849425
                                                 ],
                                                 [
                                                     -4.265800253271671,
                                                     53.088274388241146
                                                 ],
                                                 [
                                                     -4.265787929258527,
                                                     53.088295295964436
                                                 ],
                                                 [
                                                     -4.265746787347447,
                                                     53.088365290441786
                                                 ],
                                                 [
                                                     -4.265699922901481,
                                                     53.08835449841078
                                                 ],
                                                 [
                                                     -4.265666607913546,
                                                     53.088346144680976
                                                 ],
                                                 [
                                                     -4.265663938513002,
                                                     53.088351588318282
                                                 ],
                                                 [
                                                     -4.265526043225681,
                                                     53.088597890211432
                                                 ],
                                                 [
                                                     -4.265408213145139,
                                                     53.088572270367848
                                                 ],
                                                 [
                                                     -4.264870110633914,
                                                     53.088419737280319
                                                 ],
                                                 [
                                                     -4.264728765957532,
                                                     53.088403552780868
                                                 ],
                                                 [
                                                     -4.264535467027346,
                                                     53.0884180193612
                                                 ],
                                                 [
                                                     -4.264426825626717,
                                                     53.088398514613758
                                                 ],
                                                 [
                                                     -4.264362406981633,
                                                     53.088393449021559
                                                 ],
                                                 [
                                                     -4.26423633765422,
                                                     53.088410230800143
                                                 ],
                                                 [
                                                     -4.264084065374018,
                                                     53.088439195868666
                                                 ],
                                                 [
                                                     -4.263957845198033,
                                                     53.08848123678932
                                                 ],
                                                 [
                                                     -4.263849188548694,
                                                     53.088489596656849
                                                 ],
                                                 [
                                                     -4.263583054294345,
                                                     53.088197953572461
                                                 ],
                                                 [
                                                     -4.263305861909387,
                                                     53.0880098878363
                                                 ],
                                                 [
                                                     -4.263217645574524,
                                                     53.088008869926206
                                                 ],
                                                 [
                                                     -4.263113838929315,
                                                     53.087994665692236
                                                 ],
                                                 [
                                                     -4.263031085835761,
                                                     53.087982757221795
                                                 ],
                                                 [
                                                     -4.2628213055097,
                                                     53.087997534584069
                                                 ],
                                                 [
                                                     -4.262663663167647,
                                                     53.08800862252933
                                                 ],
                                                 [
                                                     -4.262464985733271,
                                                     53.088009705188341
                                                 ],
                                                 [
                                                     -4.262352715150317,
                                                     53.087974988316979
                                                 ],
                                                 [
                                                     -4.262266977592422,
                                                     53.087934373034926
                                                 ],
                                                 [
                                                     -4.262118050007127,
                                                     53.087942599019392
                                                 ],
                                                 [
                                                     -4.262053564483524,
                                                     53.087795426525439
                                                 ],
                                                 [
                                                     -4.261822482066247,
                                                     53.087831280184972
                                                 ],
                                                 [
                                                     -4.261782351492742,
                                                     53.087833840551625
                                                 ],
                                                 [
                                                     -4.261582182444504,
                                                     53.087862814047021
                                                 ],
                                                 [
                                                     -4.261081157879601,
                                                     53.087876833468819
                                                 ],
                                                 [
                                                     -4.260782880159663,
                                                     53.087885199329946
                                                 ],
                                                 [
                                                     -4.260660201479093,
                                                     53.087851576889044
                                                 ],
                                                 [
                                                     -4.260487397291246,
                                                     53.087803627632859
                                                 ],
                                                 [
                                                     -4.260322002094092,
                                                     53.087753739145839
                                                 ],
                                                 [
                                                     -4.260046239872201,
                                                     53.087677184414915
                                                 ],
                                                 [
                                                     -4.259772718925377,
                                                     53.087587013695128
                                                 ],
                                                 [
                                                     -4.259587579149905,
                                                     53.087503343479185
                                                 ],
                                                 [
                                                     -4.259402202754143,
                                                     53.087384622558993
                                                 ],
                                                 [
                                                     -4.259120058437642,
                                                     53.08718855121613
                                                 ],
                                                 [
                                                     -4.259109349231013,
                                                     53.08718156362513
                                                 ],
                                                 [
                                                     -4.258939559485388,
                                                     53.087306221184299
                                                 ],
                                                 [
                                                     -4.258861165243125,
                                                     53.087405683673246
                                                 ],
                                                 [
                                                     -4.258698798653502,
                                                     53.087726147400176
                                                 ],
                                                 [
                                                     -4.258582735508155,
                                                     53.087962139912541
                                                 ],
                                                 [
                                                     -4.258520617919404,
                                                     53.088116121849971
                                                 ],
                                                 [
                                                     -4.258298280737497,
                                                     53.088062817116096
                                                 ],
                                                 [
                                                     -4.257977697629379,
                                                     53.087986210329134
                                                 ],
                                                 [
                                                     -4.257479362206991,
                                                     53.087882325131204
                                                 ],
                                                 [
                                                     -4.257273182506371,
                                                     53.087822419974628
                                                 ],
                                                 [
                                                     -4.257100429031619,
                                                     53.087775363063223
                                                 ],
                                                 [
                                                     -4.257011931165287,
                                                     53.087768953111301
                                                 ],
                                                 [
                                                     -4.256931596830566,
                                                     53.087744410754979
                                                 ],
                                                 [
                                                     -4.256786853055174,
                                                     53.087691429157346
                                                 ],
                                                 [
                                                     -4.256686264937917,
                                                     53.087679854663094
                                                 ],
                                                 [
                                                     -4.256563099934086,
                                                     53.08769567410264
                                                 ],
                                                 [
                                                     -4.256460632077571,
                                                     53.087678742293697
                                                 ],
                                                 [
                                                     -4.256454847093093,
                                                     53.087568204656179
                                                 ],
                                                 [
                                                     -4.256419533984155,
                                                     53.087462811648805
                                                 ],
                                                 [
                                                     -4.256382611053061,
                                                     53.087441940015374
                                                 ],
                                                 [
                                                     -4.256255789280367,
                                                     53.087444345648464
                                                 ],
                                                 [
                                                     -4.255939836969937,
                                                     53.087286659429004
                                                 ],
                                                 [
                                                     -4.255826586724463,
                                                     53.087233078489028
                                                 ],
                                                 [
                                                     -4.255688577909737,
                                                     53.087193450708405
                                                 ],
                                                 [
                                                     -4.255515433533753,
                                                     53.08716707187348
                                                 ],
                                                 [
                                                     -4.255378996915824,
                                                     53.087098650915813
                                                 ],
                                                 [
                                                     -4.255169595051433,
                                                     53.08712059769455
                                                 ],
                                                 [
                                                     -4.255066732316801,
                                                     53.087124346018513
                                                 ],
                                                 [
                                                     -4.255007120124894,
                                                     53.087126374337331
                                                 ],
                                                 [
                                                     -4.254748559251684,
                                                     53.087150148699301
                                                 ],
                                                 [
                                                     -4.254748443588874,
                                                     53.087150164378201
                                                 ],
                                                 [
                                                     -4.254273421484086,
                                                     53.087232862149833
                                                 ],
                                                 [
                                                     -4.254032555924375,
                                                     53.087253605899228
                                                 ],
                                                 [
                                                     -4.253908220863527,
                                                     53.087216412446502
                                                 ],
                                                 [
                                                     -4.253806855135577,
                                                     53.087192267407872
                                                 ],
                                                 [
                                                     -4.253587417641984,
                                                     53.08722249071122
                                                 ],
                                                 [
                                                     -4.253503332334468,
                                                     53.087213298171221
                                                 ],
                                                 [
                                                     -4.253397985978822,
                                                     53.087226079469708
                                                 ],
                                                 [
                                                     -4.253192212602094,
                                                     53.087232673868044
                                                 ],
                                                 [
                                                     -4.25315541519575,
                                                     53.08729898695524
                                                 ],
                                                 [
                                                     -4.253040252266978,
                                                     53.087439679525772
                                                 ],
                                                 [
                                                     -4.252992674295695,
                                                     53.087556530868419
                                                 ],
                                                 [
                                                     -4.252603554045314,
                                                     53.087513565389678
                                                 ],
                                                 [
                                                     -4.252377033579003,
                                                     53.087464823466995
                                                 ],
                                                 [
                                                     -4.252085322558566,
                                                     53.087455065743548
                                                 ],
                                                 [
                                                     -4.251574396283835,
                                                     53.087366675376515
                                                 ],
                                                 [
                                                     -4.25137631728617,
                                                     53.087346155285942
                                                 ],
                                                 [
                                                     -4.251031975255542,
                                                     53.087302337163372
                                                 ],
                                                 [
                                                     -4.25071574434767,
                                                     53.087223830385973
                                                 ],
                                                 [
                                                     -4.250328884678743,
                                                     53.087250025345142
                                                 ],
                                                 [
                                                     -4.250156140797252,
                                                     53.087202958239587
                                                 ],
                                                 [
                                                     -4.250053956172851,
                                                     53.087191409257258
                                                 ],
                                                 [
                                                     -4.249927582169376,
                                                     53.087143374774655
                                                 ],
                                                 [
                                                     -4.249931026104707,
                                                     53.087124434011947
                                                 ],
                                                 [
                                                     -4.249478979287993,
                                                     53.08704579555387
                                                 ],
                                                 [
                                                     -4.248599008580807,
                                                     53.086895250274296
                                                 ],
                                                 [
                                                     -4.247389354279401,
                                                     53.086696007542869
                                                 ],
                                                 [
                                                     -4.246823272006266,
                                                     53.086635693669479
                                                 ],
                                                 [
                                                     -4.246130637460097,
                                                     53.086670346726116
                                                 ],
                                                 [
                                                     -4.245968302970643,
                                                     53.086678804756168
                                                 ],
                                                 [
                                                     -4.245910214628776,
                                                     53.08668169973712
                                                 ],
                                                 [
                                                     -4.245663824252557,
                                                     53.086596376455645
                                                 ],
                                                 [
                                                     -4.245358768332338,
                                                     53.086533554061056
                                                 ],
                                                 [
                                                     -4.245348314020157,
                                                     53.086531414653457
                                                 ],
                                                 [
                                                     -4.245343834675368,
                                                     53.086530510202799
                                                 ],
                                                 [
                                                     -4.245342931811857,
                                                     53.086529718959
                                                 ],
                                                 [
                                                     -4.245081441710778,
                                                     53.086308057494982
                                                 ],
                                                 [
                                                     -4.245005189197111,
                                                     53.086222218808089
                                                 ],
                                                 [
                                                     -4.244983419752464,
                                                     53.086203754968274
                                                 ],
                                                 [
                                                     -4.24489416666016,
                                                     53.086097579489071
                                                 ],
                                                 [
                                                     -4.24482130769216,
                                                     53.085958646205967
                                                 ],
                                                 [
                                                     -4.244748015964108,
                                                     53.085898907961806
                                                 ],
                                                 [
                                                     -4.244567321930571,
                                                     53.08581243435107
                                                 ],
                                                 [
                                                     -4.244349768814427,
                                                     53.08567999379958
                                                 ],
                                                 [
                                                     -4.244380788408162,
                                                     53.085625578780579
                                                 ],
                                                 [
                                                     -4.24440041511564,
                                                     53.085598153777752
                                                 ],
                                                 [
                                                     -4.244469251302137,
                                                     53.0855108357703
                                                 ],
                                                 [
                                                     -4.244486343015136,
                                                     53.085491457835971
                                                 ],
                                                 [
                                                     -4.244544506836824,
                                                     53.085426183782538
                                                 ],
                                                 [
                                                     -4.244589905278655,
                                                     53.085378228002043
                                                 ],
                                                 [
                                                     -4.244665086297051,
                                                     53.085289801138316
                                                 ],
                                                 [
                                                     -4.244757142815682,
                                                     53.08518496734218
                                                 ],
                                                 [
                                                     -4.244758142253981,
                                                     53.085182881460817
                                                 ],
                                                 [
                                                     -4.244767945603754,
                                                     53.085165438318654
                                                 ],
                                                 [
                                                     -4.24477469527964,
                                                     53.085146075693615
                                                 ],
                                                 [
                                                     -4.24478200431822,
                                                     53.085123287747621
                                                 ],
                                                 [
                                                     -4.244787284792078,
                                                     53.085099368361156
                                                 ],
                                                 [
                                                     -4.244789699532653,
                                                     53.085079548985739
                                                 ],
                                                 [
                                                     -4.244787616371488,
                                                     53.085067902756798
                                                 ],
                                                 [
                                                     -4.244790533425965,
                                                     53.085041152665447
                                                 ],
                                                 [
                                                     -4.244791447859507,
                                                     53.085030348961027
                                                 ],
                                                 [
                                                     -4.244784625362422,
                                                     53.085008096534459
                                                 ],
                                                 [
                                                     -4.244799187252982,
                                                     53.084970879690331
                                                 ],
                                                 [
                                                     -4.244864624437064,
                                                     53.084946005715594
                                                 ],
                                                 [
                                                     -4.244929467218794,
                                                     53.084926265968086
                                                 ],
                                                 [
                                                     -4.245073634059867,
                                                     53.084954464874293
                                                 ],
                                                 [
                                                     -4.245073668148233,
                                                     53.084945654893886
                                                 ],
                                                 [
                                                     -4.245076413126654,
                                                     53.084936884555418
                                                 ],
                                                 [
                                                     -4.245080755845953,
                                                     53.084928084060323
                                                 ],
                                                 [
                                                     -4.245089560520122,
                                                     53.084919828714241
                                                 ],
                                                 [
                                                     -4.245101500585696,
                                                     53.0849126821129
                                                 ],
                                                 [
                                                     -4.245113717132338,
                                                     53.084903733000012
                                                 ],
                                                 [
                                                     -4.245126107400217,
                                                     53.08489576871272
                                                 ],
                                                 [
                                                     -4.245134271772028,
                                                     53.08488941265017
                                                 ],
                                                 [
                                                     -4.245139055331864,
                                                     53.084879614826882
                                                 ],
                                                 [
                                                     -4.245140949647302,
                                                     53.084868703613019
                                                 ],
                                                 [
                                                     -4.24515015468739,
                                                     53.084863405922093
                                                 ],
                                                 [
                                                     -4.245156719818573,
                                                     53.084857080043754
                                                 ],
                                                 [
                                                     -4.245167372250141,
                                                     53.084851216473474
                                                 ],
                                                 [
                                                     -4.245175564668312,
                                                     53.084845399335833
                                                 ],
                                                 [
                                                     -4.245181432654743,
                                                     53.084842232549924
                                                 ],
                                                 [
                                                     -4.245192914612999,
                                                     53.084835723952821
                                                 ],
                                                 [
                                                     -4.245205352393096,
                                                     53.084826321106455
                                                 ],
                                                 [
                                                     -4.245216828174811,
                                                     53.084819722713966
                                                 ],
                                                 [
                                                     -4.245311408580342,
                                                     53.084753939788065
                                                 ],
                                                 [
                                                     -4.245371086452133,
                                                     53.084708320622987
                                                 ],
                                                 [
                                                     -4.245384946462985,
                                                     53.084693138496448
                                                 ],
                                                 [
                                                     -4.245395480242308,
                                                     53.08468026599796
                                                 ],
                                                 [
                                                     -4.245414531262672,
                                                     53.084665435423489
                                                 ],
                                                 [
                                                     -4.245426251418616,
                                                     53.084654068089712
                                                 ],
                                                 [
                                                     -4.245434576004204,
                                                     53.084641327201084
                                                 ],
                                                 [
                                                     -4.245450695828814,
                                                     53.084629338251382
                                                 ],
                                                 [
                                                     -4.245465081719663,
                                                     53.084621875711839
                                                 ],
                                                 [
                                                     -4.245479346040201,
                                                     53.084612078716162
                                                 ],
                                                 [
                                                     -4.245492688057301,
                                                     53.084603467954253
                                                 ],
                                                 [
                                                     -4.24562433060045,
                                                     53.084547232094735
                                                 ],
                                                 [
                                                     -4.245706407528258,
                                                     53.08448725839051
                                                 ],
                                                 [
                                                     -4.245811449222541,
                                                     53.084383617124566
                                                 ],
                                                 [
                                                     -4.245888365681292,
                                                     53.084139478259196
                                                 ],
                                                 [
                                                     -4.245978395205526,
                                                     53.083920170201367
                                                 ],
                                                 [
                                                     -4.24611888738445,
                                                     53.083750243238143
                                                 ],
                                                 [
                                                     -4.24639673625707,
                                                     53.083463659180211
                                                 ],
                                                 [
                                                     -4.24661838597557,
                                                     53.083161867681355
                                                 ],
                                                 [
                                                     -4.246911232271414,
                                                     53.082964793584402
                                                 ],
                                                 [
                                                     -4.246900794050762,
                                                     53.08276445998726
                                                 ],
                                                 [
                                                     -4.246899271913789,
                                                     53.082763589644813
                                                 ],
                                                 [
                                                     -4.246345429294322,
                                                     53.082450378736432
                                                 ],
                                                 [
                                                     -4.245932957377311,
                                                     53.082128204114817
                                                 ],
                                                 [
                                                     -4.245666002573771,
                                                     53.081964263041613
                                                 ],
                                                 [
                                                     -4.245483990216749,
                                                     53.081823795406649
                                                 ],
                                                 [
                                                     -4.245306502176111,
                                                     53.081512462424122
                                                 ],
                                                 [
                                                     -4.244731693891536,
                                                     53.080507354977719
                                                 ],
                                                 [
                                                     -4.244724215811361,
                                                     53.080363681214216
                                                 ],
                                                 [
                                                     -4.244772369678236,
                                                     53.080084941874688
                                                 ],
                                                 [
                                                     -4.244732545011022,
                                                     53.079922913939676
                                                 ],
                                                 [
                                                     -4.244857848516359,
                                                     53.079891786093143
                                                 ],
                                                 [
                                                     -4.244999510735151,
                                                     53.079860349346134
                                                 ],
                                                 [
                                                     -4.245161304126475,
                                                     53.079842015275446
                                                 ],
                                                 [
                                                     -4.245186670031472,
                                                     53.079839738268845
                                                 ],
                                                 [
                                                     -4.245266724414034,
                                                     53.079715086896968
                                                 ],
                                                 [
                                                     -4.245382987553066,
                                                     53.079623816873678
                                                 ],
                                                 [
                                                     -4.245394403420875,
                                                     53.079613714002633
                                                 ],
                                                 [
                                                     -4.245546164561502,
                                                     53.079603657957492
                                                 ],
                                                 [
                                                     -4.245565980162773,
                                                     53.079669798085348
                                                 ],
                                                 [
                                                     -4.245591455929055,
                                                     53.079672013499057
                                                 ],
                                                 [
                                                     -4.245632029645485,
                                                     53.079675742048593
                                                 ],
                                                 [
                                                     -4.245672740606217,
                                                     53.079656097785261
                                                 ],
                                                 [
                                                     -4.245832377362601,
                                                     53.079653083651152
                                                 ],
                                                 [
                                                     -4.245892498669103,
                                                     53.079604309817796
                                                 ],
                                                 [
                                                     -4.245873129140564,
                                                     53.07951838749289
                                                 ],
                                                 [
                                                     -4.245949215394176,
                                                     53.079459424810864
                                                 ],
                                                 [
                                                     -4.246047604182488,
                                                     53.079228273067905
                                                 ],
                                                 [
                                                     -4.246120164101638,
                                                     53.07907320141981
                                                 ],
                                                 [
                                                     -4.246208996494003,
                                                     53.079001324191694
                                                 ],
                                                 [
                                                     -4.246321405543276,
                                                     53.078980325644366
                                                 ],
                                                 [
                                                     -4.246381073698651,
                                                     53.079007961723001
                                                 ],
                                                 [
                                                     -4.2464643337893,
                                                     53.078942571327175
                                                 ],
                                                 [
                                                     -4.246609337883526,
                                                     53.078947023471912
                                                 ],
                                                 [
                                                     -4.246769715434125,
                                                     53.079015002007672
                                                 ],
                                                 [
                                                     -4.247077751907519,
                                                     53.078996599079026
                                                 ],
                                                 [
                                                     -4.247190906250657,
                                                     53.079046594473397
                                                 ],
                                                 [
                                                     -4.247257065502642,
                                                     53.079113745948206
                                                 ],
                                                 [
                                                     -4.247381908228071,
                                                     53.079189586032399
                                                 ],
                                                 [
                                                     -4.24750551672502,
                                                     53.079239383601362
                                                 ],
                                                 [
                                                     -4.247611126256496,
                                                     53.079231994272469
                                                 ],
                                                 [
                                                     -4.247669041810266,
                                                     53.079197643147843
                                                 ],
                                                 [
                                                     -4.247775973021179,
                                                     53.079128209008928
                                                 ],
                                                 [
                                                     -4.248028563773826,
                                                     53.079075797457271
                                                 ],
                                                 [
                                                     -4.248199563217214,
                                                     53.07900506208145
                                                 ],
                                                 [
                                                     -4.248313354349478,
                                                     53.078982238224313
                                                 ],
                                                 [
                                                     -4.248350290167128,
                                                     53.078975248145994
                                                 ],
                                                 [
                                                     -4.248385325394965,
                                                     53.079047481032156
                                                 ],
                                                 [
                                                     -4.248477198828099,
                                                     53.079090686520551
                                                 ],
                                                 [
                                                     -4.2486318213603,
                                                     53.079048214827495
                                                 ],
                                                 [
                                                     -4.2487568796598,
                                                     53.079043154074306
                                                 ],
                                                 [
                                                     -4.248915483701849,
                                                     53.079020380568515
                                                 ],
                                                 [
                                                     -4.24902289964523,
                                                     53.078931970571276
                                                 ],
                                                 [
                                                     -4.249148712168899,
                                                     53.078910715892349
                                                 ],
                                                 [
                                                     -4.249260012101194,
                                                     53.078927486807466
                                                 ],
                                                 [
                                                     -4.249420676106431,
                                                     53.078944223142578
                                                 ],
                                                 [
                                                     -4.249640895722164,
                                                     53.078901407717716
                                                 ],
                                                 [
                                                     -4.250038725757595,
                                                     53.078827369063546
                                                 ],
                                                 [
                                                     -4.250258373978675,
                                                     53.078860964070181
                                                 ],
                                                 [
                                                     -4.250557488287041,
                                                     53.078782499376317
                                                 ],
                                                 [
                                                     -4.250908297021194,
                                                     53.078810016727587
                                                 ],
                                                 [
                                                     -4.25111304019615,
                                                     53.0787585031687
                                                 ],
                                                 [
                                                     -4.251488928659756,
                                                     53.078665099257627
                                                 ],
                                                 [
                                                     -4.251694305225143,
                                                     53.078623370159512
                                                 ],
                                                 [
                                                     -4.251723134562254,
                                                     53.078574287502803
                                                 ],
                                                 [
                                                     -4.251769398903418,
                                                     53.078545547705644
                                                 ],
                                                 [
                                                     -4.251974240322186,
                                                     53.078521894711699
                                                 ],
                                                 [
                                                     -4.252252694201016,
                                                     53.07845100696499
                                                 ],
                                                 [
                                                     -4.252505646333467,
                                                     53.078349142096364
                                                 ],
                                                 [
                                                     -4.252666483866061,
                                                     53.078112307248666
                                                 ],
                                                 [
                                                     -4.252746215126023,
                                                     53.078066753940554
                                                 ],
                                                 [
                                                     -4.252914071469894,
                                                     53.078136380792579
                                                 ],
                                                 [
                                                     -4.253574710745906,
                                                     53.078121168888366
                                                 ],
                                                 [
                                                     -4.253610498189193,
                                                     53.078120490806612
                                                 ],
                                                 [
                                                     -4.253579649629647,
                                                     53.07798714840213
                                                 ],
                                                 [
                                                     -4.253745567452433,
                                                     53.077732239201623
                                                 ],
                                                 [
                                                     -4.253641957816753,
                                                     53.077551647815106
                                                 ],
                                                 [
                                                     -4.253428262884563,
                                                     53.077431656280183
                                                 ],
                                                 [
                                                     -4.253394885717109,
                                                     53.077393639128601
                                                 ],
                                                 [
                                                     -4.25330933105888,
                                                     53.077271129667842
                                                 ],
                                                 [
                                                     -4.253577252766842,
                                                     53.077227403999466
                                                 ],
                                                 [
                                                     -4.253664733593612,
                                                     53.077101705976354
                                                 ],
                                                 [
                                                     -4.253822858536251,
                                                     53.077069946632975
                                                 ],
                                                 [
                                                     -4.25410227950182,
                                                     53.076930634532943
                                                 ],
                                                 [
                                                     -4.25425979008796,
                                                     53.076917761907353
                                                 ],
                                                 [
                                                     -4.254305657023474,
                                                     53.07687914123867
                                                 ],
                                                 [
                                                     -4.254633657294215,
                                                     53.076757872668956
                                                 ],
                                                 [
                                                     -4.255055728946979,
                                                     53.076634728804613
                                                 ],
                                                 [
                                                     -4.25546442454634,
                                                     53.07654069094032
                                                 ],
                                                 [
                                                     -4.25563643933986,
                                                     53.076489790082327
                                                 ],
                                                 [
                                                     -4.255855652282094,
                                                     53.07642810639615
                                                 ],
                                                 [
                                                     -4.256109719922071,
                                                     53.076404411589536
                                                 ],
                                                 [
                                                     -4.256340916417234,
                                                     53.076228257531994
                                                 ],
                                                 [
                                                     -4.256573233621151,
                                                     53.076047677057872
                                                 ],
                                                 [
                                                     -4.256716863121056,
                                                     53.075995425947994
                                                 ],
                                                 [
                                                     -4.256818167454523,
                                                     53.07593418031324
                                                 ],
                                                 [
                                                     -4.256863391932762,
                                                     53.075885683427906
                                                 ],
                                                 [
                                                     -4.256872032143368,
                                                     53.075822600554055
                                                 ],
                                                 [
                                                     -4.25694356305835,
                                                     53.075705202827251
                                                 ],
                                                 [
                                                     -4.257019299991931,
                                                     53.075639947584207
                                                 ],
                                                 [
                                                     -4.257131196548345,
                                                     53.075611757424021
                                                 ],
                                                 [
                                                     -4.257201685261049,
                                                     53.075387417128205
                                                 ],
                                                 [
                                                     -4.257214543775772,
                                                     53.075348523535922
                                                 ],
                                                 [
                                                     -4.257332795846036,
                                                     53.075154826035238
                                                 ],
                                                 [
                                                     -4.257590216711626,
                                                     53.074910758156271
                                                 ],
                                                 [
                                                     -4.257738342574722,
                                                     53.074716403244857
                                                 ],
                                                 [
                                                     -4.257828269856898,
                                                     53.074609531212879
                                                 ],
                                                 [
                                                     -4.257930674358698,
                                                     53.074425931385903
                                                 ],
                                                 [
                                                     -4.257991244722202,
                                                     53.074386130992281
                                                 ],
                                                 [
                                                     -4.258096144015658,
                                                     53.074250212315327
                                                 ],
                                                 [
                                                     -4.258268618111894,
                                                     53.074208287104035
                                                 ],
                                                 [
                                                     -4.258404745009934,
                                                     53.074071685288843
                                                 ],
                                                 [
                                                     -4.258469800332039,
                                                     53.073802504919009
                                                 ],
                                                 [
                                                     -4.258506511423199,
                                                     53.073591478823914
                                                 ],
                                                 [
                                                     -4.258430281314923,
                                                     53.073362733615461
                                                 ],
                                                 [
                                                     -4.258420785142167,
                                                     53.073181347144427
                                                 ],
                                                 [
                                                     -4.25856887362937,
                                                     53.072958229593667
                                                 ],
                                                 [
                                                     -4.258744320583411,
                                                     53.072658189487456
                                                 ],
                                                 [
                                                     -4.259224728569822,
                                                     53.072141039290891
                                                 ],
                                                 [
                                                     -4.259219226608464,
                                                     53.072035978833441
                                                 ],
                                                 [
                                                     -4.259370316924715,
                                                     53.071870328447886
                                                 ],
                                                 [
                                                     -4.259757928235065,
                                                     53.071374803473205
                                                 ],
                                                 [
                                                     -4.259913872634327,
                                                     53.071017605811306
                                                 ],
                                                 [
                                                     -4.259960385478092,
                                                     53.070681364030975
                                                 ],
                                                 [
                                                     -4.260016390445277,
                                                     53.070239686905545
                                                 ],
                                                 [
                                                     -4.260043746733017,
                                                     53.070162766035253
                                                 ],
                                                 [
                                                     -4.26114530330297,
                                                     53.070246991845778
                                                 ],
                                                 [
                                                     -4.26129737166973,
                                                     53.070100285878482
                                                 ],
                                                 [
                                                     -4.261489989406552,
                                                     53.069531970407546
                                                 ],
                                                 [
                                                     -4.261564530585558,
                                                     53.069444263590093
                                                 ],
                                                 [
                                                     -4.261730481375825,
                                                     53.069278327402053
                                                 ],
                                                 [
                                                     -4.262074910155116,
                                                     53.069185488205882
                                                 ],
                                                 [
                                                     -4.262389490447945,
                                                     53.069121978040656
                                                 ],
                                                 [
                                                     -4.262675852307416,
                                                     53.069116530160684
                                                 ],
                                                 [
                                                     -4.263206105454429,
                                                     53.068924784475108
                                                 ],
                                                 [
                                                     -4.263281632776773,
                                                     53.068855933487896
                                                 ],
                                                 [
                                                     -4.263456591427885,
                                                     53.068833728033965
                                                 ],
                                                 [
                                                     -4.263774304632303,
                                                     53.068827680798428
                                                 ],
                                                 [
                                                     -4.264264341908499,
                                                     53.068779701398434
                                                 ],
                                                 [
                                                     -4.264724182408568,
                                                     53.068752069834382
                                                 ],
                                                 [
                                                     -4.264851467033198,
                                                     53.068759533300778
                                                 ],
                                                 [
                                                     -4.265007954296332,
                                                     53.068727789908777
                                                 ],
                                                 [
                                                     -4.265910640003661,
                                                     53.068662956522459
                                                 ],
                                                 [
                                                     -4.266214861766461,
                                                     53.068685922047784
                                                 ],
                                                 [
                                                     -4.266354390654312,
                                                     53.068329028982482
                                                 ],
                                                 [
                                                     -4.266666838928447,
                                                     53.06791122387714
                                                 ],
                                                 [
                                                     -4.266778635615208,
                                                     53.067937856187982
                                                 ],
                                                 [
                                                     -4.266913389281759,
                                                     53.068059418482754
                                                 ],
                                                 [
                                                     -4.267231096028981,
                                                     53.068053362079034
                                                 ],
                                                 [
                                                     -4.267387059827862,
                                                     53.06801173807694
                                                 ],
                                                 [
                                                     -4.267752471562401,
                                                     53.068004770745496
                                                 ],
                                                 [
                                                     -4.267993028374408,
                                                     53.068038833995381
                                                 ],
                                                 [
                                                     -4.268092573789834,
                                                     53.068113336715065
                                                 ],
                                                 [
                                                     -4.268294964944047,
                                                     53.068329783508545
                                                 ],
                                                 [
                                                     -4.26862010535974,
                                                     53.068467396522614
                                                 ],
                                                 [
                                                     -4.269094297803185,
                                                     53.068429587702653
                                                 ],
                                                 [
                                                     -4.269380655234015,
                                                     53.068424123709221
                                                 ],
                                                 [
                                                     -4.269663505094306,
                                                     53.068380075378329
                                                 ],
                                                 [
                                                     -4.269838977901596,
                                                     53.068367738095908
                                                 ],
                                                 [
                                                     -4.269998955869371,
                                                     53.068402436121133
                                                 ],
                                                 [
                                                     -4.270110842537931,
                                                     53.068400300438441
                                                 ],
                                                 [
                                                     -4.270407539875291,
                                                     53.068308347087111
                                                 ],
                                                 [
                                                     -4.270673922719633,
                                                     53.06823674663579
                                                 ],
                                                 [
                                                     -4.270860845536903,
                                                     53.068156686438421
                                                 ],
                                                 [
                                                     -4.270987087974238,
                                                     53.068144388379437
                                                 ],
                                                 [
                                                     -4.271128691907964,
                                                     53.068112921079255
                                                 ],
                                                 [
                                                     -4.271255455585561,
                                                     53.068110500205151
                                                 ],
                                                 [
                                                     -4.271397577706002,
                                                     53.068088910111683
                                                 ],
                                                 [
                                                     -4.271508943434442,
                                                     53.068076895628835
                                                 ],
                                                 [
                                                     -4.271650063260715,
                                                     53.068064312699875
                                                 ],
                                                 [
                                                     -4.271551117718404,
                                                     53.067970925700074
                                                 ],
                                                 [
                                                     -4.272027423313588,
                                                     53.067377397952413
                                                 ],
                                                 [
                                                     -4.272172793417513,
                                                     53.067106674616603
                                                 ],
                                                 [
                                                     -4.272500356436796,
                                                     53.067005137863013
                                                 ],
                                                 [
                                                     -4.272958137879762,
                                                     53.066938863863172
                                                 ],
                                                 [
                                                     -4.273260836846099,
                                                     53.066933078103901
                                                 ],
                                                 [
                                                     -4.273655948692492,
                                                     53.066896671709053
                                                 ],
                                                 [
                                                     -4.274172510250688,
                                                     53.067039688019371
                                                 ],
                                                 [
                                                     -4.274369385349702,
                                                     53.06715097583357
                                                 ],
                                                 [
                                                     -4.274674965231099,
                                                     53.066915026697991
                                                 ],
                                                 [
                                                     -4.274871089399933,
                                                     53.066729618706049
                                                 ],
                                                 [
                                                     -4.274928734262406,
                                                     53.066604474878545
                                                 ],
                                                 [
                                                     -4.275383473692695,
                                                     53.066480633339772
                                                 ],
                                                 [
                                                     -4.275838653184182,
                                                     53.066395521271922
                                                 ],
                                                 [
                                                     -4.275833585591383,
                                                     53.066299442088742
                                                 ],
                                                 [
                                                     -4.27601051620936,
                                                     53.066314931814958
                                                 ],
                                                 [
                                                     -4.276434458883686,
                                                     53.066230325348876
                                                 ],
                                                 [
                                                     -4.276657658926385,
                                                     53.066187401985914
                                                 ],
                                                 [
                                                     -4.277474115426136,
                                                     53.06604772869607
                                                 ],
                                                 [
                                                     -4.278147968056214,
                                                     53.065862153612656
                                                 ],
                                                 [
                                                     -4.278650919001978,
                                                     53.065747352297024
                                                 ],
                                                 [
                                                     -4.279373986688369,
                                                     53.065589680304257
                                                 ],
                                                 [
                                                     -4.27992467063283,
                                                     53.065502632859577
                                                 ],
                                                 [
                                                     -4.279647670609775,
                                                     53.065090787610494
                                                 ],
                                                 [
                                                     -4.279656598145342,
                                                     53.065089718270762
                                                 ],
                                                 [
                                                     -4.27963875288266,
                                                     53.065036129400063
                                                 ],
                                                 [
                                                     -4.27971985453362,
                                                     53.065017496236351
                                                 ],
                                                 [
                                                     -4.27979586088265,
                                                     53.06501424186775
                                                 ],
                                                 [
                                                     -4.280166998245031,
                                                     53.065032294097854
                                                 ],
                                                 [
                                                     -4.280591359732225,
                                                     53.065042133456771
                                                 ],
                                                 [
                                                     -4.280797303142506,
                                                     53.065068744400264
                                                 ],
                                                 [
                                                     -4.281055416938621,
                                                     53.065123117554677
                                                 ],
                                                 [
                                                     -4.281111283551076,
                                                     53.065134629818587
                                                 ],
                                                 [
                                                     -4.281255431661093,
                                                     53.065009621629692
                                                 ],
                                                 [
                                                     -4.281477207607882,
                                                     53.064800340783385
                                                 ],
                                                 [
                                                     -4.281470191072652,
                                                     53.064753735456769
                                                 ],
                                                 [
                                                     -4.2816789512478,
                                                     53.064496164861978
                                                 ],
                                                 [
                                                     -4.281755576510623,
                                                     53.064476717972916
                                                 ],
                                                 [
                                                     -4.281881426373226,
                                                     53.06445722471684
                                                 ],
                                                 [
                                                     -4.281997641202636,
                                                     53.064171768711049
                                                 ],
                                                 [
                                                     -4.282149574832188,
                                                     53.063770573195661
                                                 ],
                                                 [
                                                     -4.282864130784176,
                                                     53.063762252008701
                                                 ],
                                                 [
                                                     -4.283181563033633,
                                                     53.062991058454202
                                                 ],
                                                 [
                                                     -4.283452359057567,
                                                     53.06300383661231
                                                 ],
                                                 [
                                                     -4.284536515377018,
                                                     53.06309896527366
                                                 ],
                                                 [
                                                     -4.284880333144223,
                                                     53.063138200623342
                                                 ],
                                                 [
                                                     -4.285008554928305,
                                                     53.063163601103334
                                                 ],
                                                 [
                                                     -4.285172362137474,
                                                     53.063128993779223
                                                 ],
                                                 [
                                                     -4.285555459315122,
                                                     53.063147698355152
                                                 ],
                                                 [
                                                     -4.285703484145145,
                                                     53.063179908528433
                                                 ],
                                                 [
                                                     -4.285755516533669,
                                                     53.063260793531924
                                                 ],
                                                 [
                                                     -4.285887829710957,
                                                     53.063363415003231
                                                 ],
                                                 [
                                                     -4.286020858677928,
                                                     53.063395913040303
                                                 ],
                                                 [
                                                     -4.286060628900843,
                                                     53.063414923441236
                                                 ],
                                                 [
                                                     -4.286366326806434,
                                                     53.063324554808098
                                                 ],
                                                 [
                                                     -4.28674773675231,
                                                     53.063197584370819
                                                 ],
                                                 [
                                                     -4.287025889268909,
                                                     53.063151787273753
                                                 ],
                                                 [
                                                     -4.287477202940122,
                                                     53.063078389234256
                                                 ],
                                                 [
                                                     -4.287791270761564,
                                                     53.063034595892255
                                                 ],
                                                 [
                                                     -4.288182911375795,
                                                     53.062961444934913
                                                 ],
                                                 [
                                                     -4.288385562140989,
                                                     53.06289822155086
                                                 ],
                                                 [
                                                     -4.288645926988378,
                                                     53.062825707030299
                                                 ],
                                                 [
                                                     -4.289226308156378,
                                                     53.062682405093653
                                                 ],
                                                 [
                                                     -4.28966363931846,
                                                     53.062570617973336
                                                 ],
                                                 [
                                                     -4.290192056387229,
                                                     53.062429120966179
                                                 ],
                                                 [
                                                     -4.290682122721547,
                                                     53.06230013501871
                                                 ],
                                                 [
                                                     -4.291050965964932,
                                                     53.062161707855346
                                                 ],
                                                 [
                                                     -4.291383061774421,
                                                     53.062063626507452
                                                 ],
                                                 [
                                                     -4.291836307697368,
                                                     53.061999163781948
                                                 ],
                                                 [
                                                     -4.292253878467258,
                                                     53.061965048521095
                                                 ],
                                                 [
                                                     -4.292255636741914,
                                                     53.06194254325893
                                                 ],
                                                 [
                                                     -4.292258709651013,
                                                     53.06194248402538
                                                 ],
                                                 [
                                                     -4.292259659627971,
                                                     53.061932579138073
                                                 ],
                                                 [
                                                     -4.292321851463737,
                                                     53.061924189253389
                                                 ],
                                                 [
                                                     -4.292290365747699,
                                                     53.061780890586213
                                                 ],
                                                 [
                                                     -4.292186415763674,
                                                     53.061510452442015
                                                 ],
                                                 [
                                                     -4.292171201967816,
                                                     53.061224012509875
                                                 ],
                                                 [
                                                     -4.292171204747468,
                                                     53.061223924343842
                                                 ],
                                                 [
                                                     -4.292189970374643,
                                                     53.061125586977397
                                                 ],
                                                 [
                                                     -4.292181419260853,
                                                     53.061078112640466
                                                 ],
                                                 [
                                                     -4.29232235868697,
                                                     53.060810145911582
                                                 ],
                                                 [
                                                     -4.292614469345738,
                                                     53.060830580591613
                                                 ],
                                                 [
                                                     -4.293003369373391,
                                                     53.060931034402167
                                                 ],
                                                 [
                                                     -4.293488918170855,
                                                     53.06099537598687
                                                 ],
                                                 [
                                                     -4.293931394065187,
                                                     53.061092007148076
                                                 ],
                                                 [
                                                     -4.294404713483746,
                                                     53.061180850520095
                                                 ],
                                                 [
                                                     -4.294519300090952,
                                                     53.061202099099972
                                                 ],
                                                 [
                                                     -4.294823146483573,
                                                     53.061218707307155
                                                 ],
                                                 [
                                                     -4.295207937381546,
                                                     53.06121397749267
                                                 ],
                                                 [
                                                     -4.295516423914892,
                                                     53.061204427454967
                                                 ],
                                                 [
                                                     -4.295717139802604,
                                                     53.061218530389894
                                                 ],
                                                 [
                                                     -4.295897918758404,
                                                     53.061278857992136
                                                 ],
                                                 [
                                                     -4.296062354847426,
                                                     53.06136736600822
                                                 ],
                                                 [
                                                     -4.296121898968709,
                                                     53.06144801168977
                                                 ],
                                                 [
                                                     -4.296212765894735,
                                                     53.061529940646473
                                                 ],
                                                 [
                                                     -4.296285088674575,
                                                     53.061598653802243
                                                 ],
                                                 [
                                                     -4.296389113336708,
                                                     53.061675744002912
                                                 ],
                                                 [
                                                     -4.296589659260193,
                                                     53.061769845941058
                                                 ],
                                                 [
                                                     -4.296749963438609,
                                                     53.061863915581341
                                                 ],
                                                 [
                                                     -4.296789511636572,
                                                     53.061934160545476
                                                 ],
                                                 [
                                                     -4.29688678342008,
                                                     53.06202306554632
                                                 ],
                                                 [
                                                     -4.29694248546255,
                                                     53.062061539582032
                                                 ],
                                                 [
                                                     -4.297068535138473,
                                                     53.062129304412601
                                                 ],
                                                 [
                                                     -4.297518746741853,
                                                     53.06225992913248
                                                 ],
                                                 [
                                                     -4.297761033336737,
                                                     53.06229659509669
                                                 ],
                                                 [
                                                     -4.297900022796091,
                                                     53.062357728067013
                                                 ],
                                                 [
                                                     -4.298107306777766,
                                                     53.062409540833663
                                                 ],
                                                 [
                                                     -4.29846422306989,
                                                     53.062440394547615
                                                 ],
                                                 [
                                                     -4.298713409069694,
                                                     53.06246793685284
                                                 ],
                                                 [
                                                     -4.298873415122849,
                                                     53.062500797297616
                                                 ],
                                                 [
                                                     -4.298978817154707,
                                                     53.062548196192232
                                                 ],
                                                 [
                                                     -4.299558302324877,
                                                     53.062469578577613
                                                 ],
                                                 [
                                                     -4.300006874785992,
                                                     53.062400680364192
                                                 ],
                                                 [
                                                     -4.300566386150082,
                                                     53.062342218197358
                                                 ],
                                                 [
                                                     -4.301073049738624,
                                                     53.06227120397368
                                                 ],
                                                 [
                                                     -4.301438012819646,
                                                     53.062229085982665
                                                 ],
                                                 [
                                                     -4.301699066209459,
                                                     53.062227628992794
                                                 ],
                                                 [
                                                     -4.301885297684665,
                                                     53.062249192085901
                                                 ],
                                                 [
                                                     -4.30234912738788,
                                                     53.062325692834868
                                                 ],
                                                 [
                                                     -4.303145519148637,
                                                     53.062426223002817
                                                 ],
                                                 [
                                                     -4.303356894499565,
                                                     53.062471566456999
                                                 ],
                                                 [
                                                     -4.303544639013422,
                                                     53.062466131598221
                                                 ],
                                                 [
                                                     -4.30366482106956,
                                                     53.062426051730007
                                                 ],
                                                 [
                                                     -4.303766208125581,
                                                     53.062340494805483
                                                 ],
                                                 [
                                                     -4.30387526985584,
                                                     53.062230429555441
                                                 ],
                                                 [
                                                     -4.303953877410759,
                                                     53.062135426287611
                                                 ],
                                                 [
                                                     -4.304067032399835,
                                                     53.061908431593558
                                                 ],
                                                 [
                                                     -4.304184510364668,
                                                     53.061704812553366
                                                 ],
                                                 [
                                                     -4.304372432462777,
                                                     53.061617488390695
                                                 ],
                                                 [
                                                     -4.304630993787663,
                                                     53.061511805377144
                                                 ],
                                                 [
                                                     -4.305194305665794,
                                                     53.061301342269417
                                                 ],
                                                 [
                                                     -4.305707644339959,
                                                     53.061132203707366
                                                 ],
                                                 [
                                                     -4.306073849767081,
                                                     53.061030723151703
                                                 ],
                                                 [
                                                     -4.306609051539561,
                                                     53.060906997731934
                                                 ],
                                                 [
                                                     -4.306892506379287,
                                                     53.060820602749658
                                                 ],
                                                 [
                                                     -4.30719413359185,
                                                     53.060768009865654
                                                 ],
                                                 [
                                                     -4.307559723492443,
                                                     53.060682716086795
                                                 ],
                                                 [
                                                     -4.307965187491841,
                                                     53.060535435906992
                                                 ],
                                                 [
                                                     -4.308496347793164,
                                                     53.06033636660662
                                                 ],
                                                 [
                                                     -4.308915856138052,
                                                     53.060198697087095
                                                 ],
                                                 [
                                                     -4.309414073989649,
                                                     53.060110822265734
                                                 ],
                                                 [
                                                     -4.309623733517941,
                                                     53.060068998496604
                                                 ],
                                                 [
                                                     -4.309809156031727,
                                                     53.060103148788919
                                                 ],
                                                 [
                                                     -4.309896341848873,
                                                     53.06011583650843
                                                 ],
                                                 [
                                                     -4.310251675867408,
                                                     53.060144888161048
                                                 ],
                                                 [
                                                     -4.311147214003383,
                                                     53.060146362302724
                                                 ],
                                                 [
                                                     -4.312827775245783,
                                                     53.060176607760987
                                                 ],
                                                 [
                                                     -4.314084139266252,
                                                     53.06022685991298
                                                 ],
                                                 [
                                                     -4.314296613231219,
                                                     53.060235308907529
                                                 ],
                                                 [
                                                     -4.314673958662504,
                                                     53.060259424331434
                                                 ],
                                                 [
                                                     -4.315923721684058,
                                                     53.060548880725143
                                                 ],
                                                 [
                                                     -4.316335827903591,
                                                     53.060690962388406
                                                 ],
                                                 [
                                                     -4.316904291892856,
                                                     53.06091008462456
                                                 ],
                                                 [
                                                     -4.317223703444131,
                                                     53.061021611149656
                                                 ],
                                                 [
                                                     -4.317749682354357,
                                                     53.061088751547622
                                                 ],
                                                 [
                                                     -4.31800264872312,
                                                     53.061101797590368
                                                 ],
                                                 [
                                                     -4.318305509432972,
                                                     53.061127353464428
                                                 ],
                                                 [
                                                     -4.318875336340555,
                                                     53.061179162863731
                                                 ],
                                                 [
                                                     -4.319137422187018,
                                                     53.061194726000011
                                                 ],
                                                 [
                                                     -4.319601849902263,
                                                     53.061227014147796
                                                 ],
                                                 [
                                                     -4.320188710095704,
                                                     53.061261407291063
                                                 ],
                                                 [
                                                     -4.320820414895048,
                                                     53.061296719662501
                                                 ],
                                                 [
                                                     -4.320874379253726,
                                                     53.061300250120333
                                                 ],
                                                 [
                                                     -4.321279918884597,
                                                     53.061292334487263
                                                 ],
                                                 [
                                                     -4.321571630261427,
                                                     53.061277561453295
                                                 ],
                                                 [
                                                     -4.321929401868745,
                                                     53.061241812676997
                                                 ],
                                                 [
                                                     -4.322273194145411,
                                                     53.061195550073265
                                                 ],
                                                 [
                                                     -4.322599811124028,
                                                     53.061164003226878
                                                 ],
                                                 [
                                                     -4.323040784464443,
                                                     53.061094266953134
                                                 ],
                                                 [
                                                     -4.323422086128336,
                                                     53.061079627285501
                                                 ],
                                                 [
                                                     -4.323679261300533,
                                                     53.06111594874946
                                                 ],
                                                 [
                                                     -4.323914135454249,
                                                     53.061181469881362
                                                 ],
                                                 [
                                                     -4.323952920144414,
                                                     53.061149529808397
                                                 ],
                                                 [
                                                     -4.323975643767225,
                                                     53.061130831043272
                                                 ],
                                                 [
                                                     -4.324331355414024,
                                                     53.060835256529188
                                                 ],
                                                 [
                                                     -4.324422949754949,
                                                     53.060735490796226
                                                 ],
                                                 [
                                                     -4.324603617169281,
                                                     53.060544008692858
                                                 ],
                                                 [
                                                     -4.32478146110764,
                                                     53.060352671406655
                                                 ],
                                                 [
                                                     -4.325349377608757,
                                                     53.060506058045277
                                                 ],
                                                 [
                                                     -4.325508495016157,
                                                     53.060330366253524
                                                 ],
                                                 [
                                                     -4.325608650226703,
                                                     53.060305036916091
                                                 ],
                                                 [
                                                     -4.327122552638028,
                                                     53.060646737135443
                                                 ],
                                                 [
                                                     -4.327383769012107,
                                                     53.06073061099989
                                                 ],
                                                 [
                                                     -4.327112839113484,
                                                     53.060854562944812
                                                 ],
                                                 [
                                                     -4.3269210002039,
                                                     53.06092312416083
                                                 ],
                                                 [
                                                     -4.326726718112462,
                                                     53.061083326376242
                                                 ],
                                                 [
                                                     -4.326595096200379,
                                                     53.061134440263373
                                                 ],
                                                 [
                                                     -4.326463698414247,
                                                     53.061217098580286
                                                 ],
                                                 [
                                                     -4.326224208073226,
                                                     53.061397060361031
                                                 ],
                                                 [
                                                     -4.325929190768737,
                                                     53.0617112285301
                                                 ],
                                                 [
                                                     -4.325631556246597,
                                                     53.061976909417957
                                                 ],
                                                 [
                                                     -4.325494368773386,
                                                     53.062089252548958
                                                 ],
                                                 [
                                                     -4.325266212320132,
                                                     53.062148543776466
                                                 ],
                                                 [
                                                     -4.325077142053831,
                                                     53.062156735341304
                                                 ],
                                                 [
                                                     -4.325077128856366,
                                                     53.062156822813236
                                                 ],
                                                 [
                                                     -4.325061716298414,
                                                     53.062258696875119
                                                 ],
                                                 [
                                                     -4.324906239897952,
                                                     53.062419935460753
                                                 ],
                                                 [
                                                     -4.324723583021138,
                                                     53.062519773444535
                                                 ],
                                                 [
                                                     -4.324590623379871,
                                                     53.062573607632913
                                                 ],
                                                 [
                                                     -4.324238454318127,
                                                     53.062603861961897
                                                 ],
                                                 [
                                                     -4.324200648365458,
                                                     53.062731338813506
                                                 ],
                                                 [
                                                     -4.324164413984083,
                                                     53.062780585563964
                                                 ],
                                                 [
                                                     -4.32403128871885,
                                                     53.062858781091215
                                                 ],
                                                 [
                                                     -4.323793159715899,
                                                     53.062982083295026
                                                 ],
                                                 [
                                                     -4.323584878523818,
                                                     53.063022107781791
                                                 ],
                                                 [
                                                     -4.323393048202322,
                                                     53.063033945210776
                                                 ],
                                                 [
                                                     -4.323254501683699,
                                                     53.063011484101246
                                                 ],
                                                 [
                                                     -4.323188758486118,
                                                     53.063010971167046
                                                 ],
                                                 [
                                                     -4.322982409958425,
                                                     53.063086910517171
                                                 ],
                                                 [
                                                     -4.322997164355472,
                                                     53.063111790234373
                                                 ],
                                                 [
                                                     -4.322737866231205,
                                                     53.06331289485076
                                                 ],
                                                 [
                                                     -4.322598638687552,
                                                     53.063387522464389
                                                 ],
                                                 [
                                                     -4.32246134502568,
                                                     53.063443236191482
                                                 ],
                                                 [
                                                     -4.322337185278335,
                                                     53.063550917264955
                                                 ],
                                                 [
                                                     -4.322244858541895,
                                                     53.063582381962249
                                                 ],
                                                 [
                                                     -4.322030647916329,
                                                     53.063649484730234
                                                 ],
                                                 [
                                                     -4.321923296054426,
                                                     53.063708208710715
                                                 ],
                                                 [
                                                     -4.321876296719372,
                                                     53.063749575611084
                                                 ],
                                                 [
                                                     -4.321838147896433,
                                                     53.06379076878973
                                                 ],
                                                 [
                                                     -4.321838169993022,
                                                     53.063790846581
                                                 ],
                                                 [
                                                     -4.321890944250892,
                                                     53.063966901571845
                                                 ],
                                                 [
                                                     -4.321905621161486,
                                                     53.064127600013002
                                                 ],
                                                 [
                                                     -4.32196877131766,
                                                     53.064191983234224
                                                 ],
                                                 [
                                                     -4.321968858637426,
                                                     53.06433310156779
                                                 ],
                                                 [
                                                     -4.322035976149651,
                                                     53.064471203659629
                                                 ],
                                                 [
                                                     -4.32198636352626,
                                                     53.064518912703136
                                                 ],
                                                 [
                                                     -4.321665473504384,
                                                     53.064602478996129
                                                 ],
                                                 [
                                                     -4.321887634112202,
                                                     53.064820249018894
                                                 ],
                                                 [
                                                     -4.321919553776574,
                                                     53.064969734227674
                                                 ],
                                                 [
                                                     -4.322007768952875,
                                                     53.065056189432596
                                                 ],
                                                 [
                                                     -4.322089082723799,
                                                     53.065181339523591
                                                 ],
                                                 [
                                                     -4.322116021623723,
                                                     53.065293170948664
                                                 ],
                                                 [
                                                     -4.322325323832222,
                                                     53.065466247382822
                                                 ],
                                                 [
                                                     -4.322453885414587,
                                                     53.065524859196948
                                                 ],
                                                 [
                                                     -4.322667978248281,
                                                     53.065592586109005
                                                 ],
                                                 [
                                                     -4.322893323883765,
                                                     53.065617846288561
                                                 ],
                                                 [
                                                     -4.323198109169196,
                                                     53.065678497748436
                                                 ],
                                                 [
                                                     -4.32333289006907,
                                                     53.065715414743892
                                                 ],
                                                 [
                                                     -4.323518564801225,
                                                     53.0657809989033
                                                 ],
                                                 [
                                                     -4.323612465284141,
                                                     53.065806129453385
                                                 ],
                                                 [
                                                     -4.323815001058652,
                                                     53.065853406866516
                                                 ],
                                                 [
                                                     -4.324669871466452,
                                                     53.065929280383976
                                                 ],
                                                 [
                                                     -4.324831847665303,
                                                     53.065998112120418
                                                 ],
                                                 [
                                                     -4.325786465063323,
                                                     53.066319303155865
                                                 ],
                                                 [
                                                     -4.326262956696701,
                                                     53.066489754399456
                                                 ],
                                                 [
                                                     -4.326906245279972,
                                                     53.066710960649971
                                                 ],
                                                 [
                                                     -4.327168491835342,
                                                     53.066480126740132
                                                 ],
                                                 [
                                                     -4.327635172742922,
                                                     53.066055633174443
                                                 ],
                                                 [
                                                     -4.327930281919437,
                                                     53.065799884529909
                                                 ],
                                                 [
                                                     -4.328304479852822,
                                                     53.065458993501643
                                                 ],
                                                 [
                                                     -4.328416469015209,
                                                     53.065376803207513
                                                 ],
                                                 [
                                                     -4.328517197969609,
                                                     53.065444042798617
                                                 ],
                                                 [
                                                     -4.329419426009832,
                                                     53.06507033631582
                                                 ],
                                                 [
                                                     -4.329982408975606,
                                                     53.06482551533653
                                                 ],
                                                 [
                                                     -4.330448036926808,
                                                     53.064633024482347
                                                 ],
                                                 [
                                                     -4.330714695720195,
                                                     53.064511756259371
                                                 ],
                                                 [
                                                     -4.330738585484774,
                                                     53.064457356541659
                                                 ],
                                                 [
                                                     -4.330999589439123,
                                                     53.064536733066397
                                                 ],
                                                 [
                                                     -4.331517749943393,
                                                     53.064788232335225
                                                 ],
                                                 [
                                                     -4.331774223506489,
                                                     53.064922615633982
                                                 ],
                                                 [
                                                     -4.33209751131727,
                                                     53.0652138879855
                                                 ],
                                                 [
                                                     -4.332253928417187,
                                                     53.06543014109505
                                                 ],
                                                 [
                                                     -4.332399228507639,
                                                     53.065522659410263
                                                 ],
                                                 [
                                                     -4.332527386851334,
                                                     53.065682839368961
                                                 ],
                                                 [
                                                     -4.332676852767856,
                                                     53.065797747179239
                                                 ],
                                                 [
                                                     -4.332843728725923,
                                                     53.065902336717151
                                                 ],
                                                 [
                                                     -4.332990228449518,
                                                     53.06596238269907
                                                 ],
                                                 [
                                                     -4.333226503730298,
                                                     53.066053025318666
                                                 ],
                                                 [
                                                     -4.333796017658273,
                                                     53.066149802982025
                                                 ],
                                                 [
                                                     -4.334223746669618,
                                                     53.066221406704031
                                                 ],
                                                 [
                                                     -4.33507299642764,
                                                     53.066356640344843
                                                 ],
                                                 [
                                                     -4.335364134650492,
                                                     53.066414832316362
                                                 ],
                                                 [
                                                     -4.335621835610055,
                                                     53.066460107280044
                                                 ],
                                                 [
                                                     -4.335996098252317,
                                                     53.066562416507743
                                                 ],
                                                 [
                                                     -4.336026330407373,
                                                     53.066541149324479
                                                 ],
                                                 [
                                                     -4.336446249089387,
                                                     53.066661526197805
                                                 ],
                                                 [
                                                     -4.336893104240221,
                                                     53.066754316153435
                                                 ],
                                                 [
                                                     -4.336996136757374,
                                                     53.066863750078532
                                                 ],
                                                 [
                                                     -4.33704036421603,
                                                     53.066964541026692
                                                 ],
                                                 [
                                                     -4.337217981155712,
                                                     53.067101272558197
                                                 ],
                                                 [
                                                     -4.337873857950103,
                                                     53.067085684048948
                                                 ],
                                                 [
                                                     -4.338822231570227,
                                                     53.067064316369986
                                                 ],
                                                 [
                                                     -4.338823997891939,
                                                     53.067068097471939
                                                 ],
                                                 [
                                                     -4.340657341379802,
                                                     53.067028042984902
                                                 ],
                                                 [
                                                     -4.34068419174545,
                                                     53.067049472673723
                                                 ],
                                                 [
                                                     -4.340688766425084,
                                                     53.067053839541977
                                                 ],
                                                 [
                                                     -4.340705088101148,
                                                     53.067069422721353
                                                 ],
                                                 [
                                                     -4.340709403619279,
                                                     53.067075175729613
                                                 ],
                                                 [
                                                     -4.340713046497522,
                                                     53.067080031174335
                                                 ],
                                                 [
                                                     -4.340709933331512,
                                                     53.067087113634919
                                                 ],
                                                 [
                                                     -4.340706338980018,
                                                     53.067088545641248
                                                 ],
                                                 [
                                                     -4.340701124221815,
                                                     53.067090622737624
                                                 ],
                                                 [
                                                     -4.340700045906471,
                                                     53.067091052159832
                                                 ],
                                                 [
                                                     -4.34068117905987,
                                                     53.06709423234382
                                                 ],
                                                 [
                                                     -4.340676350252633,
                                                     53.067098305968592
                                                 ],
                                                 [
                                                     -4.340670708396295,
                                                     53.067101480297552
                                                 ],
                                                 [
                                                     -4.340664284436725,
                                                     53.067105096200208
                                                 ],
                                                 [
                                                     -4.340664470271341,
                                                     53.067108521764887
                                                 ],
                                                 [
                                                     -4.340664740983816,
                                                     53.067113511916268
                                                 ],
                                                 [
                                                     -4.340679755854242,
                                                     53.067118130944792
                                                 ],
                                                 [
                                                     -4.340682457468009,
                                                     53.067120108869432
                                                 ],
                                                 [
                                                     -4.340684116060889,
                                                     53.06712132329563
                                                 ],
                                                 [
                                                     -4.3406878483289,
                                                     53.067124056869893
                                                 ],
                                                 [
                                                     -4.340691290507337,
                                                     53.067132476758644
                                                 ],
                                                 [
                                                     -4.340697947832509,
                                                     53.06714876355349
                                                 ],
                                                 [
                                                     -4.340699047508327,
                                                     53.067151451839685
                                                 ],
                                                 [
                                                     -4.340700917569527,
                                                     53.06715898557502
                                                 ],
                                                 [
                                                     -4.340701534312638,
                                                     53.067161466680083
                                                 ],
                                                 [
                                                     -4.34070510753195,
                                                     53.067162286472403
                                                 ],
                                                 [
                                                     -4.340718451081823,
                                                     53.06716534606084
                                                 ],
                                                 [
                                                     -4.340719399532406,
                                                     53.067165824602831
                                                 ],
                                                 [
                                                     -4.340726041717999,
                                                     53.067169175235989
                                                 ],
                                                 [
                                                     -4.340723966271543,
                                                     53.067173896876582
                                                 ],
                                                 [
                                                     -4.340709395265222,
                                                     53.067177460049237
                                                 ],
                                                 [
                                                     -4.340700525030656,
                                                     53.067174229694082
                                                 ],
                                                 [
                                                     -4.340694677553193,
                                                     53.067172100598945
                                                 ],
                                                 [
                                                     -4.340693541554066,
                                                     53.067171686887995
                                                 ],
                                                 [
                                                     -4.340690367670988,
                                                     53.067172532487227
                                                 ],
                                                 [
                                                     -4.34067362422862,
                                                     53.067176993472629
                                                 ],
                                                 [
                                                     -4.340669145046235,
                                                     53.067180358007128
                                                 ],
                                                 [
                                                     -4.340678199149446,
                                                     53.067182520194152
                                                 ],
                                                 [
                                                     -4.340694175710903,
                                                     53.067183376380086
                                                 ],
                                                 [
                                                     -4.340694628266749,
                                                     53.067183546396322
                                                 ],
                                                 [
                                                     -4.34070488201611,
                                                     53.067187378001456
                                                 ],
                                                 [
                                                     -4.340707528185532,
                                                     53.067193176454843
                                                 ],
                                                 [
                                                     -4.340708486594829,
                                                     53.067203688917701
                                                 ],
                                                 [
                                                     -4.34070575986701,
                                                     53.067211676372906
                                                 ],
                                                 [
                                                     -4.340704464017747,
                                                     53.067215470067325
                                                 ],
                                                 [
                                                     -4.340703829679227,
                                                     53.067227742876902
                                                 ],
                                                 [
                                                     -4.340703443489154,
                                                     53.067235234706487
                                                 ],
                                                 [
                                                     -4.340703327065843,
                                                     53.067237491077812
                                                 ],
                                                 [
                                                     -4.340701974358379,
                                                     53.067238998544269
                                                 ],
                                                 [
                                                     -4.340694021579182,
                                                     53.067247864797899
                                                 ],
                                                 [
                                                     -4.340693068617686,
                                                     53.067248926527455
                                                 ],
                                                 [
                                                     -4.340692698031137,
                                                     53.067249249410743
                                                 ],
                                                 [
                                                     -4.340679341825052,
                                                     53.067260897781637
                                                 ],
                                                 [
                                                     -4.340678784087069,
                                                     53.067261650528728
                                                 ],
                                                 [
                                                     -4.340678386327912,
                                                     53.067262187936031
                                                 ],
                                                 [
                                                     -4.340673187584717,
                                                     53.067269210744008
                                                 ],
                                                 [
                                                     -4.340670485893126,
                                                     53.067277247156753
                                                 ],
                                                 [
                                                     -4.340670177335492,
                                                     53.0672781631337
                                                 ],
                                                 [
                                                     -4.340669928991091,
                                                     53.067278373019825
                                                 ],
                                                 [
                                                     -4.340668617420348,
                                                     53.067279483166757
                                                 ],
                                                 [
                                                     -4.340664233179102,
                                                     53.067283194688642
                                                 ],
                                                 [
                                                     -4.34065150206751,
                                                     53.067284848784873
                                                 ],
                                                 [
                                                     -4.34065110109494,
                                                     53.067284776655768
                                                 ],
                                                 [
                                                     -4.340640908412225,
                                                     53.067282951566376
                                                 ],
                                                 [
                                                     -4.340629457808437,
                                                     53.0672724118429
                                                 ],
                                                 [
                                                     -4.340623729066034,
                                                     53.067266720813407
                                                 ],
                                                 [
                                                     -4.340614672904498,
                                                     53.067257724494226
                                                 ],
                                                 [
                                                     -4.340569797407392,
                                                     53.067235127354671
                                                 ],
                                                 [
                                                     -4.340551160907849,
                                                     53.067225742355888
                                                 ],
                                                 [
                                                     -4.340543164298819,
                                                     53.067217731286796
                                                 ],
                                                 [
                                                     -4.340539246548859,
                                                     53.067213807334717
                                                 ],
                                                 [
                                                     -4.340530812885874,
                                                     53.067209048871327
                                                 ],
                                                 [
                                                     -4.340530027571357,
                                                     53.067208605779022
                                                 ],
                                                 [
                                                     -4.34052326489026,
                                                     53.067210738507733
                                                 ],
                                                 [
                                                     -4.340519256930508,
                                                     53.067212003321259
                                                 ],
                                                 [
                                                     -4.340518948718118,
                                                     53.067212100197814
                                                 ],
                                                 [
                                                     -4.340516824019038,
                                                     53.067215886825856
                                                 ],
                                                 [
                                                     -4.340510441445094,
                                                     53.067219991023578
                                                 ],
                                                 [
                                                     -4.34050688433679,
                                                     53.067218890384638
                                                 ],
                                                 [
                                                     -4.340506072814544,
                                                     53.067216368156444
                                                 ],
                                                 [
                                                     -4.340505015061251,
                                                     53.067213076636889
                                                 ],
                                                 [
                                                     -4.340508242592445,
                                                     53.067207716432655
                                                 ],
                                                 [
                                                     -4.3405085684389,
                                                     53.067207174147477
                                                 ],
                                                 [
                                                     -4.340511430242425,
                                                     53.067202419052158
                                                 ],
                                                 [
                                                     -4.340517391447146,
                                                     53.067197894269839
                                                 ],
                                                 [
                                                     -4.340526093737231,
                                                     53.067191287137106
                                                 ],
                                                 [
                                                     -4.340535418318209,
                                                     53.067184209207831
                                                 ],
                                                 [
                                                     -4.340536433341236,
                                                     53.067183438470273
                                                 ],
                                                 [
                                                     -4.340541171964216,
                                                     53.067173216684004
                                                 ],
                                                 [
                                                     -4.340542346666531,
                                                     53.067170684135945
                                                 ],
                                                 [
                                                     -4.340543851035089,
                                                     53.067163882398269
                                                 ],
                                                 [
                                                     -4.340543906130131,
                                                     53.067163632259238
                                                 ],
                                                 [
                                                     -4.340543903632583,
                                                     53.067162733194017
                                                 ],
                                                 [
                                                     -4.34054388987663,
                                                     53.067157168845824
                                                 ],
                                                 [
                                                     -4.340543888013561,
                                                     53.067156143892092
                                                 ],
                                                 [
                                                     -4.340542252135585,
                                                     53.067155568287212
                                                 ],
                                                 [
                                                     -4.340530222871358,
                                                     53.067151338239626
                                                 ],
                                                 [
                                                     -4.340530025032057,
                                                     53.067151268405979
                                                 ],
                                                 [
                                                     -4.340528752207633,
                                                     53.067151579375263
                                                 ],
                                                 [
                                                     -4.340515454016574,
                                                     53.067154831554987
                                                 ],
                                                 [
                                                     -4.340477814301372,
                                                     53.067162348070291
                                                 ],
                                                 [
                                                     -4.340471251831106,
                                                     53.067163658661698
                                                 ],
                                                 [
                                                     -4.340455903938457,
                                                     53.067167237092903
                                                 ],
                                                 [
                                                     -4.34045245439063,
                                                     53.067166137931956
                                                 ],
                                                 [
                                                     -4.340450368852416,
                                                     53.06716547317199
                                                 ],
                                                 [
                                                     -4.34044473052242,
                                                     53.067159632000838
                                                 ],
                                                 [
                                                     -4.340444605562987,
                                                     53.067159502290309
                                                 ],
                                                 [
                                                     -4.340439559649971,
                                                     53.067159601596884
                                                 ],
                                                 [
                                                     -4.340433189743814,
                                                     53.067163939310937
                                                 ],
                                                 [
                                                     -4.34043537086512,
                                                     53.067165870840448
                                                 ],
                                                 [
                                                     -4.340440945222771,
                                                     53.067170807862887
                                                 ],
                                                 [
                                                     -4.340443971809333,
                                                     53.067183620019065
                                                 ],
                                                 [
                                                     -4.34044785711009,
                                                     53.067190798507717
                                                 ],
                                                 [
                                                     -4.34045394135879,
                                                     53.067192339429887
                                                 ],
                                                 [
                                                     -4.3404622322892,
                                                     53.067194439329207
                                                 ],
                                                 [
                                                     -4.340462433578797,
                                                     53.067194490213652
                                                 ],
                                                 [
                                                     -4.340467305903772,
                                                     53.067198372903555
                                                 ],
                                                 [
                                                     -4.340466541088043,
                                                     53.067199683579538
                                                 ],
                                                 [
                                                     -4.340464817355521,
                                                     53.067202634230938
                                                 ],
                                                 [
                                                     -4.340459427137962,
                                                     53.06720365111736
                                                 ],
                                                 [
                                                     -4.340457894887739,
                                                     53.067203940218107
                                                 ],
                                                 [
                                                     -4.340456538856818,
                                                     53.067203707960822
                                                 ],
                                                 [
                                                     -4.34044809079619,
                                                     53.067202261213183
                                                 ],
                                                 [
                                                     -4.340438134504743,
                                                     53.067197776369589
                                                 ],
                                                 [
                                                     -4.340431455189452,
                                                     53.067197758569073
                                                 ],
                                                 [
                                                     -4.340427642313897,
                                                     53.067197749091548
                                                 ],
                                                 [
                                                     -4.340423939002512,
                                                     53.067198493612821
                                                 ],
                                                 [
                                                     -4.340409577602041,
                                                     53.067201380984869
                                                 ],
                                                 [
                                                     -4.340406790643677,
                                                     53.067202727860384
                                                 ],
                                                 [
                                                     -4.340400490883114,
                                                     53.067205772164762
                                                 ],
                                                 [
                                                     -4.340399724048281,
                                                     53.067210513001278
                                                 ],
                                                 [
                                                     -4.340399618006344,
                                                     53.067211172340805
                                                 ],
                                                 [
                                                     -4.340415325538016,
                                                     53.067221240789792
                                                 ],
                                                 [
                                                     -4.340417329733095,
                                                     53.067222524842826
                                                 ],
                                                 [
                                                     -4.340417299950586,
                                                     53.067224259820549
                                                 ],
                                                 [
                                                     -4.340417079963327,
                                                     53.067237293216053
                                                 ],
                                                 [
                                                     -4.340417052891401,
                                                     53.067238913053771
                                                 ],
                                                 [
                                                     -4.340416924012092,
                                                     53.067238958747659
                                                 ],
                                                 [
                                                     -4.340408666935325,
                                                     53.067241886026309
                                                 ],
                                                 [
                                                     -4.340403821342866,
                                                     53.067241550713156
                                                 ],
                                                 [
                                                     -4.340387606433249,
                                                     53.067240428545368
                                                 ],
                                                 [
                                                     -4.340376389803903,
                                                     53.067240502733846
                                                 ],
                                                 [
                                                     -4.340369740683503,
                                                     53.06724054637445
                                                 ],
                                                 [
                                                     -4.340362320298229,
                                                     53.067247010483655
                                                 ],
                                                 [
                                                     -4.340370514186544,
                                                     53.067254806390331
                                                 ],
                                                 [
                                                     -4.340381922131667,
                                                     53.06725713087085
                                                 ],
                                                 [
                                                     -4.340386228404699,
                                                     53.067258008175337
                                                 ],
                                                 [
                                                     -4.340390343469466,
                                                     53.067261882394362
                                                 ],
                                                 [
                                                     -4.340395237170019,
                                                     53.067266489352676
                                                 ],
                                                 [
                                                     -4.340400790359344,
                                                     53.067275741643307
                                                 ],
                                                 [
                                                     -4.340401668713318,
                                                     53.067283541257204
                                                 ],
                                                 [
                                                     -4.340402288584722,
                                                     53.067289052317392
                                                 ],
                                                 [
                                                     -4.340399818117405,
                                                     53.067300802010763
                                                 ],
                                                 [
                                                     -4.340400392312531,
                                                     53.067305223344185
                                                 ],
                                                 [
                                                     -4.340400484821838,
                                                     53.06730593811772
                                                 ],
                                                 [
                                                     -4.340402188103498,
                                                     53.067306738075729
                                                 ],
                                                 [
                                                     -4.340407763524863,
                                                     53.067309355363804
                                                 ],
                                                 [
                                                     -4.340410053396333,
                                                     53.067310429695823
                                                 ],
                                                 [
                                                     -4.340420710481839,
                                                     53.067313496333398
                                                 ],
                                                 [
                                                     -4.340435147504914,
                                                     53.067314616622951
                                                 ],
                                                 [
                                                     -4.340437944426579,
                                                     53.067314526512625
                                                 ],
                                                 [
                                                     -4.34045376482087,
                                                     53.067314016453516
                                                 ],
                                                 [
                                                     -4.34046128509966,
                                                     53.06730942142962
                                                 ],
                                                 [
                                                     -4.34046389945218,
                                                     53.067306295905261
                                                 ],
                                                 [
                                                     -4.340465664366504,
                                                     53.067304186913617
                                                 ],
                                                 [
                                                     -4.340462821100788,
                                                     53.067303615289411
                                                 ],
                                                 [
                                                     -4.340455057998104,
                                                     53.067302055259958
                                                 ],
                                                 [
                                                     -4.340453390015839,
                                                     53.067300199946828
                                                 ],
                                                 [
                                                     -4.340447615621211,
                                                     53.067293777029285
                                                 ],
                                                 [
                                                     -4.340471863981399,
                                                     53.067289554992833
                                                 ],
                                                 [
                                                     -4.340480918098265,
                                                     53.067291717194706
                                                 ],
                                                 [
                                                     -4.340481800519512,
                                                     53.067291308713116
                                                 ],
                                                 [
                                                     -4.340510480521505,
                                                     53.067278029885074
                                                 ],
                                                 [
                                                     -4.340517766795968,
                                                     53.06727624829621
                                                 ],
                                                 [
                                                     -4.34051802064408,
                                                     53.06727759826552
                                                 ],
                                                 [
                                                     -4.340518860697355,
                                                     53.067282077304071
                                                 ],
                                                 [
                                                     -4.340516168718735,
                                                     53.067288202004761
                                                 ],
                                                 [
                                                     -4.340509522501981,
                                                     53.067303323743779
                                                 ],
                                                 [
                                                     -4.340491539296691,
                                                     53.067315613415403
                                                 ],
                                                 [
                                                     -4.34047586058175,
                                                     53.067329192015578
                                                 ],
                                                 [
                                                     -4.3404633355528,
                                                     53.067340039076242
                                                 ],
                                                 [
                                                     -4.340455746669313,
                                                     53.067353413503703
                                                 ],
                                                 [
                                                     -4.34044950394143,
                                                     53.067364416547285
                                                 ],
                                                 [
                                                     -4.340451712397311,
                                                     53.067370676774125
                                                 ],
                                                 [
                                                     -4.34045180044867,
                                                     53.067370924095897
                                                 ],
                                                 [
                                                     -4.340455657995606,
                                                     53.067371866873394
                                                 ],
                                                 [
                                                     -4.340462432217388,
                                                     53.067373523688637
                                                 ],
                                                 [
                                                     -4.340495298129923,
                                                     53.067356260326825
                                                 ],
                                                 [
                                                     -4.34050827367326,
                                                     53.067346949074597
                                                 ],
                                                 [
                                                     -4.340510509268269,
                                                     53.067345344213045
                                                 ],
                                                 [
                                                     -4.340514744830948,
                                                     53.067342303665178
                                                 ],
                                                 [
                                                     -4.340524350736083,
                                                     53.067339255425672
                                                 ],
                                                 [
                                                     -4.340527194669971,
                                                     53.067338353386852
                                                 ],
                                                 [
                                                     -4.340528113296582,
                                                     53.067338061976329
                                                 ],
                                                 [
                                                     -4.340534855348934,
                                                     53.067339180851071
                                                 ],
                                                 [
                                                     -4.340587285462897,
                                                     53.067347880958401
                                                 ],
                                                 [
                                                     -4.34059241281763,
                                                     53.067348732204934
                                                 ],
                                                 [
                                                     -4.340595537114563,
                                                     53.067350026577493
                                                 ],
                                                 [
                                                     -4.340610225458515,
                                                     53.067356109506335
                                                 ],
                                                 [
                                                     -4.340615067653657,
                                                     53.067358115432569
                                                 ],
                                                 [
                                                     -4.340622492959553,
                                                     53.067363216518835
                                                 ],
                                                 [
                                                     -4.340625905632081,
                                                     53.067365561674187
                                                 ],
                                                 [
                                                     -4.340627983293827,
                                                     53.067366989035172
                                                 ],
                                                 [
                                                     -4.340630064479442,
                                                     53.067372526178566
                                                 ],
                                                 [
                                                     -4.340632524149989,
                                                     53.067379069174436
                                                 ],
                                                 [
                                                     -4.340632502738529,
                                                     53.067385856111123
                                                 ],
                                                 [
                                                     -4.340630829121861,
                                                     53.067390803610635
                                                 ],
                                                 [
                                                     -4.340625560374223,
                                                     53.067393949913765
                                                 ],
                                                 [
                                                     -4.34061196363055,
                                                     53.067393983755665
                                                 ],
                                                 [
                                                     -4.340609257572427,
                                                     53.067394428130953
                                                 ],
                                                 [
                                                     -4.340601704668029,
                                                     53.067395670109725
                                                 ],
                                                 [
                                                     -4.34059578807569,
                                                     53.067396642516172
                                                 ],
                                                 [
                                                     -4.340585512879401,
                                                     53.06740058866275
                                                 ],
                                                 [
                                                     -4.340584951054119,
                                                     53.067404265409692
                                                 ],
                                                 [
                                                     -4.340584355233635,
                                                     53.067408168503434
                                                 ],
                                                 [
                                                     -4.340584078750606,
                                                     53.067409978467623
                                                 ],
                                                 [
                                                     -4.340597094351542,
                                                     53.067420722062295
                                                 ],
                                                 [
                                                     -4.340608081190765,
                                                     53.067429866500078
                                                 ],
                                                 [
                                                     -4.340609073348025,
                                                     53.067430105018317
                                                 ],
                                                 [
                                                     -4.340625260961052,
                                                     53.067433996965995
                                                 ],
                                                 [
                                                     -4.340639574623829,
                                                     53.067437437575883
                                                 ],
                                                 [
                                                     -4.340648627047555,
                                                     53.067453875936508
                                                 ],
                                                 [
                                                     -4.340645964927509,
                                                     53.06746211926491
                                                 ],
                                                 [
                                                     -4.340635653953966,
                                                     53.067486895902206
                                                 ],
                                                 [
                                                     -4.340625406607599,
                                                     53.067498564896162
                                                 ],
                                                 [
                                                     -4.340624298698269,
                                                     53.06750142071057
                                                 ],
                                                 [
                                                     -4.340621657513475,
                                                     53.067508234034435
                                                 ],
                                                 [
                                                     -4.340623118847112,
                                                     53.067517203608844
                                                 ],
                                                 [
                                                     -4.34062318323593,
                                                     53.067517592557159
                                                 ],
                                                 [
                                                     -4.340623405453698,
                                                     53.067518964727554
                                                 ],
                                                 [
                                                     -4.340624081525255,
                                                     53.067520778421425
                                                 ],
                                                 [
                                                     -4.340628862698086,
                                                     53.067533600994807
                                                 ],
                                                 [
                                                     -4.340627185473711,
                                                     53.067534464787734
                                                 ],
                                                 [
                                                     -4.340623192082072,
                                                     53.067536521437482
                                                 ],
                                                 [
                                                     -4.340613281430893,
                                                     53.067538685559384
                                                 ],
                                                 [
                                                     -4.340610161327485,
                                                     53.067539367358009
                                                 ],
                                                 [
                                                     -4.340605529097685,
                                                     53.067540379222244
                                                 ],
                                                 [
                                                     -4.340599655164207,
                                                     53.06754268867126
                                                 ],
                                                 [
                                                     -4.340596382806011,
                                                     53.06754397587278
                                                 ],
                                                 [
                                                     -4.340594877402475,
                                                     53.067544567448316
                                                 ],
                                                 [
                                                     -4.340594449013672,
                                                     53.067548805313649
                                                 ],
                                                 [
                                                     -4.340594118704057,
                                                     53.067552072003338
                                                 ],
                                                 [
                                                     -4.340599818678405,
                                                     53.067556874376457
                                                 ],
                                                 [
                                                     -4.340613980715891,
                                                     53.067560105782995
                                                 ],
                                                 [
                                                     -4.340626706148922,
                                                     53.067565472088134
                                                 ],
                                                 [
                                                     -4.340630907333463,
                                                     53.067568951691086
                                                 ],
                                                 [
                                                     -4.340634434855823,
                                                     53.067571872716272
                                                 ],
                                                 [
                                                     -4.340634402268241,
                                                     53.06757842610304
                                                 ],
                                                 [
                                                     -4.3406240875367,
                                                     53.067581671721435
                                                 ],
                                                 [
                                                     -4.340619644533653,
                                                     53.067583585269965
                                                 ],
                                                 [
                                                     -4.340618045830969,
                                                     53.067584273089096
                                                 ],
                                                 [
                                                     -4.340616114606862,
                                                     53.067585105017379
                                                 ],
                                                 [
                                                     -4.34062640072498,
                                                     53.067595667661841
                                                 ],
                                                 [
                                                     -4.340647836895694,
                                                     53.067605037107114
                                                 ],
                                                 [
                                                     -4.340667392411123,
                                                     53.067613584011092
                                                 ],
                                                 [
                                                     -4.340668633360273,
                                                     53.067617225275434
                                                 ],
                                                 [
                                                     -4.340670165435547,
                                                     53.067621720362993
                                                 ],
                                                 [
                                                     -4.340670089588667,
                                                     53.067626788365189
                                                 ],
                                                 [
                                                     -4.340669997334271,
                                                     53.067632957206271
                                                 ],
                                                 [
                                                     -4.34065023312051,
                                                     53.067647170994306
                                                 ],
                                                 [
                                                     -4.340644569784931,
                                                     53.067651243959155
                                                 ],
                                                 [
                                                     -4.34064309296257,
                                                     53.067653793243743
                                                 ],
                                                 [
                                                     -4.340636752987417,
                                                     53.067664737070992
                                                 ],
                                                 [
                                                     -4.340630009688695,
                                                     53.067674795116432
                                                 ],
                                                 [
                                                     -4.340628485101468,
                                                     53.067677069312836
                                                 ],
                                                 [
                                                     -4.340629995459006,
                                                     53.067678412533454
                                                 ],
                                                 [
                                                     -4.340640274847296,
                                                     53.067687557405947
                                                 ],
                                                 [
                                                     -4.340640326490731,
                                                     53.067687601345213
                                                 ],
                                                 [
                                                     -4.340664208036872,
                                                     53.067698131067196
                                                 ],
                                                 [
                                                     -4.340683481033204,
                                                     53.067702432516874
                                                 ],
                                                 [
                                                     -4.340685339372623,
                                                     53.067703586367429
                                                 ],
                                                 [
                                                     -4.340691521405555,
                                                     53.06770742348963
                                                 ],
                                                 [
                                                     -4.340688645158527,
                                                     53.067711692452257
                                                 ],
                                                 [
                                                     -4.340683387164574,
                                                     53.067712781372244
                                                 ],
                                                 [
                                                     -4.340668665684473,
                                                     53.067715830509016
                                                 ],
                                                 [
                                                     -4.340653897021607,
                                                     53.067722907705679
                                                 ],
                                                 [
                                                     -4.340659327475904,
                                                     53.067737076959268
                                                 ],
                                                 [
                                                     -4.340672985998193,
                                                     53.067752487782052
                                                 ],
                                                 [
                                                     -4.340682821085169,
                                                     53.067761889551463
                                                 ],
                                                 [
                                                     -4.340682341403803,
                                                     53.067774536943823
                                                 ],
                                                 [
                                                     -4.340667210309048,
                                                     53.067786160004637
                                                 ],
                                                 [
                                                     -4.340661079899035,
                                                     53.067790868845861
                                                 ],
                                                 [
                                                     -4.340663499228537,
                                                     53.067796144883737
                                                 ],
                                                 [
                                                     -4.340664164568137,
                                                     53.067797595546416
                                                 ],
                                                 [
                                                     -4.340673923554138,
                                                     53.067805594397861
                                                 ],
                                                 [
                                                     -4.340696203624994,
                                                     53.067815218757637
                                                 ],
                                                 [
                                                     -4.3407047615316,
                                                     53.067822539937787
                                                 ],
                                                 [
                                                     -4.34070424093313,
                                                     53.067827389217868
                                                 ],
                                                 [
                                                     -4.340703727780784,
                                                     53.067832155632864
                                                 ],
                                                 [
                                                     -4.340696081852362,
                                                     53.067891749269982
                                                 ],
                                                 [
                                                     -4.340697586400197,
                                                     53.067895929309813
                                                 ],
                                                 [
                                                     -4.340717583968853,
                                                     53.067951472303001
                                                 ],
                                                 [
                                                     -4.340720235443602,
                                                     53.067989972338111
                                                 ],
                                                 [
                                                     -4.340720490367328,
                                                     53.067993680662596
                                                 ],
                                                 [
                                                     -4.340710269467285,
                                                     53.068130232521185
                                                 ],
                                                 [
                                                     -4.340687619482878,
                                                     53.068185991841595
                                                 ],
                                                 [
                                                     -4.340697989299772,
                                                     53.068231579627813
                                                 ],
                                                 [
                                                     -4.340651220829042,
                                                     53.068315758121273
                                                 ],
                                                 [
                                                     -4.340647475542619,
                                                     53.068392553255372
                                                 ],
                                                 [
                                                     -4.340621533347103,
                                                     53.068460272638042
                                                 ],
                                                 [
                                                     -4.340629900269456,
                                                     53.068560017534182
                                                 ],
                                                 [
                                                     -4.340668133727376,
                                                     53.068609345683377
                                                 ],
                                                 [
                                                     -4.340702427485693,
                                                     53.068630078611257
                                                 ],
                                                 [
                                                     -4.340695922582133,
                                                     53.06864114886389
                                                 ],
                                                 [
                                                     -4.340649806620749,
                                                     53.068650139566195
                                                 ],
                                                 [
                                                     -4.340667271697716,
                                                     53.068702690705592
                                                 ],
                                                 [
                                                     -4.340637704288985,
                                                     53.068703866068425
                                                 ],
                                                 [
                                                     -4.34064332691352,
                                                     53.068689189754018
                                                 ],
                                                 [
                                                     -4.340629906511825,
                                                     53.068678448735525
                                                 ],
                                                 [
                                                     -4.340576810582372,
                                                     53.068673244907338
                                                 ],
                                                 [
                                                     -4.34055908349818,
                                                     53.068674196206828
                                                 ],
                                                 [
                                                     -4.34055007350072,
                                                     53.068699350926963
                                                 ],
                                                 [
                                                     -4.340529740301721,
                                                     53.068697665162006
                                                 ],
                                                 [
                                                     -4.340514941788284,
                                                     53.068652164525517
                                                 ],
                                                 [
                                                     -4.340457790271212,
                                                     53.068654476136381
                                                 ],
                                                 [
                                                     -4.340399372286483,
                                                     53.068642246994202
                                                 ],
                                                 [
                                                     -4.340414480778124,
                                                     53.068620541750548
                                                 ],
                                                 [
                                                     -4.340412529485763,
                                                     53.068602732735727
                                                 ],
                                                 [
                                                     -4.340438038598112,
                                                     53.068626911396407
                                                 ],
                                                 [
                                                     -4.340459928401325,
                                                     53.068630050080486
                                                 ],
                                                 [
                                                     -4.34052781631544,
                                                     53.068616522007773
                                                 ],
                                                 [
                                                     -4.340538721586322,
                                                     53.068599062370005
                                                 ],
                                                 [
                                                     -4.340528851514571,
                                                     53.068581121490283
                                                 ],
                                                 [
                                                     -4.340485507050117,
                                                     53.068582864669672
                                                 ],
                                                 [
                                                     -4.340482360874871,
                                                     53.068597788946043
                                                 ],
                                                 [
                                                     -4.340468157621579,
                                                     53.068599857711632
                                                 ],
                                                 [
                                                     -4.340245367646704,
                                                     53.068506346577863
                                                 ],
                                                 [
                                                     -4.340159761769716,
                                                     53.068500901181729
                                                 ],
                                                 [
                                                     -4.340139598825058,
                                                     53.068434925339254
                                                 ],
                                                 [
                                                     -4.340019574845078,
                                                     53.068308462012467
                                                 ],
                                                 [
                                                     -4.339943277775478,
                                                     53.068135831835136
                                                 ],
                                                 [
                                                     -4.339902443808842,
                                                     53.067918249447466
                                                 ],
                                                 [
                                                     -4.339869108300081,
                                                     53.067827914994737
                                                 ],
                                                 [
                                                     -4.339860977346012,
                                                     53.067652388063856
                                                 ],
                                                 [
                                                     -4.339887904922589,
                                                     53.067584658448474
                                                 ],
                                                 [
                                                     -4.339930412283017,
                                                     53.06753089121819
                                                 ],
                                                 [
                                                     -4.339995985760751,
                                                     53.067483800082734
                                                 ],
                                                 [
                                                     -4.340078932079801,
                                                     53.067447677914451
                                                 ],
                                                 [
                                                     -4.340117760214498,
                                                     53.067398739325348
                                                 ],
                                                 [
                                                     -4.340205478002061,
                                                     53.067395826367317
                                                 ],
                                                 [
                                                     -4.340199947681939,
                                                     53.067366794901645
                                                 ],
                                                 [
                                                     -4.34021841829236,
                                                     53.067343234277011
                                                 ],
                                                 [
                                                     -4.340133685173149,
                                                     53.067346681928825
                                                 ],
                                                 [
                                                     -4.340117250201977,
                                                     53.067316678209608
                                                 ],
                                                 [
                                                     -4.340147528131126,
                                                     53.067292291837525
                                                 ],
                                                 [
                                                     -4.340189130155529,
                                                     53.067276610822361
                                                 ],
                                                 [
                                                     -4.340195421664362,
                                                     53.067265185148251
                                                 ],
                                                 [
                                                     -4.340134850811652,
                                                     53.067277076536435
                                                 ],
                                                 [
                                                     -4.340068506973963,
                                                     53.067273625716567
                                                 ],
                                                 [
                                                     -4.340037587773378,
                                                     53.06723141830085
                                                 ],
                                                 [
                                                     -4.33992296984371,
                                                     53.067156952182451
                                                 ],
                                                 [
                                                     -4.339907984663744,
                                                     53.067153677549676
                                                 ],
                                                 [
                                                     -4.339836380087741,
                                                     53.06718065723652
                                                 ],
                                                 [
                                                     -4.339825460510546,
                                                     53.067179685253294
                                                 ],
                                                 [
                                                     -4.339807475944764,
                                                     53.06715743537324
                                                 ],
                                                 [
                                                     -4.339774957653451,
                                                     53.067158677581027
                                                 ],
                                                 [
                                                     -4.339771908245321,
                                                     53.067175389173862
                                                 ],
                                                 [
                                                     -4.339805826605059,
                                                     53.067218131062731
                                                 ],
                                                 [
                                                     -4.339844871014711,
                                                     53.067319061660839
                                                 ],
                                                 [
                                                     -4.339863236123185,
                                                     53.067420992542573
                                                 ],
                                                 [
                                                     -4.339865201502176,
                                                     53.067457233131478
                                                 ],
                                                 [
                                                     -4.339853666686844,
                                                     53.067481250648548
                                                 ],
                                                 [
                                                     -4.339822017582035,
                                                     53.067498524954033
                                                 ],
                                                 [
                                                     -4.33974697679923,
                                                     53.067516652975911
                                                 ],
                                                 [
                                                     -4.339400214049372,
                                                     53.067585927381302
                                                 ],
                                                 [
                                                     -4.339262651078123,
                                                     53.067598146032061
                                                 ],
                                                 [
                                                     -4.339216470712827,
                                                     53.067584183070636
                                                 ],
                                                 [
                                                     -4.339139206794735,
                                                     53.067579759697821
                                                 ],
                                                 [
                                                     -4.339030157570095,
                                                     53.067644348067695
                                                 ],
                                                 [
                                                     -4.33897384475503,
                                                     53.067662107241482
                                                 ],
                                                 [
                                                     -4.338953197744645,
                                                     53.067663709149585
                                                 ],
                                                 [
                                                     -4.338928985788569,
                                                     53.067654070314113
                                                 ],
                                                 [
                                                     -4.338916423344664,
                                                     53.067622794450621
                                                 ],
                                                 [
                                                     -4.33900729193754,
                                                     53.067568678805088
                                                 ],
                                                 [
                                                     -4.339018164953253,
                                                     53.067550617535261
                                                 ],
                                                 [
                                                     -4.338994601335036,
                                                     53.067516590979388
                                                 ],
                                                 [
                                                     -4.338979039840018,
                                                     53.067466339863458
                                                 ],
                                                 [
                                                     -4.338950411666572,
                                                     53.067430030257512
                                                 ],
                                                 [
                                                     -4.33891936396184,
                                                     53.067403883264845
                                                 ],
                                                 [
                                                     -4.338890280825524,
                                                     53.067395527057982
                                                 ],
                                                 [
                                                     -4.338874004117408,
                                                     53.067404775381391
                                                 ],
                                                 [
                                                     -4.338867211078368,
                                                     53.067425130057309
                                                 ],
                                                 [
                                                     -4.338911504376103,
                                                     53.067440910512367
                                                 ],
                                                 [
                                                     -4.338942440787735,
                                                     53.067465279450204
                                                 ],
                                                 [
                                                     -4.338951069383596,
                                                     53.067478785268257
                                                 ],
                                                 [
                                                     -4.338939695649979,
                                                     53.067487334762298
                                                 ],
                                                 [
                                                     -4.338768596988478,
                                                     53.067518653242871
                                                 ],
                                                 [
                                                     -4.338752839129688,
                                                     53.067501124720629
                                                 ],
                                                 [
                                                     -4.338783765887065,
                                                     53.067452341971709
                                                 ],
                                                 [
                                                     -4.338778507977369,
                                                     53.067446493241796
                                                 ],
                                                 [
                                                     -4.338745037422596,
                                                     53.067448347308634
                                                 ],
                                                 [
                                                     -4.338665622198574,
                                                     53.06749510754333
                                                 ],
                                                 [
                                                     -4.338661845734046,
                                                     53.067516589714067
                                                 ],
                                                 [
                                                     -4.338684780401497,
                                                     53.067538742415302
                                                 ],
                                                 [
                                                     -4.338728121742317,
                                                     53.06755513507504
                                                 ],
                                                 [
                                                     -4.338723586572535,
                                                     53.067580795066405
                                                 ],
                                                 [
                                                     -4.338700920927412,
                                                     53.06759968163604
                                                 ],
                                                 [
                                                     -4.338690962251484,
                                                     53.0676712401591
                                                 ],
                                                 [
                                                     -4.338543096843959,
                                                     53.067784765941703
                                                 ],
                                                 [
                                                     -4.338537950106356,
                                                     53.067799145079007
                                                 ],
                                                 [
                                                     -4.338539417173298,
                                                     53.067808035440272
                                                 ],
                                                 [
                                                     -4.338600339202726,
                                                     53.067838953776743
                                                 ],
                                                 [
                                                     -4.33860126841113,
                                                     53.067910900584188
                                                 ],
                                                 [
                                                     -4.3386156556686,
                                                     53.067921317114518
                                                 ],
                                                 [
                                                     -4.338681081012169,
                                                     53.067925982636858
                                                 ],
                                                 [
                                                     -4.338767300261392,
                                                     53.067913578603161
                                                 ],
                                                 [
                                                     -4.338788333971615,
                                                     53.067919108088383
                                                 ],
                                                 [
                                                     -4.338804282000861,
                                                     53.067976490588677
                                                 ],
                                                 [
                                                     -4.338797295559415,
                                                     53.067993279579028
                                                 ],
                                                 [
                                                     -4.338697870940566,
                                                     53.068108226529148
                                                 ],
                                                 [
                                                     -4.338700549411463,
                                                     53.06826696636525
                                                 ],
                                                 [
                                                     -4.338712016957374,
                                                     53.068278042709117
                                                 ],
                                                 [
                                                     -4.338819510164502,
                                                     53.068312207966613
                                                 ],
                                                 [
                                                     -4.338846349852354,
                                                     53.068333690424375
                                                 ],
                                                 [
                                                     -4.338870314382199,
                                                     53.068393279923917
                                                 ],
                                                 [
                                                     -4.338888621776975,
                                                     53.068403034900527
                                                 ],
                                                 [
                                                     -4.338921978512516,
                                                     53.068417241213226
                                                 ],
                                                 [
                                                     -4.339004519202443,
                                                     53.068428106504165
                                                 ],
                                                 [
                                                     -4.339028584966273,
                                                     53.068453212962382
                                                 ],
                                                 [
                                                     -4.339013241329414,
                                                     53.068479678962575
                                                 ],
                                                 [
                                                     -4.339020481761888,
                                                     53.068503920525437
                                                 ],
                                                 [
                                                     -4.339079937067665,
                                                     53.068544380097983
                                                 ],
                                                 [
                                                     -4.339085646063035,
                                                     53.068558545737936
                                                 ],
                                                 [
                                                     -4.339080305620559,
                                                     53.068569350234384
                                                 ],
                                                 [
                                                     -4.339060706622202,
                                                     53.06857211837449
                                                 ],
                                                 [
                                                     -4.339035448871017,
                                                     53.068543474875881
                                                 ],
                                                 [
                                                     -4.339010445542106,
                                                     53.068537421101254
                                                 ],
                                                 [
                                                     -4.338994747473571,
                                                     53.068575798337861
                                                 ],
                                                 [
                                                     -4.339022911054022,
                                                     53.068585350450149
                                                 ],
                                                 [
                                                     -4.339066686892253,
                                                     53.068627907654914
                                                 ],
                                                 [
                                                     -4.339167986019939,
                                                     53.06865683571575
                                                 ],
                                                 [
                                                     -4.339181728099996,
                                                     53.06864901285693
                                                 ],
                                                 [
                                                     -4.33920291496843,
                                                     53.068602570472393
                                                 ],
                                                 [
                                                     -4.339198064876441,
                                                     53.06857506307437
                                                 ],
                                                 [
                                                     -4.339209872541084,
                                                     53.068574237403666
                                                 ],
                                                 [
                                                     -4.33923947175588,
                                                     53.068592096012694
                                                 ],
                                                 [
                                                     -4.339245308592274,
                                                     53.068627064627911
                                                 ],
                                                 [
                                                     -4.339218204580181,
                                                     53.068673398631979
                                                 ],
                                                 [
                                                     -4.339266143128226,
                                                     53.068701595954956
                                                 ],
                                                 [
                                                     -4.339274965415946,
                                                     53.068718667422573
                                                 ],
                                                 [
                                                     -4.339250151612966,
                                                     53.068770899526804
                                                 ],
                                                 [
                                                     -4.339186060179637,
                                                     53.068809032865886
                                                 ],
                                                 [
                                                     -4.339168347427443,
                                                     53.068809974684171
                                                 ],
                                                 [
                                                     -4.339122799425891,
                                                     53.068753183434481
                                                 ],
                                                 [
                                                     -4.339074391926594,
                                                     53.068734507903187
                                                 ],
                                                 [
                                                     -4.339101557739579,
                                                     53.068707206960333
                                                 ],
                                                 [
                                                     -4.339049875558882,
                                                     53.068701093512658
                                                 ],
                                                 [
                                                     -4.339035161533122,
                                                     53.068721001581274
                                                 ],
                                                 [
                                                     -4.339054205819865,
                                                     53.068799137635345
                                                 ],
                                                 [
                                                     -4.339064674518906,
                                                     53.068810233592252
                                                 ],
                                                 [
                                                     -4.339176232261711,
                                                     53.068846098839806
                                                 ],
                                                 [
                                                     -4.339184875015014,
                                                     53.068896477024765
                                                 ],
                                                 [
                                                     -4.339212245081886,
                                                     53.068945902422207
                                                 ],
                                                 [
                                                     -4.339337077610223,
                                                     53.069095810761887
                                                 ],
                                                 [
                                                     -4.339419650165084,
                                                     53.069161745877068
                                                 ],
                                                 [
                                                     -4.339443690977934,
                                                     53.069167935387881
                                                 ],
                                                 [
                                                     -4.339532745340803,
                                                     53.069164277374185
                                                 ],
                                                 [
                                                     -4.339534283321413,
                                                     53.069134279650221
                                                 ],
                                                 [
                                                     -4.339558455181263,
                                                     53.069128571282171
                                                 ],
                                                 [
                                                     -4.339631473234704,
                                                     53.069178519156054
                                                 ],
                                                 [
                                                     -4.339656366456683,
                                                     53.069186112454489
                                                 ],
                                                 [
                                                     -4.33968869924434,
                                                     53.069184999818113
                                                 ],
                                                 [
                                                     -4.33971601667086,
                                                     53.069200133932689
                                                 ],
                                                 [
                                                     -4.339718987822783,
                                                     53.069219136694279
                                                 ],
                                                 [
                                                     -4.339704774938888,
                                                     53.069233694248936
                                                 ],
                                                 [
                                                     -4.339563985443934,
                                                     53.069274047017203
                                                 ],
                                                 [
                                                     -4.339564681442569,
                                                     53.06928688166321
                                                 ],
                                                 [
                                                     -4.339574253713147,
                                                     53.069288599471143
                                                 ],
                                                 [
                                                     -4.339630045144797,
                                                     53.069283213107198
                                                 ],
                                                 [
                                                     -4.339618575009733,
                                                     53.069304855656704
                                                 ],
                                                 [
                                                     -4.339523764178471,
                                                     53.069319083671083
                                                 ],
                                                 [
                                                     -4.339495761141239,
                                                     53.069356273447923
                                                 ],
                                                 [
                                                     -4.339499798641964,
                                                     53.069372369080746
                                                 ],
                                                 [
                                                     -4.339617800281227,
                                                     53.069479955354659
                                                 ],
                                                 [
                                                     -4.339703408675655,
                                                     53.069529178964423
                                                 ],
                                                 [
                                                     -4.339721852298275,
                                                     53.069632268153676
                                                 ],
                                                 [
                                                     -4.339710190400504,
                                                     53.06997325276641
                                                 ],
                                                 [
                                                     -4.339740874005099,
                                                     53.070174859806642
                                                 ],
                                                 [
                                                     -4.339747234794018,
                                                     53.070338661100564
                                                 ],
                                                 [
                                                     -4.3397392587814,
                                                     53.070436569676858
                                                 ],
                                                 [
                                                     -4.339683668685787,
                                                     53.070649386662424
                                                 ],
                                                 [
                                                     -4.339697072368557,
                                                     53.070896532101344
                                                 ],
                                                 [
                                                     -4.339631758807778,
                                                     53.071076237164206
                                                 ],
                                                 [
                                                     -4.339608194353317,
                                                     53.071224191358148
                                                 ],
                                                 [
                                                     -4.339505627107031,
                                                     53.071445071343994
                                                 ],
                                                 [
                                                     -4.339416316850214,
                                                     53.07169185465321
                                                 ],
                                                 [
                                                     -4.339312989144849,
                                                     53.072117333695985
                                                 ],
                                                 [
                                                     -4.339245159309865,
                                                     53.072203894866355
                                                 ],
                                                 [
                                                     -4.339219257019231,
                                                     53.072275182563807
                                                 ],
                                                 [
                                                     -4.339244459732486,
                                                     53.072295609213157
                                                 ],
                                                 [
                                                     -4.339278999625094,
                                                     53.072291657053086
                                                 ],
                                                 [
                                                     -4.33929676231477,
                                                     53.072279772037277
                                                 ],
                                                 [
                                                     -4.339316183338567,
                                                     53.07224423468702
                                                 ],
                                                 [
                                                     -4.339355557242847,
                                                     53.072214077161817
                                                 ],
                                                 [
                                                     -4.339390159301784,
                                                     53.072198884826697
                                                 ],
                                                 [
                                                     -4.339444507893254,
                                                     53.072192699781667
                                                 ],
                                                 [
                                                     -4.339478332228153,
                                                     53.072196476032936
                                                 ],
                                                 [
                                                     -4.339590297145285,
                                                     53.072231146112877
                                                 ],
                                                 [
                                                     -4.339740272847481,
                                                     53.072249612520736
                                                 ],
                                                 [
                                                     -4.339820558036132,
                                                     53.072283709817427
                                                 ],
                                                 [
                                                     -4.339837158709612,
                                                     53.072310680298095
                                                 ],
                                                 [
                                                     -4.339829583240213,
                                                     53.072382120058371
                                                 ],
                                                 [
                                                     -4.339818488982796,
                                                     53.072407126892301
                                                 ],
                                                 [
                                                     -4.339784553729016,
                                                     53.072430209441166
                                                 ],
                                                 [
                                                     -4.339709542048632,
                                                     53.072452059110923
                                                 ],
                                                 [
                                                     -4.339424864279508,
                                                     53.072483445915616
                                                 ],
                                                 [
                                                     -4.339384406964069,
                                                     53.072495831316203
                                                 ],
                                                 [
                                                     -4.339363128665178,
                                                     53.072513638726655
                                                 ],
                                                 [
                                                     -4.339353703512756,
                                                     53.072534467768904
                                                 ],
                                                 [
                                                     -4.339361126720938,
                                                     53.072560135299788
                                                 ],
                                                 [
                                                     -4.339473046359524,
                                                     53.072721131832338
                                                 ],
                                                 [
                                                     -4.339612319137414,
                                                     53.072829873154312
                                                 ],
                                                 [
                                                     -4.339746820697666,
                                                     53.072909262217031
                                                 ],
                                                 [
                                                     -4.339796462694927,
                                                     53.072947576831112
                                                 ],
                                                 [
                                                     -4.33992947869188,
                                                     53.073142405130476
                                                 ],
                                                 [
                                                     -4.339991379902989,
                                                     53.073159565083493
                                                 ],
                                                 [
                                                     -4.340091277420082,
                                                     53.073153364673338
                                                 ],
                                                 [
                                                     -4.340239508786119,
                                                     53.073179516256893
                                                 ],
                                                 [
                                                     -4.340319614237258,
                                                     53.073201730485522
                                                 ],
                                                 [
                                                     -4.340399607658731,
                                                     53.07324058945796
                                                 ],
                                                 [
                                                     -4.340428170422483,
                                                     53.073270093725817
                                                 ],
                                                 [
                                                     -4.340437379481692,
                                                     53.073300320519564
                                                 ],
                                                 [
                                                     -4.340392435874636,
                                                     53.073448506746644
                                                 ],
                                                 [
                                                     -4.340403196023472,
                                                     53.07346494658119
                                                 ],
                                                 [
                                                     -4.34044035755302,
                                                     53.073463621858615
                                                 ],
                                                 [
                                                     -4.340470794950985,
                                                     53.073443476138493
                                                 ],
                                                 [
                                                     -4.340508317812427,
                                                     53.073436704646447
                                                 ],
                                                 [
                                                     -4.340652464281971,
                                                     53.073436250422915
                                                 ],
                                                 [
                                                     -4.341072944318986,
                                                     53.073505288951281
                                                 ],
                                                 [
                                                     -4.341105753196723,
                                                     53.073531319818869
                                                 ],
                                                 [
                                                     -4.341121625258583,
                                                     53.073632040781064
                                                 ],
                                                 [
                                                     -4.341090155270457,
                                                     53.0736889987258
                                                 ],
                                                 [
                                                     -4.340995304047767,
                                                     53.073739238122911
                                                 ],
                                                 [
                                                     -4.340917538308372,
                                                     53.073761538357381
                                                 ],
                                                 [
                                                     -4.340682125920442,
                                                     53.073792219130183
                                                 ],
                                                 [
                                                     -4.340586568885935,
                                                     53.07383441602834
                                                 ],
                                                 [
                                                     -4.340464863223882,
                                                     53.073909774252733
                                                 ],
                                                 [
                                                     -4.340446665081614,
                                                     53.073940054877987
                                                 ],
                                                 [
                                                     -4.340462298746299,
                                                     53.073978624885811
                                                 ],
                                                 [
                                                     -4.3404509163324,
                                                     53.074024460912078
                                                 ],
                                                 [
                                                     -4.340197264356049,
                                                     53.074356576771301
                                                 ],
                                                 [
                                                     -4.340191006652862,
                                                     53.074396161991857
                                                 ],
                                                 [
                                                     -4.34020888010216,
                                                     53.074447122695958
                                                 ],
                                                 [
                                                     -4.340209437973293,
                                                     53.074500608965693
                                                 ],
                                                 [
                                                     -4.340168672989073,
                                                     53.07461219984836
                                                 ],
                                                 [
                                                     -4.340143641909749,
                                                     53.074645330192325
                                                 ],
                                                 [
                                                     -4.34011911322498,
                                                     53.07465910172585
                                                 ],
                                                 [
                                                     -4.33995589356688,
                                                     53.074661683804962
                                                 ],
                                                 [
                                                     -4.339940064861354,
                                                     53.07466905327324
                                                 ],
                                                 [
                                                     -4.339943466494188,
                                                     53.074689926695783
                                                 ],
                                                 [
                                                     -4.339996868187268,
                                                     53.074712190020129
                                                 ],
                                                 [
                                                     -4.340035109202727,
                                                     53.07474285262915
                                                 ],
                                                 [
                                                     -4.340068133780036,
                                                     53.07478826442069
                                                 ],
                                                 [
                                                     -4.340063674570954,
                                                     53.074810092719915
                                                 ],
                                                 [
                                                     -4.340016037484916,
                                                     53.074869049793861
                                                 ],
                                                 [
                                                     -4.339839697024883,
                                                     53.075011504172188
                                                 ],
                                                 [
                                                     -4.33973994404352,
                                                     53.075142102795901
                                                 ],
                                                 [
                                                     -4.339651752010564,
                                                     53.075231798017228
                                                 ],
                                                 [
                                                     -4.339610855355863,
                                                     53.07530824493486
                                                 ],
                                                 [
                                                     -4.339621379816908,
                                                     53.075582096582167
                                                 ],
                                                 [
                                                     -4.339673623233396,
                                                     53.075672166983097
                                                 ],
                                                 [
                                                     -4.339665863408168,
                                                     53.075770772526226
                                                 ],
                                                 [
                                                     -4.339685884915543,
                                                     53.075824451318688
                                                 ],
                                                 [
                                                     -4.339775462373828,
                                                     53.075946604846024
                                                 ],
                                                 [
                                                     -4.339772194535014,
                                                     53.076005812796375
                                                 ],
                                                 [
                                                     -4.339730438944902,
                                                     53.076099737416826
                                                 ],
                                                 [
                                                     -4.339511399212261,
                                                     53.076431143667165
                                                 ],
                                                 [
                                                     -4.339348822581117,
                                                     53.076602062120344
                                                 ],
                                                 [
                                                     -4.339139012946853,
                                                     53.076848832388478
                                                 ],
                                                 [
                                                     -4.338970316406998,
                                                     53.077152813476822
                                                 ],
                                                 [
                                                     -4.338945095912577,
                                                     53.077242789173759
                                                 ],
                                                 [
                                                     -4.338840052198888,
                                                     53.077437858464862
                                                 ],
                                                 [
                                                     -4.338816858658678,
                                                     53.077464173047915
                                                 ],
                                                 [
                                                     -4.338723259457018,
                                                     53.077523107284449
                                                 ],
                                                 [
                                                     -4.338679268446214,
                                                     53.077561555229863
                                                 ],
                                                 [
                                                     -4.3385144220616,
                                                     53.077733155451526
                                                 ],
                                                 [
                                                     -4.338458548258877,
                                                     53.077813780558095
                                                 ],
                                                 [
                                                     -4.338441242785752,
                                                     53.077888117784127
                                                 ],
                                                 [
                                                     -4.338408505381032,
                                                     53.077919340270263
                                                 ],
                                                 [
                                                     -4.338367063405427,
                                                     53.078166466967538
                                                 ],
                                                 [
                                                     -4.33837880734366,
                                                     53.078217566408526
                                                 ],
                                                 [
                                                     -4.338452482946689,
                                                     53.078466907324142
                                                 ],
                                                 [
                                                     -4.338421342371687,
                                                     53.078574127369542
                                                 ],
                                                 [
                                                     -4.338352140001595,
                                                     53.078687634264305
                                                 ],
                                                 [
                                                     -4.338271004767286,
                                                     53.07876804561387
                                                 ],
                                                 [
                                                     -4.338126881932263,
                                                     53.078876398819745
                                                 ],
                                                 [
                                                     -4.337939880653695,
                                                     53.078972989163084
                                                 ],
                                                 [
                                                     -4.337863236785968,
                                                     53.079034916092759
                                                 ],
                                                 [
                                                     -4.337796325841309,
                                                     53.079054663113126
                                                 ],
                                                 [
                                                     -4.337709608382392,
                                                     53.079065727354205
                                                 ],
                                                 [
                                                     -4.337665898450249,
                                                     53.079078553659365
                                                 ],
                                                 [
                                                     -4.337578852069794,
                                                     53.079134238223446
                                                 ],
                                                 [
                                                     -4.337550585992815,
                                                     53.079190134127856
                                                 ],
                                                 [
                                                     -4.337587394794463,
                                                     53.079270636495146
                                                 ],
                                                 [
                                                     -4.337637753731045,
                                                     53.079326758337956
                                                 ],
                                                 [
                                                     -4.33768126063065,
                                                     53.079354530958007
                                                 ],
                                                 [
                                                     -4.337742757034478,
                                                     53.079359391244118
                                                 ],
                                                 [
                                                     -4.337806813397838,
                                                     53.079335177833485
                                                 ],
                                                 [
                                                     -4.337844750690775,
                                                     53.079302621537856
                                                 ],
                                                 [
                                                     -4.337882373306949,
                                                     53.079208347350395
                                                 ],
                                                 [
                                                     -4.337914009848471,
                                                     53.079172767988702
                                                 ],
                                                 [
                                                     -4.3379813849591,
                                                     53.079126326122967
                                                 ],
                                                 [
                                                     -4.338051088083779,
                                                     53.079099969580447
                                                 ],
                                                 [
                                                     -4.338173380443903,
                                                     53.079080257570745
                                                 ],
                                                 [
                                                     -4.338336215412531,
                                                     53.079072749520392
                                                 ],
                                                 [
                                                     -4.338473057075857,
                                                     53.079110986670024
                                                 ],
                                                 [
                                                     -4.338537594835899,
                                                     53.07914357831244
                                                 ],
                                                 [
                                                     -4.338596697990977,
                                                     53.079202333059897
                                                 ],
                                                 [
                                                     -4.338628663585799,
                                                     53.079279118114471
                                                 ],
                                                 [
                                                     -4.338647958008525,
                                                     53.079502761597432
                                                 ],
                                                 [
                                                     -4.338640437999524,
                                                     53.079521584029379
                                                 ],
                                                 [
                                                     -4.338608131957931,
                                                     53.079537926751861
                                                 ],
                                                 [
                                                     -4.338439532356869,
                                                     53.07954434368893
                                                 ],
                                                 [
                                                     -4.338406226220719,
                                                     53.079560418302798
                                                 ],
                                                 [
                                                     -4.338398363415027,
                                                     53.079577602082281
                                                 ],
                                                 [
                                                     -4.338415569090615,
                                                     53.079606880565279
                                                 ],
                                                 [
                                                     -4.338459727366058,
                                                     53.079641419407004
                                                 ],
                                                 [
                                                     -4.338487594119108,
                                                     53.079643712699543
                                                 ],
                                                 [
                                                     -4.338553571691687,
                                                     53.079624640001065
                                                 ],
                                                 [
                                                     -4.338596897263812,
                                                     53.079623994913128
                                                 ],
                                                 [
                                                     -4.338672488234312,
                                                     53.079660774803486
                                                 ],
                                                 [
                                                     -4.338713607606014,
                                                     53.079693512144566
                                                 ],
                                                 [
                                                     -4.338745216355664,
                                                     53.07974773646135
                                                 ],
                                                 [
                                                     -4.338784519305708,
                                                     53.079905567048449
                                                 ],
                                                 [
                                                     -4.338783758956059,
                                                     53.079992867836324
                                                 ],
                                                 [
                                                     -4.338740853762751,
                                                     53.080061019075302
                                                 ],
                                                 [
                                                     -4.338648587445484,
                                                     53.080126463520081
                                                 ],
                                                 [
                                                     -4.338620568433417,
                                                     53.080204248205966
                                                 ],
                                                 [
                                                     -4.338550864973773,
                                                     53.080274131102279
                                                 ],
                                                 [
                                                     -4.338485916796705,
                                                     53.08030091591575
                                                 ],
                                                 [
                                                     -4.338376623072969,
                                                     53.080325245844179
                                                 ],
                                                 [
                                                     -4.33829888180816,
                                                     53.080333643474098
                                                 ],
                                                 [
                                                     -4.338231541815599,
                                                     53.080330363898263
                                                 ],
                                                 [
                                                     -4.338172394235883,
                                                     53.080288710958854
                                                 ],
                                                 [
                                                     -4.338139889153322,
                                                     53.080233371235792
                                                 ],
                                                 [
                                                     -4.338080079928926,
                                                     53.079855625094446
                                                 ],
                                                 [
                                                     -4.338037734987876,
                                                     53.079819279216004
                                                 ],
                                                 [
                                                     -4.338010699145136,
                                                     53.07980807726269
                                                 ],
                                                 [
                                                     -4.337977091601044,
                                                     53.07981088677974
                                                 ],
                                                 [
                                                     -4.337966084105613,
                                                     53.079827080382813
                                                 ],
                                                 [
                                                     -4.338028626167241,
                                                     53.079910430459982
                                                 ],
                                                 [
                                                     -4.338045682996047,
                                                     53.079959825062609
                                                 ],
                                                 [
                                                     -4.33802848351469,
                                                     53.080038898430836
                                                 ],
                                                 [
                                                     -4.337985063600631,
                                                     53.080090416935811
                                                 ],
                                                 [
                                                     -4.337951771856885,
                                                     53.080110348324787
                                                 ],
                                                 [
                                                     -4.337913726414214,
                                                     53.080116958391272
                                                 ],
                                                 [
                                                     -4.337798167021813,
                                                     53.080119077003722
                                                 ],
                                                 [
                                                     -4.337648615589085,
                                                     53.080090196871929
                                                 ],
                                                 [
                                                     -4.337614479968127,
                                                     53.080106683169085
                                                 ],
                                                 [
                                                     -4.337631274985718,
                                                     53.08014519472318
                                                 ],
                                                 [
                                                     -4.337733538953244,
                                                     53.080238814326044
                                                 ],
                                                 [
                                                     -4.337749201068386,
                                                     53.080272124289493
                                                 ],
                                                 [
                                                     -4.337756500930357,
                                                     53.08031258471614
                                                 ],
                                                 [
                                                     -4.337728923207188,
                                                     53.080415895287857
                                                 ],
                                                 [
                                                     -4.337733335368837,
                                                     53.080467264757345
                                                 ],
                                                 [
                                                     -4.337733300535773,
                                                     53.080584239937394
                                                 ],
                                                 [
                                                     -4.337605592544259,
                                                     53.080720915496663
                                                 ],
                                                 [
                                                     -4.337593170167812,
                                                     53.080753986229389
                                                 ],
                                                 [
                                                     -4.337590268113598,
                                                     53.080875369456002
                                                 ],
                                                 [
                                                     -4.337616887308899,
                                                     53.081060405040766
                                                 ],
                                                 [
                                                     -4.337578112134525,
                                                     53.081084696886037
                                                 ],
                                                 [
                                                     -4.337565197028215,
                                                     53.081113362656694
                                                 ],
                                                 [
                                                     -4.337681301971599,
                                                     53.081330329205073
                                                 ],
                                                 [
                                                     -4.337745112972442,
                                                     53.081501785452346
                                                 ],
                                                 [
                                                     -4.337811205544243,
                                                     53.081758837242731
                                                 ],
                                                 [
                                                     -4.337947499518696,
                                                     53.082392747533461
                                                 ],
                                                 [
                                                     -4.337986494236903,
                                                     53.082456213586447
                                                 ],
                                                 [
                                                     -4.338062742565191,
                                                     53.082524863477538
                                                 ],
                                                 [
                                                     -4.33811055693177,
                                                     53.082625954786835
                                                 ],
                                                 [
                                                     -4.338315378266839,
                                                     53.08345031608367
                                                 ],
                                                 [
                                                     -4.338401439139071,
                                                     53.083638462636678
                                                 ],
                                                 [
                                                     -4.338426569275255,
                                                     53.083752155785042
                                                 ],
                                                 [
                                                     -4.338465960581162,
                                                     53.083858969063712
                                                 ],
                                                 [
                                                     -4.338583203648223,
                                                     53.084148731444309
                                                 ],
                                                 [
                                                     -4.338700998116055,
                                                     53.084484697218528
                                                 ],
                                                 [
                                                     -4.338743218310624,
                                                     53.084563798102373
                                                 ],
                                                 [
                                                     -4.338932835061559,
                                                     53.084825550317085
                                                 ],
                                                 [
                                                     -4.338961897269371,
                                                     53.084880651830439
                                                 ],
                                                 [
                                                     -4.338942915509149,
                                                     53.084923840803306
                                                 ],
                                                 [
                                                     -4.338859141640262,
                                                     53.084978922352995
                                                 ],
                                                 [
                                                     -4.338818696755659,
                                                     53.085042961166579
                                                 ],
                                                 [
                                                     -4.338822789911753,
                                                     53.085113191224359
                                                 ],
                                                 [
                                                     -4.33889068464038,
                                                     53.085315963535699
                                                 ],
                                                 [
                                                     -4.338872244388991,
                                                     53.085369139967156
                                                 ],
                                                 [
                                                     -4.33880682264198,
                                                     53.085411282022633
                                                 ],
                                                 [
                                                     -4.338802919583324,
                                                     53.085446145402827
                                                 ],
                                                 [
                                                     -4.338903291415902,
                                                     53.085548369798914
                                                 ],
                                                 [
                                                     -4.338992519308316,
                                                     53.085608950611714
                                                 ],
                                                 [
                                                     -4.339108908889583,
                                                     53.085711327392289
                                                 ],
                                                 [
                                                     -4.339191806387562,
                                                     53.085841012405993
                                                 ],
                                                 [
                                                     -4.339183592777463,
                                                     53.085881472126601
                                                 ],
                                                 [
                                                     -4.339159951068858,
                                                     53.085921623860756
                                                 ],
                                                 [
                                                     -4.339035025787873,
                                                     53.086053912312828
                                                 ],
                                                 [
                                                     -4.3389637075965,
                                                     53.086146214953125
                                                 ],
                                                 [
                                                     -4.338952803479756,
                                                     53.08624251744051
                                                 ],
                                                 [
                                                     -4.338916407655339,
                                                     53.086314595623612
                                                 ],
                                                 [
                                                     -4.338907362346474,
                                                     53.086366157720583
                                                 ],
                                                 [
                                                     -4.338953453567254,
                                                     53.08643178564499
                                                 ],
                                                 [
                                                     -4.339021067620406,
                                                     53.086499399932215
                                                 ],
                                                 [
                                                     -4.339203792397426,
                                                     53.086564561625579
                                                 ],
                                                 [
                                                     -4.339240142481002,
                                                     53.086613306883194
                                                 ],
                                                 [
                                                     -4.339320391742207,
                                                     53.086670746319996
                                                 ],
                                                 [
                                                     -4.339332590299602,
                                                     53.086699053203652
                                                 ],
                                                 [
                                                     -4.339290829318206,
                                                     53.086748759225181
                                                 ],
                                                 [
                                                     -4.339276998842673,
                                                     53.086788637096916
                                                 ],
                                                 [
                                                     -4.339177940444392,
                                                     53.086863736944984
                                                 ],
                                                 [
                                                     -4.339177784044137,
                                                     53.086871589265357
                                                 ],
                                                 [
                                                     -4.339243735219318,
                                                     53.086896699160896
                                                 ],
                                                 [
                                                     -4.339354572024368,
                                                     53.086896659218255
                                                 ],
                                                 [
                                                     -4.339394667403003,
                                                     53.086914787946228
                                                 ],
                                                 [
                                                     -4.339407998336423,
                                                     53.086930934543275
                                                 ],
                                                 [
                                                     -4.339420926521894,
                                                     53.086950667524562
                                                 ],
                                                 [
                                                     -4.339425463678435,
                                                     53.087110799985815
                                                 ],
                                                 [
                                                     -4.33945485037048,
                                                     53.087187527623776
                                                 ],
                                                 [
                                                     -4.33953473643014,
                                                     53.0873199869513
                                                 ],
                                                 [
                                                     -4.339609565338043,
                                                     53.087402725922452
                                                 ],
                                                 [
                                                     -4.339634357678929,
                                                     53.087393678723501
                                                 ],
                                                 [
                                                     -4.339638198988522,
                                                     53.087376951618076
                                                 ],
                                                 [
                                                     -4.339569915954121,
                                                     53.087253569941346
                                                 ],
                                                 [
                                                     -4.339554082709279,
                                                     53.087191312187301
                                                 ],
                                                 [
                                                     -4.339583555044154,
                                                     53.087149346379199
                                                 ],
                                                 [
                                                     -4.339592696518724,
                                                     53.087096541565323
                                                 ],
                                                 [
                                                     -4.33956636925675,
                                                     53.086957031750579
                                                 ],
                                                 [
                                                     -4.339610484950327,
                                                     53.086741564035066
                                                 ],
                                                 [
                                                     -4.339647763275515,
                                                     53.086665674026598
                                                 ],
                                                 [
                                                     -4.339686695195357,
                                                     53.086653282714785
                                                 ],
                                                 [
                                                     -4.339758910763074,
                                                     53.086660637520453
                                                 ],
                                                 [
                                                     -4.3398130204824,
                                                     53.086677510399859
                                                 ],
                                                 [
                                                     -4.33985544742016,
                                                     53.086704755056964
                                                 ],
                                                 [
                                                     -4.340268643499637,
                                                     53.08709311639192
                                                 ],
                                                 [
                                                     -4.340426043058883,
                                                     53.087188508140741
                                                 ],
                                                 [
                                                     -4.340573708670812,
                                                     53.087258358646757
                                                 ],
                                                 [
                                                     -4.34057281755072,
                                                     53.087281006826849
                                                 ],
                                                 [
                                                     -4.340557296530788,
                                                     53.087293576128417
                                                 ],
                                                 [
                                                     -4.340387652338612,
                                                     53.087280478419906
                                                 ],
                                                 [
                                                     -4.340365021807631,
                                                     53.087301009855722
                                                 ],
                                                 [
                                                     -4.340522024815283,
                                                     53.08774753042151
                                                 ],
                                                 [
                                                     -4.340862082980225,
                                                     53.088508751955665
                                                 ],
                                                 [
                                                     -4.341016237421337,
                                                     53.088815444133459
                                                 ],
                                                 [
                                                     -4.341149064119144,
                                                     53.089059645047932
                                                 ],
                                                 [
                                                     -4.341184429381364,
                                                     53.089074773344834
                                                 ],
                                                 [
                                                     -4.341224771897816,
                                                     53.089075399895542
                                                 ],
                                                 [
                                                     -4.34124487587653,
                                                     53.089065536545249
                                                 ],
                                                 [
                                                     -4.341246667018228,
                                                     53.089042142367525
                                                 ],
                                                 [
                                                     -4.341188067097993,
                                                     53.088923399224164
                                                 ],
                                                 [
                                                     -4.34115424205297,
                                                     53.088807647992788
                                                 ],
                                                 [
                                                     -4.341055445018372,
                                                     53.088690388264318
                                                 ],
                                                 [
                                                     -4.341029744780279,
                                                     53.088643394005622
                                                 ],
                                                 [
                                                     -4.34104878006267,
                                                     53.088558296066019
                                                 ],
                                                 [
                                                     -4.340994862712083,
                                                     53.088508988982269
                                                 ],
                                                 [
                                                     -4.340974988431229,
                                                     53.088443592118246
                                                 ],
                                                 [
                                                     -4.340965234112164,
                                                     53.088236170191571
                                                 ],
                                                 [
                                                     -4.340943632384411,
                                                     53.088133179490292
                                                 ],
                                                 [
                                                     -4.340865707826588,
                                                     53.087920607575406
                                                 ],
                                                 [
                                                     -4.34083207423514,
                                                     53.087781394655046
                                                 ],
                                                 [
                                                     -4.340763282669591,
                                                     53.08758545632832
                                                 ],
                                                 [
                                                     -4.340758771397908,
                                                     53.087548025169639
                                                 ],
                                                 [
                                                     -4.340787053484672,
                                                     53.087454446486966
                                                 ],
                                                 [
                                                     -4.340727541644475,
                                                     53.087371379841557
                                                 ],
                                                 [
                                                     -4.340753092291838,
                                                     53.087361175612379
                                                 ],
                                                 [
                                                     -4.340785213338756,
                                                     53.087369390753842
                                                 ],
                                                 [
                                                     -4.34082475863017,
                                                     53.087385344990757
                                                 ],
                                                 [
                                                     -4.340918045505621,
                                                     53.087445197157926
                                                 ],
                                                 [
                                                     -4.341005884591794,
                                                     53.087476223052569
                                                 ],
                                                 [
                                                     -4.34103323199397,
                                                     53.087469130292504
                                                 ],
                                                 [
                                                     -4.341036776981477,
                                                     53.087443930344342
                                                 ],
                                                 [
                                                     -4.340867504179074,
                                                     53.087124120957647
                                                 ],
                                                 [
                                                     -4.340848931285415,
                                                     53.087007035484653
                                                 ],
                                                 [
                                                     -4.340811928929173,
                                                     53.086960344523867
                                                 ],
                                                 [
                                                     -4.340732338530319,
                                                     53.086931592761005
                                                 ],
                                                 [
                                                     -4.340679645455744,
                                                     53.086895163706707
                                                 ],
                                                 [
                                                     -4.340613287207795,
                                                     53.08672089994613
                                                 ],
                                                 [
                                                     -4.340614631221442,
                                                     53.086309089221054
                                                 ],
                                                 [
                                                     -4.340639328795081,
                                                     53.086108775576456
                                                 ],
                                                 [
                                                     -4.340640033274308,
                                                     53.08599988824097
                                                 ],
                                                 [
                                                     -4.340626944494071,
                                                     53.085880644829516
                                                 ],
                                                 [
                                                     -4.340549430645525,
                                                     53.085653795697844
                                                 ],
                                                 [
                                                     -4.340537710059579,
                                                     53.085571029299899
                                                 ],
                                                 [
                                                     -4.3404942427491,
                                                     53.085522954951301
                                                 ],
                                                 [
                                                     -4.340393156773391,
                                                     53.08548495150859
                                                 ],
                                                 [
                                                     -4.340357018956433,
                                                     53.085463508448498
                                                 ],
                                                 [
                                                     -4.340311562776153,
                                                     53.085414277349436
                                                 ],
                                                 [
                                                     -4.340301350711484,
                                                     53.085385706695
                                                 ],
                                                 [
                                                     -4.340303656106189,
                                                     53.085186615911098
                                                 ],
                                                 [
                                                     -4.340328192091091,
                                                     53.085088957111438
                                                 ],
                                                 [
                                                     -4.340439425668623,
                                                     53.08481349228996
                                                 ],
                                                 [
                                                     -4.34045574300379,
                                                     53.084727297012428
                                                 ],
                                                 [
                                                     -4.340452579935717,
                                                     53.08462775560929
                                                 ],
                                                 [
                                                     -4.340398682211772,
                                                     53.084539911942812
                                                 ],
                                                 [
                                                     -4.340353881781819,
                                                     53.084500818934579
                                                 ],
                                                 [
                                                     -4.340257039867178,
                                                     53.084463100520402
                                                 ],
                                                 [
                                                     -4.340155622335845,
                                                     53.084457183737143
                                                 ],
                                                 [
                                                     -4.340062708719576,
                                                     53.08443818831266
                                                 ],
                                                 [
                                                     -4.340032134262879,
                                                     53.084416878466541
                                                 ],
                                                 [
                                                     -4.340013897140143,
                                                     53.084379933095299
                                                 ],
                                                 [
                                                     -4.340016398722329,
                                                     53.084367143461812
                                                 ],
                                                 [
                                                     -4.340120739015226,
                                                     53.084279710983729
                                                 ],
                                                 [
                                                     -4.340149437207162,
                                                     53.084237283697746
                                                 ],
                                                 [
                                                     -4.340162253792528,
                                                     53.084182329551275
                                                 ],
                                                 [
                                                     -4.340147347346293,
                                                     53.084086238008545
                                                 ],
                                                 [
                                                     -4.340161377174748,
                                                     53.08404400940104
                                                 ],
                                                 [
                                                     -4.340195422255615,
                                                     53.084025815868294
                                                 ],
                                                 [
                                                     -4.34037059105498,
                                                     53.083978888203632
                                                 ],
                                                 [
                                                     -4.340543203017846,
                                                     53.083954740148698
                                                 ],
                                                 [
                                                     -4.340616051191151,
                                                     53.08392238614401
                                                 ],
                                                 [
                                                     -4.340649479288126,
                                                     53.083884028540346
                                                 ],
                                                 [
                                                     -4.340653887855267,
                                                     53.083853830513817
                                                 ],
                                                 [
                                                     -4.340637492050984,
                                                     53.083832655391404
                                                 ],
                                                 [
                                                     -4.340542788411729,
                                                     53.08381752579411
                                                 ],
                                                 [
                                                     -4.340485485403289,
                                                     53.083782751841696
                                                 ],
                                                 [
                                                     -4.340409241104681,
                                                     53.083692830389332
                                                 ],
                                                 [
                                                     -4.340344131014162,
                                                     53.083573360766295
                                                 ],
                                                 [
                                                     -4.340351948406839,
                                                     53.083526453109343
                                                 ],
                                                 [
                                                     -4.340382488252253,
                                                     53.083508616204313
                                                 ],
                                                 [
                                                     -4.34045029381249,
                                                     53.08351322512025
                                                 ],
                                                 [
                                                     -4.340541599391003,
                                                     53.083542519734372
                                                 ],
                                                 [
                                                     -4.340596262006861,
                                                     53.083549563047399
                                                 ],
                                                 [
                                                     -4.340655247401152,
                                                     53.083544635002248
                                                 ],
                                                 [
                                                     -4.340678938283472,
                                                     53.083524694011658
                                                 ],
                                                 [
                                                     -4.340680899276175,
                                                     53.083507176676946
                                                 ],
                                                 [
                                                     -4.340615632399328,
                                                     53.083396656448627
                                                 ],
                                                 [
                                                     -4.340608279632754,
                                                     53.083261197018381
                                                 ],
                                                 [
                                                     -4.340544242112185,
                                                     53.083111415296308
                                                 ],
                                                 [
                                                     -4.340555240783507,
                                                     53.083049393877239
                                                 ],
                                                 [
                                                     -4.340603142664273,
                                                     53.083021028309837
                                                 ],
                                                 [
                                                     -4.340823410316641,
                                                     53.082953602791846
                                                 ],
                                                 [
                                                     -4.340887706161595,
                                                     53.082942537066081
                                                 ],
                                                 [
                                                     -4.34108244444231,
                                                     53.082929955864138
                                                 ],
                                                 [
                                                     -4.341121219280776,
                                                     53.082908414170284
                                                 ],
                                                 [
                                                     -4.34114235159412,
                                                     53.082872986777474
                                                 ],
                                                 [
                                                     -4.341132637168812,
                                                     53.082834327338333
                                                 ],
                                                 [
                                                     -4.341094722090646,
                                                     53.082806517811669
                                                 ],
                                                 [
                                                     -4.341015230556912,
                                                     53.082787699532396
                                                 ],
                                                 [
                                                     -4.340921583120388,
                                                     53.082782358781721
                                                 ],
                                                 [
                                                     -4.340825038838797,
                                                     53.082792422818919
                                                 ],
                                                 [
                                                     -4.340668597917823,
                                                     53.08284370299576
                                                 ],
                                                 [
                                                     -4.340499780707563,
                                                     53.082863676649978
                                                 ],
                                                 [
                                                     -4.340419543796138,
                                                     53.082884496523405
                                                 ],
                                                 [
                                                     -4.340387867923428,
                                                     53.082883870046913
                                                 ],
                                                 [
                                                     -4.340343035503603,
                                                     53.082868091653104
                                                 ],
                                                 [
                                                     -4.340306864958979,
                                                     53.082839950845802
                                                 ],
                                                 [
                                                     -4.340273433219822,
                                                     53.082726628181263
                                                 ],
                                                 [
                                                     -4.340284499906218,
                                                     53.082682362917389
                                                 ],
                                                 [
                                                     -4.340392387940158,
                                                     53.08257454039434
                                                 ],
                                                 [
                                                     -4.340453889168262,
                                                     53.082535378678898
                                                 ],
                                                 [
                                                     -4.340534980316347,
                                                     53.082508850583928
                                                 ],
                                                 [
                                                     -4.340605866014747,
                                                     53.082502834215326
                                                 ],
                                                 [
                                                     -4.340668624000946,
                                                     53.082511039872053
                                                 ],
                                                 [
                                                     -4.340728113479545,
                                                     53.082534405918125
                                                 ],
                                                 [
                                                     -4.340807859161967,
                                                     53.082584049949979
                                                 ],
                                                 [
                                                     -4.340912456967999,
                                                     53.082615896891099
                                                 ],
                                                 [
                                                     -4.340984569992976,
                                                     53.082614882181126
                                                 ],
                                                 [
                                                     -4.34100921173602,
                                                     53.082600640757079
                                                 ],
                                                 [
                                                     -4.341020040804748,
                                                     53.082582544268178
                                                 ],
                                                 [
                                                     -4.341030838306726,
                                                     53.082525633712038
                                                 ],
                                                 [
                                                     -4.340988775122871,
                                                     53.082392251085516
                                                 ],
                                                 [
                                                     -4.340961956291298,
                                                     53.082352633560014
                                                 ],
                                                 [
                                                     -4.340840245756919,
                                                     53.082288584579636
                                                 ],
                                                 [
                                                     -4.340767982643369,
                                                     53.082240609520056
                                                 ],
                                                 [
                                                     -4.340734202935427,
                                                     53.08223505245175
                                                 ],
                                                 [
                                                     -4.340652003567038,
                                                     53.082246928982336
                                                 ],
                                                 [
                                                     -4.340532752044809,
                                                     53.082220468149004
                                                 ],
                                                 [
                                                     -4.340494799694387,
                                                     53.08219993298983
                                                 ],
                                                 [
                                                     -4.340469766911048,
                                                     53.08216487467589
                                                 ],
                                                 [
                                                     -4.340459005226904,
                                                     53.082124788221051
                                                 ],
                                                 [
                                                     -4.340469685905573,
                                                     53.082076718292043
                                                 ],
                                                 [
                                                     -4.340539918119507,
                                                     53.082001725913806
                                                 ],
                                                 [
                                                     -4.340663651118981,
                                                     53.08190113486279
                                                 ],
                                                 [
                                                     -4.34069742648322,
                                                     53.081846370574034
                                                 ],
                                                 [
                                                     -4.34070774762499,
                                                     53.081789757134089
                                                 ],
                                                 [
                                                     -4.340680871731073,
                                                     53.081610976027342
                                                 ],
                                                 [
                                                     -4.340660356017482,
                                                     53.081599988012414
                                                 ],
                                                 [
                                                     -4.340570227186308,
                                                     53.081589272997853
                                                 ],
                                                 [
                                                     -4.340517694479036,
                                                     53.081563926803312
                                                 ],
                                                 [
                                                     -4.340470538413972,
                                                     53.081495955752438
                                                 ],
                                                 [
                                                     -4.340452679320092,
                                                     53.081438170563921
                                                 ],
                                                 [
                                                     -4.34046772489081,
                                                     53.081398169688327
                                                 ],
                                                 [
                                                     -4.340510202003196,
                                                     53.081343342108177
                                                 ],
                                                 [
                                                     -4.34056194891401,
                                                     53.081314873897398
                                                 ],
                                                 [
                                                     -4.34070529274433,
                                                     53.081263384016047
                                                 ],
                                                 [
                                                     -4.34074056118604,
                                                     53.081232560664468
                                                 ],
                                                 [
                                                     -4.34077191170011,
                                                     53.081180999951179
                                                 ],
                                                 [
                                                     -4.340782168451605,
                                                     53.081018670097876
                                                 ],
                                                 [
                                                     -4.340764815635632,
                                                     53.080977643437876
                                                 ],
                                                 [
                                                     -4.340699208257888,
                                                     53.080924052771223
                                                 ],
                                                 [
                                                     -4.340682299801725,
                                                     53.08089891366658
                                                 ],
                                                 [
                                                     -4.340676140058217,
                                                     53.080840997166611
                                                 ],
                                                 [
                                                     -4.34069549365511,
                                                     53.080782713433337
                                                 ],
                                                 [
                                                     -4.340726272914533,
                                                     53.080762722824254
                                                 ],
                                                 [
                                                     -4.340756144802783,
                                                     53.080755175801897
                                                 ],
                                                 [
                                                     -4.341093133681806,
                                                     53.080710798458327
                                                 ],
                                                 [
                                                     -4.341115512364056,
                                                     53.080688446590599
                                                 ],
                                                 [
                                                     -4.341109369525237,
                                                     53.080643503971224
                                                 ],
                                                 [
                                                     -4.341089399102214,
                                                     53.080616698896073
                                                 ],
                                                 [
                                                     -4.34106232532454,
                                                     53.080605372497907
                                                 ],
                                                 [
                                                     -4.340991050479724,
                                                     53.080600310766648
                                                 ],
                                                 [
                                                     -4.340953533963649,
                                                     53.08060566162851
                                                 ],
                                                 [
                                                     -4.340806765105698,
                                                     53.080633069075475
                                                 ],
                                                 [
                                                     -4.340384662553047,
                                                     53.080749745753771
                                                 ],
                                                 [
                                                     -4.340326324639601,
                                                     53.080759381299941
                                                 ],
                                                 [
                                                     -4.340269856104688,
                                                     53.08075668916522
                                                 ],
                                                 [
                                                     -4.340224708908386,
                                                     53.080744423474172
                                                 ],
                                                 [
                                                     -4.340185953295826,
                                                     53.080717313534166
                                                 ],
                                                 [
                                                     -4.340167022482153,
                                                     53.080684616648618
                                                 ],
                                                 [
                                                     -4.34018373956138,
                                                     53.080638271146334
                                                 ],
                                                 [
                                                     -4.340383122432355,
                                                     53.080422840717176
                                                 ],
                                                 [
                                                     -4.34049746426621,
                                                     53.080273091269532
                                                 ],
                                                 [
                                                     -4.340483946912633,
                                                     53.080217711183252
                                                 ],
                                                 [
                                                     -4.340408531974076,
                                                     53.08016303661929
                                                 ],
                                                 [
                                                     -4.340372202736368,
                                                     53.080106891602043
                                                 ],
                                                 [
                                                     -4.34034961343438,
                                                     53.080023835501287
                                                 ],
                                                 [
                                                     -4.340347620032968,
                                                     53.079960963808858
                                                 ],
                                                 [
                                                     -4.340395188973892,
                                                     53.079730897881973
                                                 ],
                                                 [
                                                     -4.340489934221716,
                                                     53.079498518940028
                                                 ],
                                                 [
                                                     -4.340515045519695,
                                                     53.079393637785913
                                                 ],
                                                 [
                                                     -4.340532787127755,
                                                     53.079364535023565
                                                 ],
                                                 [
                                                     -4.340565292423118,
                                                     53.07933922369412
                                                 ],
                                                 [
                                                     -4.340744168932472,
                                                     53.079281459935544
                                                 ],
                                                 [
                                                     -4.340776741064315,
                                                     53.079264535954245
                                                 ],
                                                 [
                                                     -4.340793233908999,
                                                     53.079244340962816
                                                 ],
                                                 [
                                                     -4.340735374013538,
                                                     53.079113364048027
                                                 ],
                                                 [
                                                     -4.340714494959246,
                                                     53.079028808790532
                                                 ],
                                                 [
                                                     -4.34071737954651,
                                                     53.078922395953668
                                                 ],
                                                 [
                                                     -4.340760076359608,
                                                     53.078831500497671
                                                 ],
                                                 [
                                                     -4.34075874278614,
                                                     53.078797576238912
                                                 ],
                                                 [
                                                     -4.340732913196288,
                                                     53.078770086209239
                                                 ],
                                                 [
                                                     -4.340699318468504,
                                                     53.078751380479893
                                                 ],
                                                 [
                                                     -4.340550750580291,
                                                     53.078746625842847
                                                 ],
                                                 [
                                                     -4.340491017697085,
                                                     53.078729405472075
                                                 ],
                                                 [
                                                     -4.340452086053543,
                                                     53.078703422980361
                                                 ],
                                                 [
                                                     -4.34043772643089,
                                                     53.078663326392899
                                                 ],
                                                 [
                                                     -4.340450328420662,
                                                     53.078501274046573
                                                 ],
                                                 [
                                                     -4.340495055275665,
                                                     53.078442005491546
                                                 ],
                                                 [
                                                     -4.340564975058485,
                                                     53.078405932766273
                                                 ],
                                                 [
                                                     -4.340755059156605,
                                                     53.078378949807828
                                                 ],
                                                 [
                                                     -4.34096063183196,
                                                     53.078370498105244
                                                 ],
                                                 [
                                                     -4.34101670614738,
                                                     53.078353605972559
                                                 ],
                                                 [
                                                     -4.341055588156134,
                                                     53.078328061088691
                                                 ],
                                                 [
                                                     -4.341109876313983,
                                                     53.078163839435426
                                                 ],
                                                 [
                                                     -4.341110420913342,
                                                     53.078100980710396
                                                 ],
                                                 [
                                                     -4.340986601051809,
                                                     53.077960989415345
                                                 ],
                                                 [
                                                     -4.340955669407386,
                                                     53.077880480256042
                                                 ],
                                                 [
                                                     -4.34097879825338,
                                                     53.0778106314647
                                                 ],
                                                 [
                                                     -4.3410063744145,
                                                     53.077794111440632
                                                 ],
                                                 [
                                                     -4.3410587117743,
                                                     53.07778568156089
                                                 ],
                                                 [
                                                     -4.341116676124653,
                                                     53.077789045153537
                                                 ],
                                                 [
                                                     -4.341218175780738,
                                                     53.077830042767907
                                                 ],
                                                 [
                                                     -4.341420604743169,
                                                     53.078068737420473
                                                 ],
                                                 [
                                                     -4.341509491811947,
                                                     53.078125465819959
                                                 ],
                                                 [
                                                     -4.341581111978186,
                                                     53.078154562695254
                                                 ],
                                                 [
                                                     -4.341648785010576,
                                                     53.078170358437276
                                                 ],
                                                 [
                                                     -4.341802986176098,
                                                     53.078171377341988
                                                 ],
                                                 [
                                                     -4.341920779344721,
                                                     53.078188496783334
                                                 ],
                                                 [
                                                     -4.341976122110506,
                                                     53.078212860921468
                                                 ],
                                                 [
                                                     -4.342003734686879,
                                                     53.078248155844832
                                                 ],
                                                 [
                                                     -4.342016917945885,
                                                     53.078280588003111
                                                 ],
                                                 [
                                                     -4.342012682248106,
                                                     53.078356286833376
                                                 ],
                                                 [
                                                     -4.341870991918954,
                                                     53.078576059838163
                                                 ],
                                                 [
                                                     -4.341872512846108,
                                                     53.078738805337359
                                                 ],
                                                 [
                                                     -4.341885516441269,
                                                     53.078806423343472
                                                 ],
                                                 [
                                                     -4.341905305901625,
                                                     53.07884420103241
                                                 ],
                                                 [
                                                     -4.342036908118926,
                                                     53.078926683725143
                                                 ],
                                                 [
                                                     -4.342069664385988,
                                                     53.078974752646559
                                                 ],
                                                 [
                                                     -4.342051516358175,
                                                     53.079033192724118
                                                 ],
                                                 [
                                                     -4.342008798986369,
                                                     53.079070322102638
                                                 ],
                                                 [
                                                     -4.341932006726758,
                                                     53.079095867517665
                                                 ],
                                                 [
                                                     -4.341780165312307,
                                                     53.079122144318902
                                                 ],
                                                 [
                                                     -4.34169840879309,
                                                     53.079158837423918
                                                 ],
                                                 [
                                                     -4.341644995523587,
                                                     53.079215679017842
                                                 ],
                                                 [
                                                     -4.341600917736844,
                                                     53.079289087266091
                                                 ],
                                                 [
                                                     -4.341595684670589,
                                                     53.079326080901723
                                                 ],
                                                 [
                                                     -4.341610250170425,
                                                     53.079371594954893
                                                 ],
                                                 [
                                                     -4.34165368811481,
                                                     53.079448647885656
                                                 ],
                                                 [
                                                     -4.341719184860127,
                                                     53.079483997202516
                                                 ],
                                                 [
                                                     -4.341765459095336,
                                                     53.079484587624975
                                                 ],
                                                 [
                                                     -4.341834067415109,
                                                     53.079465047701305
                                                 ],
                                                 [
                                                     -4.341892308631566,
                                                     53.0794300223466
                                                 ],
                                                 [
                                                     -4.341940974682744,
                                                     53.079379522955101
                                                 ],
                                                 [
                                                     -4.34199088096408,
                                                     53.079366986649013
                                                 ],
                                                 [
                                                     -4.342053999385018,
                                                     53.079372010574531
                                                 ],
                                                 [
                                                     -4.342190932571233,
                                                     53.079434122121235
                                                 ],
                                                 [
                                                     -4.342219056254654,
                                                     53.079456540622779
                                                 ],
                                                 [
                                                     -4.342228368661377,
                                                     53.079480372543919
                                                 ],
                                                 [
                                                     -4.342227419030956,
                                                     53.079518972189042
                                                 ],
                                                 [
                                                     -4.342198852577693,
                                                     53.079570055914203
                                                 ],
                                                 [
                                                     -4.342137185722008,
                                                     53.079609086993216
                                                 ],
                                                 [
                                                     -4.342022976805712,
                                                     53.079657217721113
                                                 ],
                                                 [
                                                     -4.341996915129348,
                                                     53.079694216916636
                                                 ],
                                                 [
                                                     -4.341996670260761,
                                                     53.079717203067965
                                                 ],
                                                 [
                                                     -4.342056145700338,
                                                     53.079786009882014
                                                 ],
                                                 [
                                                     -4.342061891684616,
                                                     53.079810981988118
                                                 ],
                                                 [
                                                     -4.342058428439209,
                                                     53.079845090605133
                                                 ],
                                                 [
                                                     -4.341976224781548,
                                                     53.079951932499362
                                                 ],
                                                 [
                                                     -4.34190490141259,
                                                     53.080018549567704
                                                 ],
                                                 [
                                                     -4.341891555435912,
                                                     53.08004582170777
                                                 ],
                                                 [
                                                     -4.341900765046257,
                                                     53.080117254717614
                                                 ],
                                                 [
                                                     -4.341936102689034,
                                                     53.080211469271056
                                                 ],
                                                 [
                                                     -4.341917791007996,
                                                     53.080477526706133
                                                 ],
                                                 [
                                                     -4.34192357793434,
                                                     53.080490054287367
                                                 ],
                                                 [
                                                     -4.342101759691435,
                                                     53.080575333091545
                                                 ],
                                                 [
                                                     -4.342170446141012,
                                                     53.080638581773911
                                                 ],
                                                 [
                                                     -4.342234562664611,
                                                     53.080678993032535
                                                 ],
                                                 [
                                                     -4.342281060223428,
                                                     53.080690269320613
                                                 ],
                                                 [
                                                     -4.342382990252916,
                                                     53.08068653563582
                                                 ],
                                                 [
                                                     -4.342468871295638,
                                                     53.080710064365192
                                                 ],
                                                 [
                                                     -4.34250605000738,
                                                     53.080744127800806
                                                 ],
                                                 [
                                                     -4.342526981393512,
                                                     53.080800701332947
                                                 ],
                                                 [
                                                     -4.342522473659234,
                                                     53.080834542816653
                                                 ],
                                                 [
                                                     -4.342501523842906,
                                                     53.080862845914027
                                                 ],
                                                 [
                                                     -4.34244320916368,
                                                     53.08089736949136
                                                 ],
                                                 [
                                                     -4.342391113834086,
                                                     53.080914993105999
                                                 ],
                                                 [
                                                     -4.342359552795403,
                                                     53.080914805470648
                                                 ],
                                                 [
                                                     -4.342252817468014,
                                                     53.080878461395372
                                                 ],
                                                 [
                                                     -4.342138490839468,
                                                     53.08085685032642
                                                 ],
                                                 [
                                                     -4.342055774429426,
                                                     53.080861626054315
                                                 ],
                                                 [
                                                     -4.342010901250493,
                                                     53.080887136365035
                                                 ],
                                                 [
                                                     -4.341993713029906,
                                                     53.080908550024077
                                                 ],
                                                 [
                                                     -4.341988451256853,
                                                     53.081029970935099
                                                 ],
                                                 [
                                                     -4.342004006781615,
                                                     53.08118827713507
                                                 ],
                                                 [
                                                     -4.341995361357766,
                                                     53.081280111926873
                                                 ],
                                                 [
                                                     -4.341960064332209,
                                                     53.081380230846982
                                                 ],
                                                 [
                                                     -4.341882531779819,
                                                     53.081486531093283
                                                 ],
                                                 [
                                                     -4.341865919736911,
                                                     53.081552655255066
                                                 ],
                                                 [
                                                     -4.341883883931169,
                                                     53.08160216633987
                                                 ],
                                                 [
                                                     -4.341932565475349,
                                                     53.081637693795983
                                                 ],
                                                 [
                                                     -4.34211704623885,
                                                     53.081651908573704
                                                 ],
                                                 [
                                                     -4.342231270419452,
                                                     53.081681766561026
                                                 ],
                                                 [
                                                     -4.342278640192846,
                                                     53.081719252803197
                                                 ],
                                                 [
                                                     -4.342307099423599,
                                                     53.081774761025734
                                                 ],
                                                 [
                                                     -4.342303349440884,
                                                     53.081808812349664
                                                 ],
                                                 [
                                                     -4.342284107893519,
                                                     53.081828989742561
                                                 ],
                                                 [
                                                     -4.342217651402043,
                                                     53.081867593661322
                                                 ],
                                                 [
                                                     -4.342150094873862,
                                                     53.081927734972886
                                                 ],
                                                 [
                                                     -4.342083125200304,
                                                     53.082009407430021
                                                 ],
                                                 [
                                                     -4.34203487804897,
                                                     53.082103136920864
                                                 ],
                                                 [
                                                     -4.341921521173942,
                                                     53.082198148418954
                                                 ],
                                                 [
                                                     -4.341897138800801,
                                                     53.082294968432912
                                                 ],
                                                 [
                                                     -4.34191858283028,
                                                     53.082371429329605
                                                 ],
                                                 [
                                                     -4.342021625820405,
                                                     53.082513761908501
                                                 ],
                                                 [
                                                     -4.34231802455515,
                                                     53.082862742066283
                                                 ],
                                                 [
                                                     -4.342406014372513,
                                                     53.082979440357192
                                                 ],
                                                 [
                                                     -4.342392751275249,
                                                     53.083010172488706
                                                 ],
                                                 [
                                                     -4.342358397246161,
                                                     53.083031168992918
                                                 ],
                                                 [
                                                     -4.342263599555143,
                                                     53.083040678314269
                                                 ],
                                                 [
                                                     -4.342084269957448,
                                                     53.083091997505612
                                                 ],
                                                 [
                                                     -4.342039906380124,
                                                     53.08312060869455
                                                 ],
                                                 [
                                                     -4.34202042663597,
                                                     53.083153459222082
                                                 ],
                                                 [
                                                     -4.342040263694945,
                                                     53.083225339287658
                                                 ],
                                                 [
                                                     -4.342117887069664,
                                                     53.083304038613846
                                                 ],
                                                 [
                                                     -4.342155708193685,
                                                     53.083386731505833
                                                 ],
                                                 [
                                                     -4.342181624377585,
                                                     53.083495472341077
                                                 ],
                                                 [
                                                     -4.34217163158203,
                                                     53.084184362363985
                                                 ],
                                                 [
                                                     -4.342141739710257,
                                                     53.084457427023295
                                                 ],
                                                 [
                                                     -4.342143371646849,
                                                     53.084573245529455
                                                 ],
                                                 [
                                                     -4.342168160474405,
                                                     53.084666166193109
                                                 ],
                                                 [
                                                     -4.34228738923075,
                                                     53.084915282100184
                                                 ],
                                                 [
                                                     -4.342336886949981,
                                                     53.085044651684086
                                                 ],
                                                 [
                                                     -4.342437511877073,
                                                     53.08559670311174
                                                 ],
                                                 [
                                                     -4.342456817669278,
                                                     53.085617811694036
                                                 ],
                                                 [
                                                     -4.3424786416808,
                                                     53.085624799570617
                                                 ],
                                                 [
                                                     -4.34258606552441,
                                                     53.085596357903206
                                                 ],
                                                 [
                                                     -4.342620611398861,
                                                     53.085601395874491
                                                 ],
                                                 [
                                                     -4.3426524258226,
                                                     53.085617178079737
                                                 ],
                                                 [
                                                     -4.342691245597904,
                                                     53.085644807469379
                                                 ],
                                                 [
                                                     -4.342720339773471,
                                                     53.085682257896956
                                                 ],
                                                 [
                                                     -4.342748702255541,
                                                     53.085788693642861
                                                 ],
                                                 [
                                                     -4.342696450757951,
                                                     53.085982474505094
                                                 ],
                                                 [
                                                     -4.342641121191257,
                                                     53.086019564710561
                                                 ],
                                                 [
                                                     -4.342566322691451,
                                                     53.086028977028711
                                                 ],
                                                 [
                                                     -4.342519240280789,
                                                     53.086043876498103
                                                 ],
                                                 [
                                                     -4.342429933300737,
                                                     53.086102621039991
                                                 ],
                                                 [
                                                     -4.342282266976712,
                                                     53.086305986099525
                                                 ],
                                                 [
                                                     -4.342225472262391,
                                                     53.086449721684993
                                                 ],
                                                 [
                                                     -4.34221303681439,
                                                     53.08653749513519
                                                 ],
                                                 [
                                                     -4.342220225584945,
                                                     53.086606324474928
                                                 ],
                                                 [
                                                     -4.342248920886868,
                                                     53.086668040916869
                                                 ],
                                                 [
                                                     -4.34233886488876,
                                                     53.086785653837204
                                                 ],
                                                 [
                                                     -4.342362866552965,
                                                     53.086831890058882
                                                 ],
                                                 [
                                                     -4.342392095347712,
                                                     53.086941078077018
                                                 ],
                                                 [
                                                     -4.342391865912191,
                                                     53.087038285614952
                                                 ],
                                                 [
                                                     -4.342359414161796,
                                                     53.087130364391719
                                                 ],
                                                 [
                                                     -4.342305307966906,
                                                     53.087220792634717
                                                 ],
                                                 [
                                                     -4.342155865602475,
                                                     53.087385494656537
                                                 ],
                                                 [
                                                     -4.342114693860253,
                                                     53.087446824595183
                                                 ],
                                                 [
                                                     -4.342100742492498,
                                                     53.087494329662846
                                                 ],
                                                 [
                                                     -4.342102932362142,
                                                     53.087611341944225
                                                 ],
                                                 [
                                                     -4.342123306971618,
                                                     53.087641114958053
                                                 ],
                                                 [
                                                     -4.342295765597043,
                                                     53.087778825665922
                                                 ],
                                                 [
                                                     -4.342384460715322,
                                                     53.087864059147826
                                                 ],
                                                 [
                                                     -4.342408905663659,
                                                     53.087906896976719
                                                 ],
                                                 [
                                                     -4.342434246458616,
                                                     53.088036589367626
                                                 ],
                                                 [
                                                     -4.342461106865249,
                                                     53.088087049043935
                                                 ],
                                                 [
                                                     -4.342613110541713,
                                                     53.088294061090416
                                                 ],
                                                 [
                                                     -4.34268812045234,
                                                     53.08834838267115
                                                 ],
                                                 [
                                                     -4.342887573101127,
                                                     53.088416616974577
                                                 ],
                                                 [
                                                     -4.342957242565421,
                                                     53.088460047438275
                                                 ],
                                                 [
                                                     -4.342996377775739,
                                                     53.088495627669751
                                                 ],
                                                 [
                                                     -4.343044519047719,
                                                     53.088697195394559
                                                 ],
                                                 [
                                                     -4.343111089782042,
                                                     53.088771256622337
                                                 ],
                                                 [
                                                     -4.343255182180267,
                                                     53.088855416189311
                                                 ],
                                                 [
                                                     -4.343308869583822,
                                                     53.088919670044824
                                                 ],
                                                 [
                                                     -4.3434275915194,
                                                     53.089155263163548
                                                 ],
                                                 [
                                                     -4.343467866890814,
                                                     53.089308784290331
                                                 ],
                                                 [
                                                     -4.343466253828253,
                                                     53.08935796153721
                                                 ],
                                                 [
                                                     -4.34345058179152,
                                                     53.089401544564652
                                                 ],
                                                 [
                                                     -4.343415573036486,
                                                     53.089450417698295
                                                 ],
                                                 [
                                                     -4.343369105728115,
                                                     53.089486587331741
                                                 ],
                                                 [
                                                     -4.343274305979275,
                                                     53.08952956232114
                                                 ],
                                                 [
                                                     -4.34317532290779,
                                                     53.089556849216109
                                                 ],
                                                 [
                                                     -4.343086515277821,
                                                     53.089568839498241
                                                 ],
                                                 [
                                                     -4.342988455028413,
                                                     53.089567768048163
                                                 ],
                                                 [
                                                     -4.342855958925913,
                                                     53.089551100858287
                                                 ],
                                                 [
                                                     -4.342798074593509,
                                                     53.089515701047951
                                                 ],
                                                 [
                                                     -4.342685853607075,
                                                     53.089394750938034
                                                 ],
                                                 [
                                                     -4.342620051947292,
                                                     53.089238927071854
                                                 ],
                                                 [
                                                     -4.342574495061235,
                                                     53.089174773532989
                                                 ],
                                                 [
                                                     -4.342540258066784,
                                                     53.089146613275098
                                                 ],
                                                 [
                                                     -4.342499456192112,
                                                     53.089140008130897
                                                 ],
                                                 [
                                                     -4.34246014168575,
                                                     53.089147858375128
                                                 ],
                                                 [
                                                     -4.342399023535215,
                                                     53.089245608606511
                                                 ],
                                                 [
                                                     -4.342379076963645,
                                                     53.089468918217207
                                                 ],
                                                 [
                                                     -4.342390080683433,
                                                     53.089514763028554
                                                 ],
                                                 [
                                                     -4.342464439791188,
                                                     53.089588131771329
                                                 ],
                                                 [
                                                     -4.342636022701841,
                                                     53.089686747901872
                                                 ],
                                                 [
                                                     -4.342679649438891,
                                                     53.089721691321913
                                                 ],
                                                 [
                                                     -4.342705610914092,
                                                     53.089758331314634
                                                 ],
                                                 [
                                                     -4.342714450259258,
                                                     53.089809136867288
                                                 ],
                                                 [
                                                     -4.342698233373487,
                                                     53.089858925396669
                                                 ],
                                                 [
                                                     -4.342602404975853,
                                                     53.089931644732744
                                                 ],
                                                 [
                                                     -4.342675370975663,
                                                     53.090183559443311
                                                 ],
                                                 [
                                                     -4.342683894185702,
                                                     53.09034040348012
                                                 ],
                                                 [
                                                     -4.342728450132435,
                                                     53.090459215717509
                                                 ],
                                                 [
                                                     -4.342856976881835,
                                                     53.090732019308064
                                                 ],
                                                 [
                                                     -4.34289063780603,
                                                     53.090850956164019
                                                 ],
                                                 [
                                                     -4.342881828723768,
                                                     53.090954608446985
                                                 ],
                                                 [
                                                     -4.342836863296434,
                                                     53.091026694753864
                                                 ],
                                                 [
                                                     -4.342758554261068,
                                                     53.091057413274967
                                                 ],
                                                 [
                                                     -4.342600485902754,
                                                     53.091087220997636
                                                 ],
                                                 [
                                                     -4.342549955857333,
                                                     53.091103914613242
                                                 ],
                                                 [
                                                     -4.342524780706227,
                                                     53.091133154998836
                                                 ],
                                                 [
                                                     -4.342534023992033,
                                                     53.091173801629729
                                                 ],
                                                 [
                                                     -4.342678859257027,
                                                     53.091405068943516
                                                 ],
                                                 [
                                                     -4.342702168756581,
                                                     53.091423671039195
                                                 ],
                                                 [
                                                     -4.342719298910257,
                                                     53.091428054000517
                                                 ],
                                                 [
                                                     -4.342943465234094,
                                                     53.091362112644518
                                                 ],
                                                 [
                                                     -4.343067917804111,
                                                     53.09134774803389
                                                 ],
                                                 [
                                                     -4.343125365923888,
                                                     53.091353090021627
                                                 ],
                                                 [
                                                     -4.343166059966118,
                                                     53.091366188678954
                                                 ],
                                                 [
                                                     -4.343201119623059,
                                                     53.091388560263191
                                                 ],
                                                 [
                                                     -4.34323398523268,
                                                     53.091426619603439
                                                 ],
                                                 [
                                                     -4.343284719940202,
                                                     53.091542001188706
                                                 ],
                                                 [
                                                     -4.343283409520173,
                                                     53.091578890586334
                                                 ],
                                                 [
                                                     -4.343268383949478,
                                                     53.091606357740737
                                                 ],
                                                 [
                                                     -4.343235300876829,
                                                     53.091631618143772
                                                 ],
                                                 [
                                                     -4.343165092668632,
                                                     53.091656962495058
                                                 ],
                                                 [
                                                     -4.343067909451358,
                                                     53.091679808147909
                                                 ],
                                                 [
                                                     -4.342953191705341,
                                                     53.091694682312351
                                                 ],
                                                 [
                                                     -4.342930676950301,
                                                     53.091716263894611
                                                 ],
                                                 [
                                                     -4.342927180509121,
                                                     53.091762951703735
                                                 ],
                                                 [
                                                     -4.34295493697811,
                                                     53.091819399683516
                                                 ],
                                                 [
                                                     -4.343078395446049,
                                                     53.091927684499773
                                                 ],
                                                 [
                                                     -4.343282684665164,
                                                     53.092305477053593
                                                 ],
                                                 [
                                                     -4.34412212840074,
                                                     53.09368060065821
                                                 ],
                                                 [
                                                     -4.344153112261561,
                                                     53.09376887625772
                                                 ],
                                                 [
                                                     -4.344181238856007,
                                                     53.093786484033927
                                                 ],
                                                 [
                                                     -4.34422326858332,
                                                     53.093796355187877
                                                 ],
                                                 [
                                                     -4.344266104585957,
                                                     53.093683733445026
                                                 ],
                                                 [
                                                     -4.344299733282737,
                                                     53.093640201059259
                                                 ],
                                                 [
                                                     -4.344379755326457,
                                                     53.093590107911389
                                                 ],
                                                 [
                                                     -4.344474947350431,
                                                     53.093565187555662
                                                 ],
                                                 [
                                                     -4.344582157922717,
                                                     53.093572029623552
                                                 ],
                                                 [
                                                     -4.344710396867148,
                                                     53.093607120785883
                                                 ],
                                                 [
                                                     -4.344796596579736,
                                                     53.093656599098239
                                                 ],
                                                 [
                                                     -4.344851735915864,
                                                     53.093715536886883
                                                 ],
                                                 [
                                                     -4.344866623522233,
                                                     53.093775322065468
                                                 ],
                                                 [
                                                     -4.344849169624087,
                                                     53.093825413978109
                                                 ],
                                                 [
                                                     -4.344798629682936,
                                                     53.093864208885059
                                                 ],
                                                 [
                                                     -4.344703704022788,
                                                     53.093896505951889
                                                 ],
                                                 [
                                                     -4.344623618459457,
                                                     53.093909188527419
                                                 ],
                                                 [
                                                     -4.344540504491618,
                                                     53.093905737735817
                                                 ],
                                                 [
                                                     -4.34443682648116,
                                                     53.093886418259679
                                                 ],
                                                 [
                                                     -4.344323521428519,
                                                     53.093844154279608
                                                 ],
                                                 [
                                                     -4.344297420764764,
                                                     53.093844300029964
                                                 ],
                                                 [
                                                     -4.344279859435967,
                                                     53.093855902999572
                                                 ],
                                                 [
                                                     -4.344266728344945,
                                                     53.093923424323201
                                                 ],
                                                 [
                                                     -4.344294894273407,
                                                     53.094023317996552
                                                 ],
                                                 [
                                                     -4.344423280914723,
                                                     53.094265418031718
                                                 ],
                                                 [
                                                     -4.344441834146193,
                                                     53.094328619564003
                                                 ],
                                                 [
                                                     -4.344460893870835,
                                                     53.094348132267797
                                                 ],
                                                 [
                                                     -4.344495066019755,
                                                     53.094358248105607
                                                 ],
                                                 [
                                                     -4.344539897712139,
                                                     53.094358659219793
                                                 ],
                                                 [
                                                     -4.344588192008976,
                                                     53.094347763173474
                                                 ],
                                                 [
                                                     -4.344622081992987,
                                                     53.094329625456879
                                                 ],
                                                 [
                                                     -4.34466226026991,
                                                     53.0942565719185
                                                 ],
                                                 [
                                                     -4.344686808621013,
                                                     53.094160611381213
                                                 ],
                                                 [
                                                     -4.344752223866555,
                                                     53.09409322826879
                                                 ],
                                                 [
                                                     -4.344838106326353,
                                                     53.094070684969054
                                                 ],
                                                 [
                                                     -4.344931288776115,
                                                     53.09407250748864
                                                 ],
                                                 [
                                                     -4.344987264427737,
                                                     53.094065263096418
                                                 ],
                                                 [
                                                     -4.345020445374596,
                                                     53.094055788695023
                                                 ],
                                                 [
                                                     -4.345036822215847,
                                                     53.094040810323627
                                                 ],
                                                 [
                                                     -4.34497210493678,
                                                     53.093957380813038
                                                 ],
                                                 [
                                                     -4.344954617788002,
                                                     53.093878918394296
                                                 ],
                                                 [
                                                     -4.344966743943557,
                                                     53.093842364223349
                                                 ],
                                                 [
                                                     -4.345068539203359,
                                                     53.093746634043498
                                                 ],
                                                 [
                                                     -4.345078975331327,
                                                     53.093725964518264
                                                 ],
                                                 [
                                                     -4.344931895510163,
                                                     53.093584790322765
                                                 ],
                                                 [
                                                     -4.344898413121154,
                                                     53.093537923308034
                                                 ],
                                                 [
                                                     -4.344879877902185,
                                                     53.093475332878079
                                                 ],
                                                 [
                                                     -4.344874886099114,
                                                     53.093367645753915
                                                 ],
                                                 [
                                                     -4.344896604424346,
                                                     53.093333348083746
                                                 ],
                                                 [
                                                     -4.34494989132688,
                                                     53.093314585133427
                                                 ],
                                                 [
                                                     -4.344994636776522,
                                                     53.093307939738956
                                                 ],
                                                 [
                                                     -4.345079964571952,
                                                     53.093308451419368
                                                 ],
                                                 [
                                                     -4.345188273685499,
                                                     53.093320944675305
                                                 ],
                                                 [
                                                     -4.345641271305231,
                                                     53.093460672012775
                                                 ],
                                                 [
                                                     -4.345706653235278,
                                                     53.093495922635192
                                                 ],
                                                 [
                                                     -4.34576126675928,
                                                     53.093559725585692
                                                 ],
                                                 [
                                                     -4.345765436157195,
                                                     53.093616853859182
                                                 ],
                                                 [
                                                     -4.345740045516865,
                                                     53.093673683925509
                                                 ],
                                                 [
                                                     -4.345638498530325,
                                                     53.093768456741273
                                                 ],
                                                 [
                                                     -4.345607047141842,
                                                     53.09384401790367
                                                 ],
                                                 [
                                                     -4.345703678661859,
                                                     53.094063752493518
                                                 ],
                                                 [
                                                     -4.345704849422486,
                                                     53.094128906027592
                                                 ],
                                                 [
                                                     -4.345673040730324,
                                                     53.094185278209757
                                                 ],
                                                 [
                                                     -4.345565375478544,
                                                     53.09427661110859
                                                 ],
                                                 [
                                                     -4.345448919873407,
                                                     53.09440623956737
                                                 ],
                                                 [
                                                     -4.34542091580948,
                                                     53.094454309785519
                                                 ],
                                                 [
                                                     -4.345413444832899,
                                                     53.094504492661571
                                                 ],
                                                 [
                                                     -4.345447648770064,
                                                     53.094544557015205
                                                 ],
                                                 [
                                                     -4.345539048201069,
                                                     53.094613505945894
                                                 ],
                                                 [
                                                     -4.345548624517908,
                                                     53.094847400872183
                                                 ],
                                                 [
                                                     -4.345565108704327,
                                                     53.094963672649151
                                                 ],
                                                 [
                                                     -4.34558334056143,
                                                     53.094982230461312
                                                 ],
                                                 [
                                                     -4.345611011581791,
                                                     53.094980462041676
                                                 ],
                                                 [
                                                     -4.345633632844647,
                                                     53.094967967884635
                                                 ],
                                                 [
                                                     -4.345661491729748,
                                                     53.094882920015976
                                                 ],
                                                 [
                                                     -4.345704544881,
                                                     53.094827584871041
                                                 ],
                                                 [
                                                     -4.345854464025486,
                                                     53.094735103909144
                                                 ],
                                                 [
                                                     -4.34590108693868,
                                                     53.094720940551028
                                                 ],
                                                 [
                                                     -4.345973115083052,
                                                     53.094719367214005
                                                 ],
                                                 [
                                                     -4.346046798046793,
                                                     53.094733927228042
                                                 ],
                                                 [
                                                     -4.346078303048217,
                                                     53.094756224237237
                                                 ],
                                                 [
                                                     -4.346117423593848,
                                                     53.095268584799129
                                                 ],
                                                 [
                                                     -4.346182527799512,
                                                     53.095355476646994
                                                 ],
                                                 [
                                                     -4.34622261034243,
                                                     53.095435183564092
                                                 ],
                                                 [
                                                     -4.346252599740407,
                                                     53.095602770926448
                                                 ],
                                                 [
                                                     -4.346347246515156,
                                                     53.09572472078451
                                                 ],
                                                 [
                                                     -4.346386431292403,
                                                     53.095796155545045
                                                 ],
                                                 [
                                                     -4.346408954519855,
                                                     53.095964042984711
                                                 ],
                                                 [
                                                     -4.346430438280341,
                                                     53.096023661899949
                                                 ],
                                                 [
                                                     -4.346464127003477,
                                                     53.096074525475068
                                                 ],
                                                 [
                                                     -4.346529019502384,
                                                     53.096119630600327
                                                 ],
                                                 [
                                                     -4.346607919745403,
                                                     53.096147663957893
                                                 ],
                                                 [
                                                     -4.3467217561445,
                                                     53.096163868067144
                                                 ],
                                                 [
                                                     -4.346771032807724,
                                                     53.096185526590951
                                                 ],
                                                 [
                                                     -4.346813188915783,
                                                     53.096223725371381
                                                 ],
                                                 [
                                                     -4.346881428190606,
                                                     53.096325893847123
                                                 ],
                                                 [
                                                     -4.346880971842573,
                                                     53.096361678509489
                                                 ],
                                                 [
                                                     -4.346846956091225,
                                                     53.096415100487583
                                                 ],
                                                 [
                                                     -4.346780159526853,
                                                     53.096465896393333
                                                 ],
                                                 [
                                                     -4.346644304019876,
                                                     53.096525670073831
                                                 ],
                                                 [
                                                     -4.346630275866676,
                                                     53.096579677722467
                                                 ],
                                                 [
                                                     -4.346654919847939,
                                                     53.09666248528584
                                                 ],
                                                 [
                                                     -4.346705422837445,
                                                     53.096749727831671
                                                 ],
                                                 [
                                                     -4.346778158728455,
                                                     53.096812939057472
                                                 ],
                                                 [
                                                     -4.346896191240871,
                                                     53.096874896950297
                                                 ],
                                                 [
                                                     -4.346952983454912,
                                                     53.096916052722179
                                                 ],
                                                 [
                                                     -4.347013338515825,
                                                     53.096993282465803
                                                 ],
                                                 [
                                                     -4.347043747576371,
                                                     53.097073314836905
                                                 ],
                                                 [
                                                     -4.347039592656922,
                                                     53.097121822972682
                                                 ],
                                                 [
                                                     -4.347015531603937,
                                                     53.09717125433091
                                                 ],
                                                 [
                                                     -4.346930240110043,
                                                     53.097282646701537
                                                 ],
                                                 [
                                                     -4.34680866511067,
                                                     53.097403368304818
                                                 ],
                                                 [
                                                     -4.34682868898272,
                                                     53.097457000890657
                                                 ],
                                                 [
                                                     -4.346866339874673,
                                                     53.097509548447405
                                                 ],
                                                 [
                                                     -4.346917968049096,
                                                     53.097539522266665
                                                 ],
                                                 [
                                                     -4.346983043876369,
                                                     53.09756243346478
                                                 ],
                                                 [
                                                     -4.347016393044453,
                                                     53.097594134526545
                                                 ],
                                                 [
                                                     -4.347052822123461,
                                                     53.097651669228796
                                                 ],
                                                 [
                                                     -4.347077845507377,
                                                     53.097735656045998
                                                 ],
                                                 [
                                                     -4.347085858194576,
                                                     53.097812569805576
                                                 ],
                                                 [
                                                     -4.347079497414346,
                                                     53.098114338271664
                                                 ],
                                                 [
                                                     -4.347109108290444,
                                                     53.098193685062533
                                                 ],
                                                 [
                                                     -4.347111379151192,
                                                     53.098231268078671
                                                 ],
                                                 [
                                                     -4.347071359081512,
                                                     53.098446280015381
                                                 ],
                                                 [
                                                     -4.347103153178661,
                                                     53.098722875781668
                                                 ],
                                                 [
                                                     -4.34701072465012,
                                                     53.098752913507745
                                                 ],
                                                 [
                                                     -4.346726413638457,
                                                     53.098772179987932
                                                 ],
                                                 [
                                                     -4.346688822432685,
                                                     53.098778630905841
                                                 ],
                                                 [
                                                     -4.346682954941899,
                                                     53.098789661865737
                                                 ],
                                                 [
                                                     -4.346703942464017,
                                                     53.098877990150271
                                                 ],
                                                 [
                                                     -4.346873745225609,
                                                     53.099155360931029
                                                 ],
                                                 [
                                                     -4.346966891383379,
                                                     53.099341464550378
                                                 ],
                                                 [
                                                     -4.34700460332457,
                                                     53.099453523047217
                                                 ],
                                                 [
                                                     -4.347062190900235,
                                                     53.099692989090656
                                                 ],
                                                 [
                                                     -4.347139139826134,
                                                     53.100218260253911
                                                 ],
                                                 [
                                                     -4.347184563731457,
                                                     53.100340785036082
                                                 ],
                                                 [
                                                     -4.347254188471682,
                                                     53.100480041283049
                                                 ],
                                                 [
                                                     -4.34733206030717,
                                                     53.100603400311613
                                                 ],
                                                 [
                                                     -4.347377065952676,
                                                     53.1006367773929
                                                 ],
                                                 [
                                                     -4.347411376143918,
                                                     53.100644659912184
                                                 ],
                                                 [
                                                     -4.34744668007052,
                                                     53.10063842474618
                                                 ],
                                                 [
                                                     -4.347489627086279,
                                                     53.100577516633223
                                                 ],
                                                 [
                                                     -4.347532010110339,
                                                     53.100549859781211
                                                 ],
                                                 [
                                                     -4.347575333458499,
                                                     53.100533980698955
                                                 ],
                                                 [
                                                     -4.347654100546683,
                                                     53.10052924343649
                                                 ],
                                                 [
                                                     -4.347732639526146,
                                                     53.10055624026603
                                                 ],
                                                 [
                                                     -4.347833766507953,
                                                     53.100621363129342
                                                 ],
                                                 [
                                                     -4.347917119877335,
                                                     53.100726847162733
                                                 ],
                                                 [
                                                     -4.348024341868852,
                                                     53.100793602839879
                                                 ],
                                                 [
                                                     -4.348298545392222,
                                                     53.100942531876093
                                                 ],
                                                 [
                                                     -4.348536670319504,
                                                     53.101050831410447
                                                 ],
                                                 [
                                                     -4.348649273371627,
                                                     53.101136523485962
                                                 ],
                                                 [
                                                     -4.348818556590266,
                                                     53.1013277669582
                                                 ],
                                                 [
                                                     -4.349314773236195,
                                                     53.102034308695337
                                                 ],
                                                 [
                                                     -4.349447834006567,
                                                     53.102266897475637
                                                 ],
                                                 [
                                                     -4.349524459543851,
                                                     53.10249435189062
                                                 ],
                                                 [
                                                     -4.349672970439265,
                                                     53.103029680814231
                                                 ],
                                                 [
                                                     -4.349741496485477,
                                                     53.10321266316695
                                                 ],
                                                 [
                                                     -4.349950923843408,
                                                     53.10360996174947
                                                 ],
                                                 [
                                                     -4.350447697479617,
                                                     53.104293003124134
                                                 ],
                                                 [
                                                     -4.350579597946148,
                                                     53.104537212138624
                                                 ],
                                                 [
                                                     -4.350809912653101,
                                                     53.104773524243406
                                                 ],
                                                 [
                                                     -4.350894748467245,
                                                     53.104944225483983
                                                 ],
                                                 [
                                                     -4.350984223872821,
                                                     53.105210896045485
                                                 ],
                                                 [
                                                     -4.351033199571227,
                                                     53.105493489954902
                                                 ],
                                                 [
                                                     -4.351151788189332,
                                                     53.105819429903626
                                                 ],
                                                 [
                                                     -4.351199478247414,
                                                     53.106147148569093
                                                 ],
                                                 [
                                                     -4.351174174840388,
                                                     53.106232129145575
                                                 ],
                                                 [
                                                     -4.351145373914906,
                                                     53.106270541931302
                                                 ],
                                                 [
                                                     -4.351067252761285,
                                                     53.106334942668028
                                                 ],
                                                 [
                                                     -4.351048079239329,
                                                     53.106361962243398
                                                 ],
                                                 [
                                                     -4.351048501904232,
                                                     53.106383397695062
                                                 ],
                                                 [
                                                     -4.35109759124885,
                                                     53.10641998346312
                                                 ],
                                                 [
                                                     -4.351155431970033,
                                                     53.106446640902227
                                                 ],
                                                 [
                                                     -4.351222692510223,
                                                     53.106461109010525
                                                 ],
                                                 [
                                                     -4.351296493561536,
                                                     53.106465656492261
                                                 ],
                                                 [
                                                     -4.351400032527038,
                                                     53.106460184487702
                                                 ],
                                                 [
                                                     -4.351535546922205,
                                                     53.106441070228414
                                                 ],
                                                 [
                                                     -4.351810772417511,
                                                     53.106368331304743
                                                 ],
                                                 [
                                                     -4.351858156527817,
                                                     53.106376403685893
                                                 ],
                                                 [
                                                     -4.351872132211332,
                                                     53.106415382608603
                                                 ],
                                                 [
                                                     -4.351860853931202,
                                                     53.106492875203045
                                                 ],
                                                 [
                                                     -4.351716838768097,
                                                     53.106720571890804
                                                 ],
                                                 [
                                                     -4.351522319245237,
                                                     53.106966556564529
                                                 ],
                                                 [
                                                     -4.351488057132305,
                                                     53.107040142712648
                                                 ],
                                                 [
                                                     -4.35149035249277,
                                                     53.107081924000667
                                                 ],
                                                 [
                                                     -4.351514290934532,
                                                     53.107094847600749
                                                 ],
                                                 [
                                                     -4.351709481278842,
                                                     53.107090243101183
                                                 ],
                                                 [
                                                     -4.352085048609765,
                                                     53.107023710950322
                                                 ],
                                                 [
                                                     -4.352168774163887,
                                                     53.107084408998205
                                                 ],
                                                 [
                                                     -4.352208680223017,
                                                     53.107130364802003
                                                 ],
                                                 [
                                                     -4.352260720005623,
                                                     53.107236006460916
                                                 ],
                                                 [
                                                     -4.352267587801117,
                                                     53.107301316989613
                                                 ],
                                                 [
                                                     -4.35223885640586,
                                                     53.107365353336327
                                                 ],
                                                 [
                                                     -4.352175881580758,
                                                     53.107419016635255
                                                 ],
                                                 [
                                                     -4.352090199634553,
                                                     53.107465899976852
                                                 ],
                                                 [
                                                     -4.351767327017018,
                                                     53.107617309535115
                                                 ],
                                                 [
                                                     -4.351126551949057,
                                                     53.107838568264192
                                                 ],
                                                 [
                                                     -4.350913770495012,
                                                     53.107944993063285
                                                 ],
                                                 [
                                                     -4.3507203297075,
                                                     53.108069359205956
                                                 ],
                                                 [
                                                     -4.350612863048976,
                                                     53.108165304805766
                                                 ],
                                                 [
                                                     -4.350518244352709,
                                                     53.108277935715719
                                                 ],
                                                 [
                                                     -4.350453102672931,
                                                     53.108445306479943
                                                 ],
                                                 [
                                                     -4.350440853913996,
                                                     53.108888468480309
                                                 ],
                                                 [
                                                     -4.350383017730565,
                                                     53.109042423975602
                                                 ],
                                                 [
                                                     -4.350374329712476,
                                                     53.109118156888115
                                                 ],
                                                 [
                                                     -4.350583502000919,
                                                     53.109470135186449
                                                 ],
                                                 [
                                                     -4.350636944971224,
                                                     53.109583985642935
                                                 ],
                                                 [
                                                     -4.350653483878655,
                                                     53.109689655042125
                                                 ],
                                                 [
                                                     -4.35064632060048,
                                                     53.109796062478317
                                                 ],
                                                 [
                                                     -4.350611080330636,
                                                     53.109979395116149
                                                 ],
                                                 [
                                                     -4.350316953488645,
                                                     53.110675093581897
                                                 ],
                                                 [
                                                     -4.350173959292357,
                                                     53.11107472279992
                                                 ],
                                                 [
                                                     -4.350066837298361,
                                                     53.111308063048845
                                                 ],
                                                 [
                                                     -4.349589337582294,
                                                     53.112016723125421
                                                 ],
                                                 [
                                                     -4.34949084295067,
                                                     53.112313819139267
                                                 ],
                                                 [
                                                     -4.349474977750291,
                                                     53.112711404294629
                                                 ],
                                                 [
                                                     -4.349487903208553,
                                                     53.112839613915106
                                                 ],
                                                 [
                                                     -4.349493168859104,
                                                     53.113371189734025
                                                 ],
                                                 [
                                                     -4.349436186848436,
                                                     53.113739862184154
                                                 ],
                                                 [
                                                     -4.349344416884012,
                                                     53.113905815848938
                                                 ],
                                                 [
                                                     -4.348853214880869,
                                                     53.114468610597207
                                                 ],
                                                 [
                                                     -4.348190575991523,
                                                     53.115139838761962
                                                 ],
                                                 [
                                                     -4.34793188640455,
                                                     53.115496756604024
                                                 ],
                                                 [
                                                     -4.347586277629609,
                                                     53.115946046060486
                                                 ],
                                                 [
                                                     -4.346653420062809,
                                                     53.117112035529239
                                                 ],
                                                 [
                                                     -4.346208156389904,
                                                     53.117622879017723
                                                 ],
                                                 [
                                                     -4.345689562274057,
                                                     53.118174304612516
                                                 ],
                                                 [
                                                     -4.345327991632034,
                                                     53.1185233992543
                                                 ],
                                                 [
                                                     -4.344772388976544,
                                                     53.119030945291833
                                                 ],
                                                 [
                                                     -4.344242692137574,
                                                     53.119455098377621
                                                 ],
                                                 [
                                                     -4.343482734261396,
                                                     53.120037648718352
                                                 ],
                                                 [
                                                     -4.341770297261342,
                                                     53.121269730573808
                                                 ],
                                                 [
                                                     -4.341501116293072,
                                                     53.121430933254587
                                                 ],
                                                 [
                                                     -4.341156038617836,
                                                     53.121608913473864
                                                 ],
                                                 [
                                                     -4.340366357284203,
                                                     53.121903971832602
                                                 ],
                                                 [
                                                     -4.339654706629405,
                                                     53.122179643281548
                                                 ],
                                                 [
                                                     -4.339223306301341,
                                                     53.122336801431466
                                                 ],
                                                 [
                                                     -4.338521671431099,
                                                     53.122615245100974
                                                 ],
                                                 [
                                                     -4.33818125026641,
                                                     53.122740374353796
                                                 ],
                                                 [
                                                     -4.33782812237669,
                                                     53.122860816170984
                                                 ],
                                                 [
                                                     -4.337190775819409,
                                                     53.123048779341381
                                                 ],
                                                 [
                                                     -4.336799356345895,
                                                     53.123148958047025
                                                 ],
                                                 [
                                                     -4.336367020387079,
                                                     53.123245164594273
                                                 ],
                                                 [
                                                     -4.336010027693173,
                                                     53.123311892263182
                                                 ],
                                                 [
                                                     -4.335655290904368,
                                                     53.123363190859152
                                                 ],
                                                 [
                                                     -4.335405758749608,
                                                     53.123399278661822
                                                 ],
                                                 [
                                                     -4.334971567457192,
                                                     53.123450624124274
                                                 ],
                                                 [
                                                     -4.334613935913673,
                                                     53.123492131184399
                                                 ],
                                                 [
                                                     -4.334305065493383,
                                                     53.123520794413643
                                                 ],
                                                 [
                                                     -4.333785078196082,
                                                     53.123558344987494
                                                 ],
                                                 [
                                                     -4.333616903221232,
                                                     53.123569717293897
                                                 ],
                                                 [
                                                     -4.333388908699786,
                                                     53.123581579110841
                                                 ],
                                                 [
                                                     -4.332943966972639,
                                                     53.123580790995064
                                                 ],
                                                 [
                                                     -4.332643032666716,
                                                     53.123573608786053
                                                 ],
                                                 [
                                                     -4.332341761439088,
                                                     53.123560480340288
                                                 ],
                                                 [
                                                     -4.332101993383629,
                                                     53.123550902013157
                                                 ],
                                                 [
                                                     -4.331946056649672,
                                                     53.123550082979961
                                                 ],
                                                 [
                                                     -4.331907752663725,
                                                     53.123549880593941
                                                 ],
                                                 [
                                                     -4.331736451255307,
                                                     53.123555692096964
                                                 ],
                                                 [
                                                     -4.331257140872629,
                                                     53.123613851178263
                                                 ],
                                                 [
                                                     -4.331001675803565,
                                                     53.123650045932166
                                                 ],
                                                 [
                                                     -4.330995562124811,
                                                     53.123650588277272
                                                 ],
                                                 [
                                                     -4.330138745679317,
                                                     53.123698838686721
                                                 ],
                                                 [
                                                     -4.329546793797595,
                                                     53.123669969387265
                                                 ],
                                                 [
                                                     -4.329510360142571,
                                                     53.123666214110294
                                                 ],
                                                 [
                                                     -4.329199569307197,
                                                     53.123651996336434
                                                 ],
                                                 [
                                                     -4.329141357817223,
                                                     53.123649332575731
                                                 ],
                                                 [
                                                     -4.328988116439079,
                                                     53.123630924351794
                                                 ],
                                                 [
                                                     -4.328834281694387,
                                                     53.123601819202527
                                                 ],
                                                 [
                                                     -4.328707728596873,
                                                     53.123565050039808
                                                 ],
                                                 [
                                                     -4.328608377129088,
                                                     53.123519413715663
                                                 ],
                                                 [
                                                     -4.328530028396315,
                                                     53.12346028432956
                                                 ],
                                                 [
                                                     -4.328486938627225,
                                                     53.12339452184213
                                                 ],
                                                 [
                                                     -4.328488309992428,
                                                     53.123346914364667
                                                 ],
                                                 [
                                                     -4.328507264826101,
                                                     53.123258521051461
                                                 ],
                                                 [
                                                     -4.32853647484727,
                                                     53.123177074934418
                                                 ],
                                                 [
                                                     -4.328585565646158,
                                                     53.123097604398097
                                                 ],
                                                 [
                                                     -4.328681596494271,
                                                     53.123008898489822
                                                 ],
                                                 [
                                                     -4.328798101715002,
                                                     53.122932873769898
                                                 ],
                                                 [
                                                     -4.328889268538653,
                                                     53.122900160252925
                                                 ],
                                                 [
                                                     -4.328976627309506,
                                                     53.12288381298653
                                                 ],
                                                 [
                                                     -4.329002802274729,
                                                     53.122878913029773
                                                 ],
                                                 [
                                                     -4.329085241579388,
                                                     53.122867777881048
                                                 ],
                                                 [
                                                     -4.329120148313087,
                                                     53.122855199454776
                                                 ],
                                                 [
                                                     -4.329140794461628,
                                                     53.122834574445008
                                                 ],
                                                 [
                                                     -4.329149120994406,
                                                     53.122805864865903
                                                 ],
                                                 [
                                                     -4.329177522124983,
                                                     53.122782714412075
                                                 ],
                                                 [
                                                     -4.32921244369315,
                                                     53.122770135667366
                                                 ],
                                                 [
                                                     -4.329290797897983,
                                                     53.122756706701132
                                                 ],
                                                 [
                                                     -4.329345279489752,
                                                     53.122740175568296
                                                 ],
                                                 [
                                                     -4.329358205239492,
                                                     53.122723271101847
                                                 ],
                                                 [
                                                     -4.329355833711078,
                                                     53.122716178630881
                                                 ],
                                                 [
                                                     -4.329341622842263,
                                                     53.122709326918624
                                                 ],
                                                 [
                                                     -4.329307786809401,
                                                     53.122705224030305
                                                 ],
                                                 [
                                                     -4.329248971133367,
                                                     53.122677828781853
                                                 ],
                                                 [
                                                     -4.329214171712357,
                                                     53.12265591546732
                                                 ],
                                                 [
                                                     -4.329196768680299,
                                                     53.12262652271685
                                                 ],
                                                 [
                                                     -4.329199296036231,
                                                     53.122600300288475
                                                 ],
                                                 [
                                                     -4.329216413748631,
                                                     53.122551197737849
                                                 ],
                                                 [
                                                     -4.329245043493074,
                                                     53.122499397294078
                                                 ],
                                                 [
                                                     -4.329261720780774,
                                                     53.122469508247114
                                                 ],
                                                 [
                                                     -4.329276172366499,
                                                     53.122447655813367
                                                 ],
                                                 [
                                                     -4.329287070248316,
                                                     53.122435538326293
                                                 ],
                                                 [
                                                     -4.329298912698815,
                                                     53.122425686075125
                                                 ],
                                                 [
                                                     -4.329340315051764,
                                                     53.122396427893406
                                                 ],
                                                 [
                                                     -4.329352560729365,
                                                     53.12238684646573
                                                 ],
                                                 [
                                                     -4.329353497726498,
                                                     53.122384274663638
                                                 ],
                                                 [
                                                     -4.329351269863399,
                                                     53.122378456109608
                                                 ],
                                                 [
                                                     -4.329344956795335,
                                                     53.122372546698024
                                                 ],
                                                 [
                                                     -4.329336884067257,
                                                     53.122368092319817
                                                 ],
                                                 [
                                                     -4.32931562778879,
                                                     53.122364723198174
                                                 ],
                                                 [
                                                     -4.32928124276926,
                                                     53.122364281419102
                                                 ],
                                                 [
                                                     -4.329240451938436,
                                                     53.12236450448875
                                                 ],
                                                 [
                                                     -4.329200007302199,
                                                     53.122368640867009
                                                 ],
                                                 [
                                                     -4.329137639399908,
                                                     53.122377800795796
                                                 ],
                                                 [
                                                     -4.329061615834243,
                                                     53.12239202920707
                                                 ],
                                                 [
                                                     -4.328944024645774,
                                                     53.122417267022577
                                                 ],
                                                 [
                                                     -4.328882260455898,
                                                     53.122429301128008
                                                 ],
                                                 [
                                                     -4.328845779802398,
                                                     53.122434052112034
                                                 ],
                                                 [
                                                     -4.328830122049669,
                                                     53.122436093836164
                                                 ],
                                                 [
                                                     -4.328814553109425,
                                                     53.122436461484199
                                                 ],
                                                 [
                                                     -4.328798442892813,
                                                     53.122435940618537
                                                 ],
                                                 [
                                                     -4.328751162254993,
                                                     53.12243030249379
                                                 ],
                                                 [
                                                     -4.328705659574836,
                                                     53.122419954207118
                                                 ],
                                                 [
                                                     -4.328670734874478,
                                                     53.122409533753839
                                                 ],
                                                 [
                                                     -4.328591421233154,
                                                     53.122366796005586
                                                 ],
                                                 [
                                                     -4.328479400932644,
                                                     53.122271731952296
                                                 ],
                                                 [
                                                     -4.328373090600435,
                                                     53.122207350417995
                                                 ],
                                                 [
                                                     -4.328246785300464,
                                                     53.122138316052208
                                                 ],
                                                 [
                                                     -4.327993010091311,
                                                     53.122016004052547
                                                 ],
                                                 [
                                                     -4.327729496629842,
                                                     53.121896273647344
                                                 ],
                                                 [
                                                     -4.327653905744977,
                                                     53.121854352573955
                                                 ],
                                                 [
                                                     -4.327581072963953,
                                                     53.12181064222829
                                                 ],
                                                 [
                                                     -4.327488794093182,
                                                     53.121759436057324
                                                 ],
                                                 [
                                                     -4.327370414180156,
                                                     53.121701763290304
                                                 ],
                                                 [
                                                     -4.327300292474064,
                                                     53.121673913909
                                                 ],
                                                 [
                                                     -4.327201207709522,
                                                     53.12164720638377
                                                 ],
                                                 [
                                                     -4.327085810826114,
                                                     53.121619828782812
                                                 ],
                                                 [
                                                     -4.327016879231046,
                                                     53.121598231714763
                                                 ],
                                                 [
                                                     -4.326882313317237,
                                                     53.121551331604969
                                                 ],
                                                 [
                                                     -4.326808031778144,
                                                     53.121528912960351
                                                 ],
                                                 [
                                                     -4.326729206903899,
                                                     53.121509262444604
                                                 ],
                                                 [
                                                     -4.326649003139057,
                                                     53.121491751736272
                                                 ],
                                                 [
                                                     -4.326532002165917,
                                                     53.121470078322091
                                                 ],
                                                 [
                                                     -4.326383722207004,
                                                     53.121448449909295
                                                 ],
                                                 [
                                                     -4.326308718987125,
                                                     53.121440053121233
                                                 ],
                                                 [
                                                     -4.326233258968337,
                                                     53.121433436453309
                                                 ],
                                                 [
                                                     -4.326156075030877,
                                                     53.121428660640341
                                                 ],
                                                 [
                                                     -4.325853555877091,
                                                     53.121428631262738
                                                 ],
                                                 [
                                                     -4.325591949561008,
                                                     53.121420968295602
                                                 ],
                                                 [
                                                     -4.325483511268327,
                                                     53.121422781947771
                                                 ],
                                                 [
                                                     -4.325098621122399,
                                                     53.121471932096796
                                                 ],
                                                 [
                                                     -4.325083982544335,
                                                     53.12147374662009
                                                 ],
                                                 [
                                                     -4.325011268118537,
                                                     53.121484760917575
                                                 ],
                                                 [
                                                     -4.324967526563766,
                                                     53.121489832413303
                                                 ],
                                                 [
                                                     -4.324938109340703,
                                                     53.121491144472287
                                                 ],
                                                 [
                                                     -4.324921698101089,
                                                     53.121490853742728
                                                 ],
                                                 [
                                                     -4.324904015457706,
                                                     53.121489436998765
                                                 ],
                                                 [
                                                     -4.324868073566154,
                                                     53.121483674696712
                                                 ],
                                                 [
                                                     -4.324751981511514,
                                                     53.121511486483186
                                                 ],
                                                 [
                                                     -4.324627257889595,
                                                     53.121554382932608
                                                 ],
                                                 [
                                                     -4.324568749718349,
                                                     53.121578003583949
                                                 ],
                                                 [
                                                     -4.32451722168645,
                                                     53.121592496798364
                                                 ],
                                                 [
                                                     -4.324457986156863,
                                                     53.121602645034528
                                                 ],
                                                 [
                                                     -4.324390800733601,
                                                     53.1216039574932
                                                 ],
                                                 [
                                                     -4.324361425353674,
                                                     53.121613522371412
                                                 ],
                                                 [
                                                     -4.324354445113085,
                                                     53.12162264977141
                                                 ],
                                                 [
                                                     -4.324348903561869,
                                                     53.121627972828058
                                                 ],
                                                 [
                                                     -4.324376464771241,
                                                     53.121645713233967
                                                 ],
                                                 [
                                                     -4.324399943294449,
                                                     53.121663407512912
                                                 ],
                                                 [
                                                     -4.324410969460414,
                                                     53.1216727496018
                                                 ],
                                                 [
                                                     -4.324440491720729,
                                                     53.121702176008384
                                                 ],
                                                 [
                                                     -4.324448617594601,
                                                     53.121712887443721
                                                 ],
                                                 [
                                                     -4.324464193805466,
                                                     53.12173342440493
                                                 ],
                                                 [
                                                     -4.324476453514031,
                                                     53.121755096087441
                                                 ],
                                                 [
                                                     -4.324484150483096,
                                                     53.121773089655285
                                                 ],
                                                 [
                                                     -4.324490929275943,
                                                     53.121793178091181
                                                 ],
                                                 [
                                                     -4.324496979480333,
                                                     53.121820257811542
                                                 ],
                                                 [
                                                     -4.324497273332054,
                                                     53.121847297136753
                                                 ],
                                                 [
                                                     -4.324491681138331,
                                                     53.121868571304269
                                                 ],
                                                 [
                                                     -4.324471929782146,
                                                     53.121899436797861
                                                 ],
                                                 [
                                                     -4.324453082530667,
                                                     53.121918533329456
                                                 ],
                                                 [
                                                     -4.324417618311562,
                                                     53.121947098360607
                                                 ],
                                                 [
                                                     -4.324297336252089,
                                                     53.121998655969954
                                                 ],
                                                 [
                                                     -4.324007766941867,
                                                     53.122046453010569
                                                 ],
                                                 [
                                                     -4.323746841124976,
                                                     53.122087189437941
                                                 ],
                                                 [
                                                     -4.323481101086388,
                                                     53.122116825445666
                                                 ],
                                                 [
                                                     -4.323213936341014,
                                                     53.12215330388387
                                                 ],
                                                 [
                                                     -4.323051468897853,
                                                     53.122182316138229
                                                 ],
                                                 [
                                                     -4.322798332274775,
                                                     53.122234209129992
                                                 ],
                                                 [
                                                     -4.322335347926093,
                                                     53.122360291552589
                                                 ],
                                                 [
                                                     -4.321952478773813,
                                                     53.122476240352903
                                                 ],
                                                 [
                                                     -4.321661567501294,
                                                     53.12256855447113
                                                 ],
                                                 [
                                                     -4.32146532713447,
                                                     53.122638467380256
                                                 ],
                                                 [
                                                     -4.321115268299673,
                                                     53.122790888321425
                                                 ],
                                                 [
                                                     -4.320736695398258,
                                                     53.122986679658993
                                                 ],
                                                 [
                                                     -4.319970089264408,
                                                     53.12343422344923
                                                 ],
                                                 [
                                                     -4.318850077964971,
                                                     53.124024018643603
                                                 ],
                                                 [
                                                     -4.318740756458534,
                                                     53.124078665617667
                                                 ],
                                                 [
                                                     -4.318542191158042,
                                                     53.124181669928902
                                                 ],
                                                 [
                                                     -4.318450014317233,
                                                     53.124234957587454
                                                 ],
                                                 [
                                                     -4.318361105647023,
                                                     53.124290096587181
                                                 ],
                                                 [
                                                     -4.318319241590896,
                                                     53.124319000213823
                                                 ],
                                                 [
                                                     -4.31827460965623,
                                                     53.124353406315663
                                                 ],
                                                 [
                                                     -4.318197721975862,
                                                     53.124421671660421
                                                 ],
                                                 [
                                                     -4.318152534917748,
                                                     53.124469368282142
                                                 ],
                                                 [
                                                     -4.318119967708695,
                                                     53.124511046793785
                                                 ],
                                                 [
                                                     -4.318103122023102,
                                                     53.124536576827573
                                                 ],
                                                 [
                                                     -4.318074663033331,
                                                     53.124588766727229
                                                 ],
                                                 [
                                                     -4.318063089692946,
                                                     53.124615335905595
                                                 ],
                                                 [
                                                     -4.318045273593776,
                                                     53.124669206581331
                                                 ],
                                                 [
                                                     -4.318034668934708,
                                                     53.124723763946221
                                                 ],
                                                 [
                                                     -4.3180321094113,
                                                     53.124751182504134
                                                 ],
                                                 [
                                                     -4.318032844895864,
                                                     53.124810652834618
                                                 ],
                                                 [
                                                     -4.317879420160391,
                                                     53.124889885456149
                                                 ],
                                                 [
                                                     -4.317552804918347,
                                                     53.125064379446641
                                                 ],
                                                 [
                                                     -4.3174369436521,
                                                     53.125122290417387
                                                 ],
                                                 [
                                                     -4.31729452600545,
                                                     53.125193510874375
                                                 ],
                                                 [
                                                     -4.31709746200533,
                                                     53.124440791954569
                                                 ],
                                                 [
                                                     -4.317113236225437,
                                                     53.124179729646833
                                                 ],
                                                 [
                                                     -4.317157999875954,
                                                     53.123788668838706
                                                 ],
                                                 [
                                                     -4.317229619242519,
                                                     53.12342494910402
                                                 ],
                                                 [
                                                     -4.317267280158719,
                                                     53.123236267177376
                                                 ],
                                                 [
                                                     -4.317299099775946,
                                                     53.123106213519804
                                                 ],
                                                 [
                                                     -4.317295343705371,
                                                     53.122951685881795
                                                 ],
                                                 [
                                                     -4.3172164575498,
                                                     53.122708645396003
                                                 ],
                                                 [
                                                     -4.317111971409274,
                                                     53.122461610554474
                                                 ],
                                                 [
                                                     -4.317038144223401,
                                                     53.122310243797919
                                                 ],
                                                 [
                                                     -4.316987891825639,
                                                     53.1222374275386
                                                 ],
                                                 [
                                                     -4.316824043073436,
                                                     53.121997840280564
                                                 ]
                                             ]
                                         ]
                                     ]
                 }
}